entry_time,exit_time,side,entry_price,exit_price,sl,initial_tp,pnl_usd,equity,exit_type,gate,fgi,regime,bcd_conf,notional,leverage,entry_to_sl_pct,entry_to_tp_pct,actual_move_pct
2026-01-01T00:00:00+00:00,2026-01-01T04:00:00+00:00,SHORT,87824.6,87603.7,88995.3,87201.05,25.73,10025.73,TIME_EXIT,ACTIVE,20.0,neutral,1.0,15000.0,15.0,1.333,0.71,0.2515
2026-01-01T04:00:00+00:00,2026-01-01T08:00:00+00:00,SHORT,87603.7,87980.1,88771.46,86981.71,-76.45,9949.28,TIME_EXIT,ACTIVE,20.0,neutral,1.0,15000.0,15.0,1.333,0.71,-0.4297
2026-01-01T20:00:00+00:00,2026-01-02T00:00:00+00:00,LONG,88800.0,88899.3,87616.3,89430.48,4.77,9954.05,TIME_EXIT,ACTIVE,20.0,bull,1.0,15000.0,15.0,1.333,0.71,0.1118
2026-01-02T00:00:00+00:00,2026-01-02T04:00:00+00:00,LONG,88899.3,88829.3,87714.27,89530.49,-23.81,9930.24,TIME_EXIT,ACTIVE,28.0,bull,1.0,15000.0,15.0,1.333,0.71,-0.0787
2026-01-02T04:00:00+00:00,2026-01-02T08:00:00+00:00,LONG,88829.3,89459.99,87645.21,89459.99,94.5,10024.74,TP,ACTIVE,28.0,bull,1.0,15000.0,15.0,1.333,0.71,0.71
2026-01-02T08:00:00+00:00,2026-01-02T12:00:00+00:00,LONG,89458.3,90093.45,88265.82,90093.45,94.5,10119.24,TP,ACTIVE,28.0,bull,1.0,15000.0,15.0,1.333,0.71,0.71
2026-01-02T12:00:00+00:00,2026-01-02T16:00:00+00:00,LONG,89373.1,90007.65,88181.76,90007.65,94.5,10213.74,TP,ACTIVE,28.0,bull,1.0,15000.0,15.0,1.333,0.71,0.71
2026-01-02T16:00:00+00:00,2026-01-02T20:00:00+00:00,LONG,89865.0,89951.4,88667.1,90503.04,2.42,10216.16,TIME_EXIT,ACTIVE,28.0,bull,1.0,15000.0,15.0,1.333,0.71,0.0961
2026-01-03T00:00:00+00:00,2026-01-03T04:00:00+00:00,LONG,90279.9,89535.9,89076.47,90920.89,-135.62,10080.54,TIME_EXIT,ACTIVE,29.0,bull,1.0,15000.0,15.0,1.333,0.71,-0.8241
2026-01-03T04:00:00+00:00,2026-01-03T08:00:00+00:00,LONG,89535.9,89706.4,88342.39,90171.6,16.56,10097.1,TIME_EXIT,ACTIVE,29.0,bull,1.0,15000.0,15.0,1.333,0.71,0.1904
2026-01-03T08:00:00+00:00,2026-01-03T12:00:00+00:00,LONG,89706.4,89931.8,88510.61,90343.32,25.69,10122.79,TIME_EXIT,ACTIVE,29.0,bull,1.0,15000.0,15.0,1.333,0.71,0.2513
2026-01-03T12:00:00+00:00,2026-01-03T16:00:00+00:00,LONG,89931.8,90091.8,88733.01,90570.32,14.69,10137.48,TIME_EXIT,ACTIVE,29.0,bull,1.0,15000.0,15.0,1.333,0.71,0.1779
2026-01-03T16:00:00+00:00,2026-01-03T20:00:00+00:00,LONG,90091.8,90595.8,88890.88,90731.45,71.91,10209.39,TIME_EXIT,ACTIVE,29.0,bull,1.0,15000.0,15.0,1.333,0.71,0.5594
2026-01-03T20:00:00+00:00,2026-01-04T00:00:00+00:00,LONG,90595.8,91239.03,89388.16,91239.03,94.5,10303.89,TP,ACTIVE,29.0,bull,1.0,15000.0,15.0,1.333,0.71,0.71
2026-01-04T00:00:00+00:00,2026-01-04T04:00:00+00:00,LONG,91192.7,91477.5,89977.1,91840.17,34.85,10338.74,TIME_EXIT,ACTIVE,25.0,bull,1.0,15000.0,15.0,1.333,0.71,0.3123
2026-01-04T04:00:00+00:00,2026-01-04T08:00:00+00:00,LONG,91477.5,91262.7,90258.1,92126.99,-47.22,10291.52,TIME_EXIT,ACTIVE,25.0,bull,1.0,15000.0,15.0,1.333,0.71,-0.2348
2026-01-04T08:00:00+00:00,2026-01-04T12:00:00+00:00,LONG,91262.7,91292.8,90046.17,91910.67,-7.05,10284.47,TIME_EXIT,ACTIVE,25.0,bull,1.0,15000.0,15.0,1.333,0.71,0.033
2026-01-04T12:00:00+00:00,2026-01-04T16:00:00+00:00,LONG,91292.8,91102.9,90075.87,91940.98,-43.2,10241.27,TIME_EXIT,ACTIVE,25.0,bull,1.0,15000.0,15.0,1.333,0.71,-0.208
2026-01-04T16:00:00+00:00,2026-01-04T20:00:00+00:00,LONG,91102.9,91497.1,89888.5,91749.73,52.9,10294.17,TIME_EXIT,ACTIVE,25.0,bull,1.0,15000.0,15.0,1.333,0.71,0.4327
2026-01-04T20:00:00+00:00,2026-01-05T00:00:00+00:00,LONG,91497.1,92835.2,90277.44,92146.73,207.37,10501.54,TRAIL_TP,ACTIVE,25.0,bull,1.0,15000.0,15.0,1.333,0.71,1.4625
2026-01-05T00:00:00+00:00,2026-01-05T04:00:00+00:00,LONG,92835.2,92492.1,91597.71,93494.33,-67.44,10434.1,TIME_EXIT,ACTIVE,26.0,bull,1.0,15000.0,15.0,1.333,0.71,-0.3696
2026-01-05T04:00:00+00:00,2026-01-05T08:00:00+00:00,LONG,92492.1,93093.3,91259.18,93148.79,85.5,10519.6,TIME_EXIT,ACTIVE,26.0,bull,1.0,15000.0,15.0,1.333,0.71,0.65
2026-01-05T08:00:00+00:00,2026-01-05T12:00:00+00:00,LONG,93093.3,93899.9,91852.37,93754.26,117.97,10637.57,TRAIL_TP,ACTIVE,26.0,bull,1.0,15000.0,15.0,1.333,0.71,0.8664
2026-01-05T12:00:00+00:00,2026-01-05T16:00:00+00:00,LONG,93899.9,94248.6,92648.21,94566.59,43.7,10681.27,TIME_EXIT,ACTIVE,26.0,bull,1.0,15000.0,15.0,1.333,0.71,0.3714
2026-01-05T16:00:00+00:00,2026-01-05T20:00:00+00:00,LONG,94248.6,93822.4,92992.27,94917.77,-79.83,10601.44,TIME_EXIT,ACTIVE,26.0,bull,1.0,15000.0,15.0,1.333,0.71,-0.4522
2026-01-05T20:00:00+00:00,2026-01-06T00:00:00+00:00,LONG,93822.4,93725.8,92571.75,94488.54,-27.44,10574.0,TIME_EXIT,ACTIVE,26.0,bull,1.0,15000.0,15.0,1.333,0.71,-0.103
2026-01-06T00:00:00+00:00,2026-01-06T04:00:00+00:00,LONG,93725.8,93207.4,92476.44,94391.25,-94.97,10479.03,TIME_EXIT,ACTIVE,44.0,bull,1.0,15000.0,15.0,1.333,0.71,-0.5531
2026-01-06T04:00:00+00:00,2026-01-06T08:00:00+00:00,LONG,93207.4,93799.9,91964.95,93869.17,83.35,10562.38,TIME_EXIT,ACTIVE,44.0,bull,1.0,15000.0,15.0,1.333,0.71,0.6357
2026-01-06T08:00:00+00:00,2026-01-06T12:00:00+00:00,LONG,93799.9,93608.2,92549.55,94465.88,-42.66,10519.72,TIME_EXIT,ACTIVE,44.0,bull,1.0,15000.0,15.0,1.333,0.71,-0.2044
2026-01-06T12:00:00+00:00,2026-01-06T16:00:00+00:00,LONG,93608.2,92360.4,92360.4,94272.82,-211.95,10307.77,SL,ACTIVE,44.0,bull,1.0,15000.0,15.0,1.333,0.71,-1.333
2026-01-06T16:00:00+00:00,2026-01-06T20:00:00+00:00,LONG,92062.2,93708.0,90835.01,92715.84,256.16,10563.93,TRAIL_TP,ACTIVE,44.0,bull,1.0,15000.0,15.0,1.333,0.71,1.7877
2026-01-06T20:00:00+00:00,2026-01-07T00:00:00+00:00,LONG,93708.0,92458.87,92458.87,94373.33,-211.95,10351.98,SL,ACTIVE,44.0,bull,1.0,15000.0,15.0,1.333,0.71,-1.333
2026-01-07T00:00:00+00:00,2026-01-07T04:00:00+00:00,LONG,92778.2,92848.1,91541.47,93436.93,-0.7,10351.28,TIME_EXIT,ACTIVE,42.0,bull,1.0,15000.0,15.0,1.333,0.71,0.0753
2026-01-07T04:00:00+00:00,2026-01-07T08:00:00+00:00,LONG,92848.1,91610.43,91610.43,93507.32,-211.95,10139.33,SL,ACTIVE,42.0,bull,1.0,15000.0,15.0,1.333,0.71,-1.333
2026-01-07T08:00:00+00:00,2026-01-07T12:00:00+00:00,LONG,92041.9,91303.1,90814.98,92695.4,-132.4,10006.93,TIME_EXIT,ACTIVE,42.0,bull,1.0,15000.0,15.0,1.333,0.71,-0.8027
2026-01-07T12:00:00+00:00,2026-01-07T16:00:00+00:00,LONG,91303.1,91143.6,90086.03,91951.35,-38.2,9968.73,TIME_EXIT,ACTIVE,42.0,bull,1.0,15000.0,15.0,1.333,0.71,-0.1747
2026-01-07T16:00:00+00:00,2026-01-07T20:00:00+00:00,LONG,91143.6,91328.0,89928.66,91790.72,18.35,9987.08,TIME_EXIT,ACTIVE,42.0,bull,1.0,15000.0,15.0,1.333,0.71,0.2023
2026-01-07T20:00:00+00:00,2026-01-08T00:00:00+00:00,LONG,91328.0,90780.1,90110.6,91976.43,-101.99,9885.09,TIME_EXIT,ACTIVE,42.0,bull,1.0,15000.0,15.0,1.333,0.71,-0.5999
2026-01-08T00:00:00+00:00,2026-01-08T04:00:00+00:00,LONG,90780.1,90509.9,89570.0,91424.64,-56.65,9828.44,TIME_EXIT,ACTIVE,28.0,bull,1.0,15000.0,15.0,1.333,0.71,-0.2976
2026-01-08T04:00:00+00:00,2026-01-08T08:00:00+00:00,LONG,90509.9,90192.3,89303.4,91152.52,-64.64,9763.8,TIME_EXIT,ACTIVE,28.0,bull,1.0,15000.0,15.0,1.333,0.71,-0.3509
2026-01-08T08:00:00+00:00,2026-01-08T12:00:00+00:00,LONG,90192.3,90730.0,88990.04,90832.67,77.43,9841.23,TIME_EXIT,ACTIVE,28.0,bull,1.0,15000.0,15.0,1.333,0.71,0.5962
2026-01-08T12:00:00+00:00,2026-01-08T16:00:00+00:00,LONG,90730.0,91374.18,89520.57,91374.18,94.5,9935.73,TP,ACTIVE,28.0,bull,1.0,15000.0,15.0,1.333,0.71,0.71
2026-01-08T16:00:00+00:00,2026-01-08T20:00:00+00:00,LONG,90890.9,91059.8,89679.32,91536.23,15.87,9951.6,TIME_EXIT,ACTIVE,28.0,bull,1.0,15000.0,15.0,1.333,0.71,0.1858
2026-01-08T20:00:00+00:00,2026-01-09T00:00:00+00:00,LONG,91059.8,91190.1,89845.97,91706.32,9.46,9961.06,TIME_EXIT,ACTIVE,28.0,bull,1.0,15000.0,15.0,1.333,0.71,0.1431
2026-01-09T00:00:00+00:00,2026-01-09T04:00:00+00:00,LONG,91190.1,90712.1,89974.54,91837.55,-90.63,9870.43,TIME_EXIT,ACTIVE,27.0,bull,1.0,15000.0,15.0,1.333,0.71,-0.5242
2026-01-09T04:00:00+00:00,2026-01-09T08:00:00+00:00,LONG,90712.1,90398.1,89502.91,91356.16,-63.92,9806.51,TIME_EXIT,ACTIVE,27.0,bull,1.0,15000.0,15.0,1.333,0.71,-0.3462
2026-01-09T08:00:00+00:00,2026-01-09T12:00:00+00:00,LONG,90398.1,91137.7,89193.09,91039.93,110.72,9917.23,TRAIL_TP,ACTIVE,27.0,bull,1.0,15000.0,15.0,1.333,0.71,0.8182
2026-01-09T12:00:00+00:00,2026-01-09T16:00:00+00:00,LONG,91137.7,90290.6,89922.83,91784.78,-151.42,9765.81,TIME_EXIT,ACTIVE,27.0,bull,1.0,15000.0,15.0,1.333,0.71,-0.9295
2026-01-09T16:00:00+00:00,2026-01-09T20:00:00+00:00,LONG,90290.6,90603.6,89087.03,90931.66,40.0,9805.81,TIME_EXIT,ACTIVE,27.0,bull,1.0,15000.0,15.0,1.333,0.71,0.3467
2026-01-09T20:00:00+00:00,2026-01-10T00:00:00+00:00,LONG,90603.6,90591.3,89395.85,91246.89,-14.04,9791.77,TIME_EXIT,ACTIVE,27.0,bull,1.0,15000.0,15.0,1.333,0.71,-0.0136
2026-01-10T00:00:00+00:00,2026-01-10T04:00:00+00:00,LONG,90591.3,90627.1,89383.72,91234.5,-6.07,9785.7,TIME_EXIT,ACTIVE,25.0,bull,1.0,15000.0,15.0,1.333,0.71,0.0395
2026-01-10T04:00:00+00:00,2026-01-10T08:00:00+00:00,LONG,90627.1,90692.8,89419.04,91270.55,-1.13,9784.57,TIME_EXIT,ACTIVE,25.0,bull,1.0,15000.0,15.0,1.333,0.71,0.0725
2026-01-10T08:00:00+00:00,2026-01-10T12:00:00+00:00,LONG,90692.8,90622.7,89483.86,91336.72,-23.59,9760.98,TIME_EXIT,ACTIVE,25.0,bull,1.0,15000.0,15.0,1.333,0.71,-0.0773
2026-01-10T12:00:00+00:00,2026-01-10T16:00:00+00:00,LONG,90622.7,90591.4,89414.7,91266.12,-17.18,9743.8,TIME_EXIT,ACTIVE,25.0,bull,1.0,15000.0,15.0,1.333,0.71,-0.0345
2026-01-10T16:00:00+00:00,2026-01-10T20:00:00+00:00,LONG,90591.4,90469.6,89383.82,91234.6,-32.17,9711.63,TIME_EXIT,ACTIVE,25.0,bull,1.0,15000.0,15.0,1.333,0.71,-0.1344
2026-01-10T20:00:00+00:00,2026-01-11T00:00:00+00:00,LONG,90469.6,90696.5,89263.64,91111.93,25.62,9737.25,TIME_EXIT,ACTIVE,25.0,bull,1.0,15000.0,15.0,1.333,0.71,0.2508
2026-01-11T00:00:00+00:00,2026-01-11T04:00:00+00:00,LONG,90696.5,90664.0,89487.52,91340.45,-17.38,9719.87,TIME_EXIT,ACTIVE,29.0,bull,1.0,15000.0,15.0,1.333,0.71,-0.0358
2026-01-11T04:00:00+00:00,2026-01-11T08:00:00+00:00,LONG,90664.0,90707.3,89455.45,91307.71,-4.84,9715.03,TIME_EXIT,ACTIVE,29.0,bull,1.0,15000.0,15.0,1.333,0.71,0.0478
2026-01-11T08:00:00+00:00,2026-01-11T12:00:00+00:00,LONG,90707.3,90834.1,89498.17,91351.32,8.97,9724.0,TIME_EXIT,ACTIVE,29.0,bull,1.0,15000.0,15.0,1.333,0.71,0.1398
2026-01-11T12:00:00+00:00,2026-01-11T16:00:00+00:00,LONG,90834.1,90644.7,89623.28,91479.02,-43.28,9680.72,TIME_EXIT,ACTIVE,29.0,bull,1.0,15000.0,15.0,1.333,0.71,-0.2085
2026-01-11T16:00:00+00:00,2026-01-11T20:00:00+00:00,LONG,90644.7,90964.4,89436.41,91288.28,40.9,9721.62,TIME_EXIT,ADVISORY,29.0,bull,1.0,15000.0,15.0,1.333,0.71,0.3527
2026-01-11T20:00:00+00:00,2026-01-12T00:00:00+00:00,LONG,90964.4,91766.2,89751.84,91610.25,120.22,9841.84,TRAIL_TP,ACTIVE,29.0,bull,1.0,15000.0,15.0,1.333,0.71,0.8814
2026-01-12T00:00:00+00:00,2026-01-12T04:00:00+00:00,LONG,91766.2,91369.2,90542.96,92417.74,-76.89,9764.95,TIME_EXIT,ACTIVE,27.0,bull,1.0,15000.0,15.0,1.333,0.71,-0.4326
2026-01-12T04:00:00+00:00,2026-01-12T08:00:00+00:00,LONG,91369.2,90573.9,90151.25,92017.92,-142.56,9622.39,TIME_EXIT,ACTIVE,27.0,bull,1.0,15000.0,15.0,1.333,0.71,-0.8704
2026-01-12T08:00:00+00:00,2026-01-12T12:00:00+00:00,LONG,90573.9,91618.7,89366.55,91216.97,161.03,9783.42,TRAIL_TP,ACTIVE,27.0,bull,1.0,15000.0,15.0,1.333,0.71,1.1535
2026-01-12T12:00:00+00:00,2026-01-12T16:00:00+00:00,LONG,91618.7,92269.19,90397.42,92269.19,94.5,9877.92,TP,ACTIVE,27.0,bull,1.0,15000.0,15.0,1.333,0.71,0.71
2026-01-12T16:00:00+00:00,2026-01-12T20:00:00+00:00,LONG,91821.9,91252.6,90597.91,92473.84,-105.0,9772.92,TIME_EXIT,ACTIVE,27.0,bull,1.0,15000.0,15.0,1.333,0.71,-0.62
2026-01-12T20:00:00+00:00,2026-01-13T00:00:00+00:00,LONG,91252.6,91380.9,90036.2,91900.49,9.09,9782.01,TIME_EXIT,ACTIVE,27.0,bull,1.0,15000.0,15.0,1.333,0.71,0.1406
2026-01-13T00:00:00+00:00,2026-01-13T04:00:00+00:00,LONG,91380.9,92029.7,90162.79,92029.7,94.5,9876.51,TP,ACTIVE,26.0,bull,1.0,15000.0,15.0,1.333,0.71,0.71
2026-01-13T04:00:00+00:00,2026-01-13T08:00:00+00:00,LONG,91908.0,92560.55,90682.87,92560.55,94.5,9971.01,TP,ACTIVE,26.0,bull,1.0,15000.0,15.0,1.333,0.71,0.71
2026-01-13T08:00:00+00:00,2026-01-13T12:00:00+00:00,LONG,91962.1,93407.9,90736.25,92615.03,223.83,10194.84,TRAIL_TP,ACTIVE,26.0,bull,1.0,15000.0,15.0,1.333,0.71,1.5722
2026-01-13T12:00:00+00:00,2026-01-13T16:00:00+00:00,LONG,93407.9,94179.5,92162.77,94071.1,111.91,10306.75,TRAIL_TP,ACTIVE,26.0,bull,1.0,15000.0,15.0,1.333,0.71,0.8261
2026-01-13T16:00:00+00:00,2026-01-13T20:00:00+00:00,LONG,94179.5,95375.2,92924.09,94848.17,178.44,10485.19,TRAIL_TP,ACTIVE,26.0,bull,1.0,15000.0,15.0,1.333,0.71,1.2696
2026-01-13T20:00:00+00:00,2026-01-14T00:00:00+00:00,LONG,95375.2,95665.7,94103.85,96052.36,33.69,10518.88,TIME_EXIT,ACTIVE,26.0,bull,1.0,15000.0,15.0,1.333,0.71,0.3046
2026-01-14T00:00:00+00:00,2026-01-14T04:00:00+00:00,LONG,95665.7,95166.6,94390.48,96344.93,-90.26,10428.62,TIME_EXIT,ACTIVE,48.0,bull,1.0,15000.0,15.0,1.333,0.71,-0.5217
2026-01-14T04:00:00+00:00,2026-01-14T08:00:00+00:00,LONG,95166.6,94763.6,93898.03,95842.28,-75.52,10353.1,TIME_EXIT,ACTIVE,48.0,bull,1.0,15000.0,15.0,1.333,0.71,-0.4235
2026-01-14T08:00:00+00:00,2026-01-14T12:00:00+00:00,SHORT,94763.6,96026.8,96026.8,94090.78,-211.95,10141.15,SL,ADVISORY,48.0,neutral,1.0,15000.0,15.0,1.333,0.71,-1.333
2026-01-14T12:00:00+00:00,2026-01-14T16:00:00+00:00,LONG,96691.9,97378.41,95403.0,97378.41,94.5,10235.65,TP,ACTIVE,48.0,bull,1.0,15000.0,15.0,1.333,0.71,0.71
2026-01-14T16:00:00+00:00,2026-01-14T20:00:00+00:00,LONG,97221.8,97912.07,95925.83,97912.07,94.5,10330.15,TP,ACTIVE,48.0,bull,1.0,15000.0,15.0,1.333,0.71,0.71
2026-01-14T20:00:00+00:00,2026-01-15T00:00:00+00:00,LONG,96907.9,95943.1,95616.12,97595.95,-161.34,10168.81,TIME_EXIT,ACTIVE,48.0,bull,1.0,15000.0,15.0,1.333,0.71,-0.9956
2026-01-15T00:00:00+00:00,2026-01-15T04:00:00+00:00,LONG,95943.1,96624.3,94664.18,96624.3,94.5,10263.31,TP,ACTIVE,61.0,bull,1.0,15000.0,15.0,1.333,0.71,0.71
2026-01-15T04:00:00+00:00,2026-01-15T08:00:00+00:00,LONG,96601.2,96548.9,95313.51,97287.07,-20.12,10243.19,TIME_EXIT,ACTIVE,61.0,bull,1.0,15000.0,15.0,1.333,0.71,-0.0541
2026-01-15T08:00:00+00:00,2026-01-15T12:00:00+00:00,LONG,96548.9,96717.3,95261.9,97234.4,14.16,10257.35,TIME_EXIT,ACTIVE,61.0,bull,1.0,15000.0,15.0,1.333,0.71,0.1744
2026-01-15T12:00:00+00:00,2026-01-15T16:00:00+00:00,LONG,96717.3,95428.06,95428.06,97403.99,-211.95,10045.4,SL,ACTIVE,61.0,bull,1.0,15000.0,15.0,1.333,0.71,-1.333
2026-01-15T16:00:00+00:00,2026-01-15T20:00:00+00:00,LONG,95469.2,95567.3,94196.6,96147.03,3.41,10048.81,TIME_EXIT,ACTIVE,61.0,bull,1.0,15000.0,15.0,1.333,0.71,0.1028
2026-01-15T20:00:00+00:00,2026-01-16T00:00:00+00:00,LONG,95567.3,95319.6,94293.39,96245.83,-50.88,9997.93,TIME_EXIT,ACTIVE,61.0,bull,1.0,15000.0,15.0,1.333,0.71,-0.2592
2026-01-16T00:00:00+00:00,2026-01-16T04:00:00+00:00,LONG,95319.6,95608.4,94048.99,95996.37,33.45,10031.38,TIME_EXIT,ACTIVE,49.0,bull,1.0,15000.0,15.0,1.333,0.71,0.303
2026-01-16T04:00:00+00:00,2026-01-16T08:00:00+00:00,LONG,95608.4,95382.6,94333.94,96287.22,-47.43,9983.95,TIME_EXIT,ACTIVE,49.0,bull,1.0,15000.0,15.0,1.333,0.71,-0.2362
2026-01-16T08:00:00+00:00,2026-01-16T12:00:00+00:00,LONG,95382.6,94537.5,94111.15,96059.82,-144.9,9839.05,TIME_EXIT,ACTIVE,49.0,bull,1.0,15000.0,15.0,1.333,0.71,-0.886
2026-01-16T12:00:00+00:00,2026-01-16T16:00:00+00:00,LONG,94537.5,94961.0,93277.32,95208.72,55.2,9894.25,TIME_EXIT,ACTIVE,49.0,bull,1.0,15000.0,15.0,1.333,0.71,0.448
2026-01-16T16:00:00+00:00,2026-01-16T20:00:00+00:00,LONG,94961.0,95503.7,93695.17,95635.22,73.72,9967.97,TIME_EXIT,ACTIVE,49.0,bull,1.0,15000.0,15.0,1.333,0.71,0.5715
2026-01-16T20:00:00+00:00,2026-01-17T00:00:00+00:00,LONG,95503.7,95324.0,94230.64,96181.78,-40.22,9927.75,TIME_EXIT,ACTIVE,49.0,bull,1.0,15000.0,15.0,1.333,0.71,-0.1882
2026-01-17T00:00:00+00:00,2026-01-17T04:00:00+00:00,LONG,95324.0,95061.1,94053.33,96000.8,-53.37,9874.38,TIME_EXIT,ACTIVE,50.0,bull,1.0,15000.0,15.0,1.333,0.71,-0.2758
2026-01-17T04:00:00+00:00,2026-01-17T08:00:00+00:00,LONG,95061.1,95283.9,93793.94,95736.03,23.16,9897.54,TIME_EXIT,ACTIVE,50.0,bull,1.0,15000.0,15.0,1.333,0.71,0.2344
2026-01-17T08:00:00+00:00,2026-01-17T12:00:00+00:00,LONG,95283.9,95529.0,94013.77,95960.42,26.58,9924.12,TIME_EXIT,ACTIVE,50.0,bull,1.0,15000.0,15.0,1.333,0.71,0.2572
2026-01-17T12:00:00+00:00,2026-01-17T16:00:00+00:00,LONG,95529.0,95258.3,94255.6,96207.26,-54.51,9869.61,TIME_EXIT,ACTIVE,50.0,bull,1.0,15000.0,15.0,1.333,0.71,-0.2834
2026-01-17T16:00:00+00:00,2026-01-17T20:00:00+00:00,LONG,95258.3,95107.9,93988.51,95934.63,-35.68,9833.93,TIME_EXIT,ACTIVE,50.0,bull,1.0,15000.0,15.0,1.333,0.71,-0.1579
2026-01-17T20:00:00+00:00,2026-01-18T00:00:00+00:00,LONG,95107.9,95155.0,93840.11,95783.17,-4.57,9829.36,TIME_EXIT,ACTIVE,50.0,bull,1.0,15000.0,15.0,1.333,0.71,0.0495
2026-01-18T00:00:00+00:00,2026-01-18T04:00:00+00:00,LONG,95155.0,94989.9,93886.58,95830.6,-38.03,9791.33,TIME_EXIT,ACTIVE,49.0,bull,1.0,15000.0,15.0,1.333,0.71,-0.1735
2026-01-18T04:00:00+00:00,2026-01-18T08:00:00+00:00,LONG,94989.9,95133.4,93723.68,95664.33,10.66,9801.99,TIME_EXIT,ACTIVE,49.0,bull,1.0,15000.0,15.0,1.333,0.71,0.1511
2026-01-18T08:00:00+00:00,2026-01-18T12:00:00+00:00,LONG,95133.4,95067.8,93865.27,95808.85,-22.34,9779.65,TIME_EXIT,ACTIVE,49.0,bull,1.0,15000.0,15.0,1.333,0.71,-0.069
2026-01-18T12:00:00+00:00,2026-01-18T16:00:00+00:00,LONG,95067.8,95335.6,93800.55,95742.78,30.25,9809.9,TIME_EXIT,ACTIVE,49.0,bull,1.0,15000.0,15.0,1.333,0.71,0.2817
2026-01-18T16:00:00+00:00,2026-01-18T20:00:00+00:00,LONG,95335.6,94064.78,94064.78,96012.48,-211.95,9597.95,SL,ACTIVE,49.0,bull,1.0,15000.0,15.0,1.333,0.71,-1.333
2026-01-18T20:00:00+00:00,2026-01-19T00:00:00+00:00,LONG,93614.0,92366.13,92366.13,94278.66,-211.95,9386.0,SL,ACTIVE,49.0,bull,1.0,15000.0,15.0,1.333,0.71,-1.333
2026-01-19T00:00:00+00:00,2026-01-19T04:00:00+00:00,LONG,92656.6,92787.9,91421.49,93314.46,9.26,9395.26,TIME_EXIT,ACTIVE,44.0,bull,1.0,15000.0,15.0,1.333,0.71,0.1417
2026-01-19T04:00:00+00:00,2026-01-19T08:00:00+00:00,LONG,92787.9,93136.7,91551.04,93446.69,44.39,9439.65,TIME_EXIT,ACTIVE,44.0,bull,1.0,15000.0,15.0,1.333,0.71,0.3759
2026-01-19T08:00:00+00:00,2026-01-19T12:00:00+00:00,LONG,93136.7,93013.5,91895.19,93797.97,-31.84,9407.81,TIME_EXIT,ACTIVE,44.0,bull,1.0,15000.0,15.0,1.333,0.71,-0.1323
2026-01-19T12:00:00+00:00,2026-01-19T16:00:00+00:00,LONG,93013.5,93066.2,91773.63,93673.9,-3.5,9404.31,TIME_EXIT,ACTIVE,44.0,bull,1.0,15000.0,15.0,1.333,0.71,0.0567
2026-01-19T16:00:00+00:00,2026-01-19T20:00:00+00:00,LONG,93066.2,92589.6,91825.63,93726.97,-88.82,9315.49,TIME_EXIT,ACTIVE,44.0,bull,1.0,15000.0,15.0,1.333,0.71,-0.5121
2026-01-19T20:00:00+00:00,2026-01-20T00:00:00+00:00,LONG,92589.6,92397.0,91355.38,93246.99,-43.2,9272.29,TIME_EXIT,ACTIVE,44.0,bull,1.0,15000.0,15.0,1.333,0.71,-0.208
2026-01-20T00:00:00+00:00,2026-01-20T04:00:00+00:00,LONG,92397.0,91165.35,91165.35,93053.02,-211.95,9060.34,SL,ACTIVE,32.0,bull,1.0,15000.0,15.0,1.333,0.71,-1.333
2026-01-20T04:00:00+00:00,2026-01-20T08:00:00+00:00,SHORT,91136.1,91185.8,92350.94,90489.03,-20.18,9040.16,TIME_EXIT,ACTIVE,32.0,neutral,1.0,15000.0,15.0,1.333,0.71,-0.0545
2026-01-20T08:00:00+00:00,2026-01-20T12:00:00+00:00,SHORT,91185.8,90538.38,92401.31,90538.38,94.5,9134.66,TP,ACTIVE,32.0,neutral,1.0,15000.0,15.0,1.333,0.71,0.71
2026-01-20T12:00:00+00:00,2026-01-20T16:00:00+00:00,SHORT,90644.2,89694.1,91852.49,90000.63,145.22,9279.88,TRAIL_TP,ACTIVE,32.0,neutral,1.0,15000.0,15.0,1.333,0.71,1.0482
2026-01-20T16:00:00+00:00,2026-01-20T20:00:00+00:00,SHORT,89694.1,88390.6,90889.72,89057.27,205.99,9485.87,TRAIL_TP,ACTIVE,32.0,neutral,1.0,15000.0,15.0,1.333,0.71,1.4533
2026-01-20T20:00:00+00:00,2026-01-21T00:00:00+00:00,SHORT,88390.6,89396.0,89568.85,87763.03,-182.62,9303.25,TIME_EXIT,ACTIVE,32.0,bear,1.0,15000.0,15.0,1.333,0.71,-1.1375
2026-01-21T00:00:00+00:00,2026-01-21T04:00:00+00:00,SHORT,89396.0,89171.3,90587.65,88761.29,25.7,9328.95,TIME_EXIT,ACTIVE,24.0,neutral,1.0,15000.0,15.0,1.333,0.71,0.2514
2026-01-21T04:00:00+00:00,2026-01-21T08:00:00+00:00,SHORT,89171.3,88757.1,90359.95,88538.18,57.67,9386.62,TIME_EXIT,ACTIVE,24.0,neutral,1.0,15000.0,15.0,1.333,0.71,0.4645
2026-01-21T08:00:00+00:00,2026-01-21T12:00:00+00:00,SHORT,88757.1,89940.23,89940.23,88126.92,-211.95,9174.67,SL,ACTIVE,24.0,neutral,1.0,15000.0,15.0,1.333,0.71,-1.333
2026-01-21T12:00:00+00:00,2026-01-21T16:00:00+00:00,SHORT,90237.1,89596.42,91439.96,89596.42,94.5,9269.17,TP,ACTIVE,24.0,neutral,1.0,15000.0,15.0,1.333,0.71,0.71
2026-01-21T16:00:00+00:00,2026-01-21T20:00:00+00:00,SHORT,90321.9,89411.4,91525.89,89680.61,139.21,9408.38,TRAIL_TP,ACTIVE,24.0,neutral,1.0,15000.0,15.0,1.333,0.71,1.0081
2026-01-21T20:00:00+00:00,2026-01-22T00:00:00+00:00,SHORT,89411.4,89857.0,90603.25,88776.58,-86.76,9321.62,TIME_EXIT,ACTIVE,24.0,bear,1.0,15000.0,15.0,1.333,0.71,-0.4984
2026-01-22T00:00:00+00:00,2026-01-22T04:00:00+00:00,SHORT,89857.0,89772.6,91054.79,89219.02,2.09,9323.71,TIME_EXIT,ACTIVE,20.0,bear,1.0,15000.0,15.0,1.333,0.71,0.0939
2026-01-22T04:00:00+00:00,2026-01-22T08:00:00+00:00,SHORT,89772.6,89909.6,90969.27,89135.21,-34.89,9288.82,TIME_EXIT,ACTIVE,20.0,bear,1.0,15000.0,15.0,1.333,0.71,-0.1526
2026-01-22T08:00:00+00:00,2026-01-22T12:00:00+00:00,SHORT,89909.6,88953.6,91108.09,89271.24,147.49,9436.31,TRAIL_TP,ACTIVE,20.0,bear,1.0,15000.0,15.0,1.333,0.71,1.0633
2026-01-22T12:00:00+00:00,2026-01-22T16:00:00+00:00,SHORT,88953.6,89732.9,90139.35,88322.03,-143.41,9292.9,TIME_EXIT,ACTIVE,20.0,bear,1.0,15000.0,15.0,1.333,0.71,-0.8761
2026-01-22T16:00:00+00:00,2026-01-22T20:00:00+00:00,SHORT,89732.9,89095.8,90929.04,89095.8,94.5,9387.4,TP,ACTIVE,20.0,bear,1.0,15000.0,15.0,1.333,0.71,0.71
2026-01-22T20:00:00+00:00,2026-01-23T00:00:00+00:00,SHORT,89518.5,89886.1,90711.78,88882.92,-73.6,9313.8,TIME_EXIT,ACTIVE,20.0,bear,1.0,15000.0,15.0,1.333,0.71,-0.4106
2026-01-23T00:00:00+00:00,2026-01-23T04:00:00+00:00,SHORT,89886.1,89497.2,91084.28,89247.91,52.9,9366.7,TIME_EXIT,ACTIVE,24.0,bear,1.0,15000.0,15.0,1.333,0.71,0.4327
2026-01-23T04:00:00+00:00,2026-01-23T08:00:00+00:00,SHORT,89497.2,88861.77,90690.2,88861.77,94.5,9461.2,TP,ACTIVE,24.0,bear,1.0,15000.0,15.0,1.333,0.71,0.71
2026-01-23T08:00:00+00:00,2026-01-23T12:00:00+00:00,SHORT,89171.2,88538.08,90359.85,88538.08,94.5,9555.7,TP,ACTIVE,24.0,bear,1.0,15000.0,15.0,1.333,0.71,0.71
2026-01-23T12:00:00+00:00,2026-01-23T16:00:00+00:00,SHORT,89711.2,90907.05,90907.05,89074.25,-211.95,9343.75,SL,ACTIVE,24.0,bear,1.0,15000.0,15.0,1.333,0.71,-1.333
2026-01-23T16:00:00+00:00,2026-01-23T20:00:00+00:00,SHORT,89938.3,89299.74,91137.18,89299.74,94.5,9438.25,TP,ACTIVE,24.0,bear,1.0,15000.0,15.0,1.333,0.71,0.71
2026-01-23T20:00:00+00:00,2026-01-24T00:00:00+00:00,SHORT,89558.7,89738.4,90752.52,88922.83,-42.1,9396.15,TIME_EXIT,ACTIVE,24.0,bear,1.0,15000.0,15.0,1.333,0.71,-0.2007
2026-01-24T00:00:00+00:00,2026-01-24T04:00:00+00:00,SHORT,89738.4,89581.2,90934.61,89101.26,14.28,9410.43,TIME_EXIT,ACTIVE,25.0,bear,1.0,15000.0,15.0,1.333,0.71,0.1752
2026-01-24T04:00:00+00:00,2026-01-24T08:00:00+00:00,SHORT,89581.2,89548.5,90775.32,88945.17,-6.52,9403.91,TIME_EXIT,ACTIVE,25.0,bear,1.0,15000.0,15.0,1.333,0.71,0.0365
2026-01-24T08:00:00+00:00,2026-01-24T12:00:00+00:00,SHORT,89548.5,89235.0,90742.18,88912.71,40.51,9444.42,TIME_EXIT,ACTIVE,25.0,bear,1.0,15000.0,15.0,1.333,0.71,0.3501
2026-01-24T12:00:00+00:00,2026-01-24T16:00:00+00:00,SHORT,89235.0,89286.0,90424.5,88601.43,-20.57,9423.85,TIME_EXIT,ACTIVE,25.0,bear,1.0,15000.0,15.0,1.333,0.71,-0.0572
2026-01-24T16:00:00+00:00,2026-01-24T20:00:00+00:00,SHORT,89286.0,89180.7,90476.18,88652.07,5.69,9429.54,TIME_EXIT,ACTIVE,25.0,bear,1.0,15000.0,15.0,1.333,0.71,0.1179
2026-01-24T20:00:00+00:00,2026-01-25T00:00:00+00:00,SHORT,89180.7,88920.0,90369.48,88547.52,31.85,9461.39,TIME_EXIT,ACTIVE,25.0,bear,1.0,15000.0,15.0,1.333,0.71,0.2923
2026-01-25T00:00:00+00:00,2026-01-25T04:00:00+00:00,SHORT,88920.0,88630.3,90105.3,88288.67,36.87,9498.26,TIME_EXIT,ACTIVE,25.0,bear,1.0,15000.0,15.0,1.333,0.71,0.3258
2026-01-25T04:00:00+00:00,2026-01-25T08:00:00+00:00,SHORT,88630.3,88531.0,89811.74,88001.02,4.81,9503.07,TIME_EXIT,ACTIVE,25.0,bear,1.0,15000.0,15.0,1.333,0.71,0.112
2026-01-25T08:00:00+00:00,2026-01-25T12:00:00+00:00,SHORT,88531.0,88406.0,89711.12,87902.43,9.18,9512.25,TIME_EXIT,ACTIVE,25.0,bear,1.0,15000.0,15.0,1.333,0.71,0.1412
2026-01-25T12:00:00+00:00,2026-01-25T16:00:00+00:00,SHORT,88406.0,86459.4,89584.45,87778.32,318.28,9830.53,TRAIL_TP,ACTIVE,25.0,bear,1.0,15000.0,15.0,1.333,0.71,2.2019
2026-01-25T16:00:00+00:00,2026-01-25T20:00:00+00:00,SHORT,86459.4,86628.9,87611.9,85845.54,-41.41,9789.12,TIME_EXIT,ACTIVE,25.0,bear,1.0,15000.0,15.0,1.333,0.71,-0.196
2026-01-25T20:00:00+00:00,2026-01-26T00:00:00+00:00,SHORT,86628.9,87783.66,87783.66,86013.83,-211.95,9577.17,SL,ACTIVE,25.0,bear,1.0,15000.0,15.0,1.333,0.71,-1.333
2026-01-26T00:00:00+00:00,2026-01-26T04:00:00+00:00,SHORT,87233.1,87968.9,88395.92,86613.74,-138.52,9438.65,TIME_EXIT,ACTIVE,20.0,bear,1.0,15000.0,15.0,1.333,0.71,-0.8435
2026-01-26T04:00:00+00:00,2026-01-26T08:00:00+00:00,SHORT,87968.9,87810.0,89141.53,87344.32,15.09,9453.74,TIME_EXIT,ACTIVE,20.0,bear,1.0,15000.0,15.0,1.333,0.71,0.1806
2026-01-26T08:00:00+00:00,2026-01-26T12:00:00+00:00,SHORT,87810.0,87609.5,88980.51,87186.55,22.25,9475.99,TIME_EXIT,ACTIVE,20.0,bear,1.0,15000.0,15.0,1.333,0.71,0.2283
2026-01-26T12:00:00+00:00,2026-01-26T16:00:00+00:00,SHORT,87609.5,86987.47,88777.33,86987.47,94.5,9570.49,TP,ACTIVE,20.0,bear,1.0,15000.0,15.0,1.333,0.71,0.71
2026-01-26T16:00:00+00:00,2026-01-26T20:00:00+00:00,SHORT,87965.6,88300.6,89138.18,87341.04,-69.12,9501.37,TIME_EXIT,ACTIVE,20.0,bear,1.0,15000.0,15.0,1.333,0.71,-0.3808
2026-01-26T20:00:00+00:00,2026-01-27T00:00:00+00:00,SHORT,88300.6,88744.6,89477.65,87673.67,-87.42,9413.95,TIME_EXIT,ACTIVE,20.0,bear,1.0,15000.0,15.0,1.333,0.71,-0.5028
2026-01-27T00:00:00+00:00,2026-01-27T04:00:00+00:00,SHORT,88744.6,88287.9,89927.57,88114.51,65.19,9479.14,TIME_EXIT,ACTIVE,29.0,bear,1.0,15000.0,15.0,1.333,0.71,0.5146
2026-01-27T04:00:00+00:00,2026-01-27T08:00:00+00:00,SHORT,88287.9,87947.5,89464.78,87661.06,45.83,9524.97,TIME_EXIT,ACTIVE,29.0,bear,1.0,15000.0,15.0,1.333,0.71,0.3856
2026-01-27T08:00:00+00:00,2026-01-27T12:00:00+00:00,SHORT,87947.5,88000.1,89119.84,87323.07,-20.97,9504.0,TIME_EXIT,ACTIVE,29.0,bear,1.0,15000.0,15.0,1.333,0.71,-0.0598
2026-01-27T12:00:00+00:00,2026-01-27T16:00:00+00:00,SHORT,88000.1,87375.3,89173.14,87375.3,94.5,9598.5,TP,ACTIVE,29.0,bear,1.0,15000.0,15.0,1.333,0.71,0.71
2026-01-27T16:00:00+00:00,2026-01-27T20:00:00+00:00,SHORT,88378.1,89197.8,89556.18,87750.62,-151.12,9447.38,TIME_EXIT,ACTIVE,29.0,bear,1.0,15000.0,15.0,1.333,0.71,-0.9275
2026-01-27T20:00:00+00:00,2026-01-28T00:00:00+00:00,SHORT,89197.8,89079.8,90386.81,88564.5,7.84,9455.22,TIME_EXIT,ACTIVE,29.0,bear,1.0,15000.0,15.0,1.333,0.71,0.1323
2026-01-28T00:00:00+00:00,2026-01-28T04:00:00+00:00,SHORT,89079.8,89106.8,90267.23,88447.33,-16.55,9438.67,TIME_EXIT,ACTIVE,29.0,bear,1.0,15000.0,15.0,1.333,0.71,-0.0303
2026-01-28T04:00:00+00:00,2026-01-28T08:00:00+00:00,SHORT,89106.8,90036.9,90294.59,88474.14,-168.57,9270.1,TIME_EXIT,ACTIVE,29.0,bear,1.0,15000.0,15.0,1.333,0.71,-1.0438
2026-01-28T08:00:00+00:00,2026-01-28T12:00:00+00:00,SHORT,90036.9,89397.64,91237.09,89397.64,94.5,9364.6,TP,ACTIVE,29.0,bear,1.0,15000.0,15.0,1.333,0.71,0.71
2026-01-28T12:00:00+00:00,2026-01-28T16:00:00+00:00,SHORT,89444.4,89363.6,90636.69,88809.34,1.55,9366.15,TIME_EXIT,ACTIVE,29.0,bear,1.0,15000.0,15.0,1.333,0.71,0.0903
2026-01-28T16:00:00+00:00,2026-01-28T20:00:00+00:00,SHORT,89363.6,89261.7,90554.82,88729.12,5.1,9371.25,TIME_EXIT,ACTIVE,29.0,bear,1.0,15000.0,15.0,1.333,0.71,0.114
2026-01-28T20:00:00+00:00,2026-01-29T00:00:00+00:00,SHORT,89261.7,88003.2,90451.56,88627.94,199.48,9570.73,TRAIL_TP,ACTIVE,29.0,bear,1.0,15000.0,15.0,1.333,0.71,1.4099
2026-01-29T00:00:00+00:00,2026-01-29T04:00:00+00:00,SHORT,88003.2,88310.9,89176.28,87378.38,-64.45,9506.28,TIME_EXIT,ACTIVE,26.0,bear,1.0,15000.0,15.0,1.333,0.71,-0.3496
2026-01-29T04:00:00+00:00,2026-01-29T08:00:00+00:00,SHORT,88310.9,87795.2,89488.08,87683.89,75.59,9581.87,TIME_EXIT,ACTIVE,26.0,bear,1.0,15000.0,15.0,1.333,0.71,0.584
2026-01-29T08:00:00+00:00,2026-01-29T12:00:00+00:00,SHORT,87795.2,84898.0,88965.51,87171.85,482.99,10064.86,TRAIL_TP,ACTIVE,26.0,bear,1.0,15000.0,15.0,1.333,0.71,3.3
2026-01-29T12:00:00+00:00,2026-01-29T16:00:00+00:00,SHORT,84898.0,83979.4,86029.69,84295.22,150.3,10215.16,TRAIL_TP,ACTIVE,26.0,bear,1.0,15000.0,15.0,1.333,0.71,1.082
2026-01-29T16:00:00+00:00,2026-01-29T20:00:00+00:00,SHORT,83979.4,84604.7,85098.85,83383.15,-123.69,10091.47,TIME_EXIT,ADVISORY,26.0,bear,1.0,15000.0,15.0,1.333,0.71,-0.7446
2026-01-29T20:00:00+00:00,2026-01-30T00:00:00+00:00,SHORT,84604.7,82640.9,85732.48,84004.01,336.17,10427.64,TRAIL_TP,ADVISORY,26.0,bear,1.0,15000.0,15.0,1.333,0.71,2.3211
2026-01-30T00:00:00+00:00,2026-01-30T04:00:00+00:00,SHORT,82640.9,82054.15,83742.5,82054.15,94.5,10522.14,TP,ADVISORY,16.0,bear,1.0,15000.0,15.0,1.333,0.71,0.71
2026-01-30T04:00:00+00:00,2026-01-30T08:00:00+00:00,SHORT,82770.1,82182.43,83873.43,82182.43,94.5,10616.64,TP,ADVISORY,16.0,bear,1.0,15000.0,15.0,1.333,0.71,0.71
2026-01-30T08:00:00+00:00,2026-01-30T12:00:00+00:00,SHORT,83104.8,82514.76,84212.59,82514.76,94.5,10711.14,TP,ADVISORY,16.0,bear,1.0,15000.0,15.0,1.333,0.71,0.71
2026-01-30T12:00:00+00:00,2026-01-30T16:00:00+00:00,SHORT,82850.2,83954.59,83954.59,82261.96,-211.95,10499.19,SL,ADVISORY,16.0,bear,1.0,15000.0,15.0,1.333,0.71,-1.333
2026-01-30T16:00:00+00:00,2026-01-30T20:00:00+00:00,SHORT,84200.0,83602.18,85322.39,83602.18,94.5,10593.69,TP,ADVISORY,16.0,bear,1.0,15000.0,15.0,1.333,0.71,0.71
2026-01-30T20:00:00+00:00,2026-01-31T00:00:00+00:00,SHORT,84211.4,83987.5,85333.94,83613.5,27.88,10621.57,TIME_EXIT,ADVISORY,16.0,bear,1.0,15000.0,15.0,1.333,0.71,0.2659
2026-01-31T00:00:00+00:00,2026-01-31T04:00:00+00:00,SHORT,83987.5,83391.19,85107.05,83391.19,94.5,10716.07,TP,ADVISORY,20.0,bear,1.0,15000.0,15.0,1.333,0.71,0.71
2026-01-31T04:00:00+00:00,2026-01-31T08:00:00+00:00,SHORT,83514.4,82921.45,84627.65,82921.45,94.5,10810.57,TP,ADVISORY,20.0,bear,1.0,15000.0,15.0,1.333,0.71,0.71
2026-01-31T08:00:00+00:00,2026-01-31T12:00:00+00:00,SHORT,82983.2,81268.6,84089.37,82394.02,297.93,11108.5,TRAIL_TP,ADVISORY,20.0,bear,1.0,15000.0,15.0,1.333,0.71,2.0662
2026-01-31T12:00:00+00:00,2026-01-31T16:00:00+00:00,SHORT,81268.6,77707.9,82351.91,80691.59,645.21,11753.71,TRAIL_TP,ADVISORY,20.0,bear,1.0,15000.0,15.0,1.333,0.71,4.3814
2026-02-14T12:00:00+00:00,2026-02-14T16:00:00+00:00,SHORT,69754.2,69849.0,70684.02,69258.95,-32.39,11721.32,TIME_EXIT,ADVISORY,9.0,neutral,1.0,15000.0,15.0,1.333,0.71,-0.1359
2026-02-15T12:00:00+00:00,2026-02-15T16:00:00+00:00,SHORT,69068.1,68263.6,69988.78,68577.72,162.72,11884.04,TRAIL_TP,ADVISORY,8.0,neutral,1.0,15000.0,15.0,1.333,0.71,1.1648
2026-02-15T16:00:00+00:00,2026-02-15T20:00:00+00:00,SHORT,68263.6,68796.9,69173.55,67778.93,-129.19,11754.85,TIME_EXIT,ADVISORY,8.0,bear,1.0,15000.0,15.0,1.333,0.71,-0.7812
2026-02-15T20:00:00+00:00,2026-02-16T00:00:00+00:00,SHORT,68796.9,68308.44,69713.96,68308.44,94.5,11849.35,TP,ADVISORY,8.0,bear,1.0,15000.0,15.0,1.333,0.71,0.71
2026-02-16T00:00:00+00:00,2026-02-16T04:00:00+00:00,SHORT,68392.6,68552.4,69304.27,67907.01,-47.05,11802.3,TIME_EXIT,ADVISORY,12.0,bear,1.0,15000.0,15.0,1.333,0.71,-0.2337
2026-02-16T04:00:00+00:00,2026-02-16T08:00:00+00:00,SHORT,68552.4,68769.4,69466.2,68065.68,-59.48,11742.82,TIME_EXIT,ADVISORY,12.0,bear,1.0,15000.0,15.0,1.333,0.71,-0.3165
2026-02-16T08:00:00+00:00,2026-02-16T12:00:00+00:00,SHORT,68769.4,69686.1,69686.1,68281.14,-211.95,11530.87,SL,ADVISORY,12.0,bear,1.0,15000.0,15.0,1.333,0.71,-1.333
2026-02-16T12:00:00+00:00,2026-02-16T16:00:00+00:00,SHORT,67505.5,67883.6,68405.35,67026.21,-96.02,11434.85,TIME_EXIT,ADVISORY,12.0,bear,1.0,15000.0,15.0,1.333,0.71,-0.5601
2026-02-16T16:00:00+00:00,2026-02-16T20:00:00+00:00,SHORT,67883.6,68788.49,68788.49,67401.63,-211.95,11222.9,SL,ADVISORY,12.0,bear,1.0,15000.0,15.0,1.333,0.71,-1.333
2026-02-17T20:00:00+00:00,2026-02-18T00:00:00+00:00,SHORT,67475.9,66996.82,68375.35,66996.82,94.5,11317.4,TP,ADVISORY,10.0,neutral,1.0,15000.0,15.0,1.333,0.71,0.71
2026-02-18T00:00:00+00:00,2026-02-18T04:00:00+00:00,SHORT,67590.2,68078.4,68491.18,67110.31,-120.34,11197.06,TIME_EXIT,ADVISORY,8.0,neutral,1.0,15000.0,15.0,1.333,0.71,-0.7223
2026-02-18T04:00:00+00:00,2026-02-18T08:00:00+00:00,SHORT,68078.4,67345.4,68985.89,67595.04,149.5,11346.56,TRAIL_TP,ADVISORY,8.0,neutral,1.0,15000.0,15.0,1.333,0.71,1.0767
2026-02-18T08:00:00+00:00,2026-02-18T12:00:00+00:00,SHORT,67345.4,68243.11,68243.11,66867.25,-211.95,11134.61,SL,ADVISORY,8.0,bear,1.0,15000.0,15.0,1.333,0.71,-1.333
2026-02-18T12:00:00+00:00,2026-02-18T16:00:00+00:00,SHORT,67671.0,66138.2,68573.05,67190.54,327.76,11462.37,TRAIL_TP,ADVISORY,8.0,bear,1.0,15000.0,15.0,1.333,0.71,2.2651
2026-02-18T16:00:00+00:00,2026-02-18T20:00:00+00:00,SHORT,66138.2,66422.8,67019.82,65668.62,-76.55,11385.82,TIME_EXIT,ADVISORY,8.0,bear,1.0,15000.0,15.0,1.333,0.71,-0.4303
2026-02-18T20:00:00+00:00,2026-02-19T00:00:00+00:00,SHORT,66422.8,66950.4,67308.22,65951.2,-131.15,11254.67,TIME_EXIT,ADVISORY,8.0,bear,1.0,15000.0,15.0,1.333,0.71,-0.7943
2026-02-19T00:00:00+00:00,2026-02-19T04:00:00+00:00,SHORT,66950.4,67180.4,67842.85,66475.05,-63.53,11191.14,TIME_EXIT,ADVISORY,9.0,bear,1.0,15000.0,15.0,1.333,0.71,-0.3435
2026-02-19T04:00:00+00:00,2026-02-19T08:00:00+00:00,SHORT,67180.4,66468.9,68075.91,66703.42,146.86,11338.0,TRAIL_TP,ADVISORY,9.0,bear,1.0,15000.0,15.0,1.333,0.71,1.0591
2026-02-19T08:00:00+00:00,2026-02-19T12:00:00+00:00,SHORT,66468.9,65996.97,67354.93,65996.97,94.5,11432.5,TP,ADVISORY,9.0,bear,1.0,15000.0,15.0,1.333,0.71,0.71
2026-02-19T12:00:00+00:00,2026-02-19T16:00:00+00:00,SHORT,66362.7,65891.52,67247.31,65891.52,94.5,11527.0,TP,ADVISORY,9.0,bear,1.0,15000.0,15.0,1.333,0.71,0.71
2026-02-19T16:00:00+00:00,2026-02-19T20:00:00+00:00,SHORT,67022.9,66974.0,67916.32,66547.04,-1.06,11525.94,TIME_EXIT,ADVISORY,9.0,bear,1.0,15000.0,15.0,1.333,0.71,0.073
2026-02-19T20:00:00+00:00,2026-02-20T00:00:00+00:00,SHORT,66974.0,67327.2,67866.76,66498.48,-91.11,11434.83,TIME_EXIT,ADVISORY,9.0,bear,1.0,15000.0,15.0,1.333,0.71,-0.5274
2026-02-20T00:00:00+00:00,2026-02-20T04:00:00+00:00,SHORT,67327.2,67794.7,68224.67,66849.18,-116.16,11318.67,TIME_EXIT,ACTIVE,7.0,bear,1.0,15000.0,15.0,1.333,0.71,-0.6944
2026-02-20T04:00:00+00:00,2026-02-20T08:00:00+00:00,SHORT,67794.7,67290.5,68698.4,67313.36,99.56,11418.23,TRAIL_TP,ACTIVE,7.0,bear,1.0,15000.0,15.0,1.333,0.71,0.7437
2026-02-20T08:00:00+00:00,2026-02-20T12:00:00+00:00,SHORT,67290.5,66812.74,68187.48,66812.74,94.5,11512.73,TP,ACTIVE,7.0,bear,1.0,15000.0,15.0,1.333,0.71,0.71
2026-02-21T00:00:00+00:00,2026-02-21T04:00:00+00:00,SHORT,67637.0,67821.0,68538.6,67156.78,-52.81,11459.92,TIME_EXIT,ACTIVE,8.0,bear,1.0,15000.0,15.0,1.333,0.71,-0.272
2026-02-21T04:00:00+00:00,2026-02-21T08:00:00+00:00,SHORT,67821.0,68060.9,68725.05,67339.47,-65.06,11394.86,TIME_EXIT,ACTIVE,8.0,bear,1.0,15000.0,15.0,1.333,0.71,-0.3537
2026-02-21T08:00:00+00:00,2026-02-21T12:00:00+00:00,SHORT,68060.9,68571.5,68968.15,67577.67,-124.53,11270.33,TIME_EXIT,ACTIVE,8.0,bear,1.0,15000.0,15.0,1.333,0.71,-0.7502
2026-02-21T12:00:00+00:00,2026-02-21T16:00:00+00:00,SHORT,68571.5,68084.64,69485.56,68084.64,94.5,11364.83,TP,ACTIVE,8.0,bear,1.0,15000.0,15.0,1.333,0.71,0.71
2026-02-21T16:00:00+00:00,2026-02-21T20:00:00+00:00,SHORT,68516.3,67933.1,69429.62,68029.83,115.68,11480.51,TRAIL_TP,ACTIVE,8.0,bear,1.0,15000.0,15.0,1.333,0.71,0.8512
2026-02-21T20:00:00+00:00,2026-02-22T00:00:00+00:00,SHORT,67933.1,68010.5,68838.65,67450.77,-29.09,11451.42,TIME_EXIT,ACTIVE,8.0,bear,1.0,15000.0,15.0,1.333,0.71,-0.1139
2026-02-22T00:00:00+00:00,2026-02-22T04:00:00+00:00,SHORT,68010.5,67973.0,68917.08,67527.63,-3.73,11447.69,TIME_EXIT,ACTIVE,9.0,neutral,1.0,15000.0,15.0,1.333,0.71,0.0551
2026-02-22T04:00:00+00:00,2026-02-22T08:00:00+00:00,SHORT,67973.0,68183.4,68879.08,67490.39,-58.43,11389.26,TIME_EXIT,ACTIVE,9.0,neutral,1.0,15000.0,15.0,1.333,0.71,-0.3095
2026-02-22T08:00:00+00:00,2026-02-22T12:00:00+00:00,SHORT,68183.4,67659.9,69092.28,67699.3,103.17,11492.43,TRAIL_TP,ACTIVE,9.0,neutral,1.0,15000.0,15.0,1.333,0.71,0.7678
2026-02-22T12:00:00+00:00,2026-02-22T16:00:00+00:00,SHORT,67659.9,67179.51,68561.81,67179.51,94.5,11586.93,TP,ACTIVE,9.0,neutral,1.0,15000.0,15.0,1.333,0.71,0.71
2026-02-22T16:00:00+00:00,2026-02-22T20:00:00+00:00,SHORT,67402.2,67613.5,68300.67,66923.64,-59.02,11527.91,TIME_EXIT,ACTIVE,9.0,neutral,1.0,15000.0,15.0,1.333,0.71,-0.3135
2026-02-22T20:00:00+00:00,2026-02-23T00:00:00+00:00,SHORT,67613.5,64894.0,68514.79,67133.44,591.32,12119.23,TRAIL_TP,ACTIVE,9.0,neutral,1.0,15000.0,15.0,1.333,0.71,4.0221
2026-02-23T00:00:00+00:00,2026-02-23T04:00:00+00:00,SHORT,64894.0,65759.04,65759.04,64433.25,-211.95,11907.28,SL,ACTIVE,5.0,bear,1.0,15000.0,15.0,1.333,0.71,-1.333
2026-02-23T04:00:00+00:00,2026-02-23T08:00:00+00:00,SHORT,65915.8,66170.8,66794.46,65447.8,-70.03,11837.25,TIME_EXIT,ACTIVE,5.0,bear,1.0,15000.0,15.0,1.333,0.71,-0.3869
2026-02-23T08:00:00+00:00,2026-02-23T12:00:00+00:00,SHORT,66170.8,65633.1,67052.86,65700.99,109.89,11947.14,TRAIL_TP,ACTIVE,5.0,bear,1.0,15000.0,15.0,1.333,0.71,0.8126
2026-02-23T12:00:00+00:00,2026-02-23T16:00:00+00:00,SHORT,65633.1,64273.9,66507.99,65167.1,298.64,12245.78,TRAIL_TP,ACTIVE,5.0,bear,1.0,15000.0,15.0,1.333,0.71,2.0709
2026-02-23T16:00:00+00:00,2026-02-23T20:00:00+00:00,SHORT,64273.9,64625.8,65130.67,63817.56,-94.13,12151.65,TIME_EXIT,ADVISORY,5.0,bear,1.0,15000.0,15.0,1.333,0.71,-0.5475
2026-02-23T20:00:00+00:00,2026-02-24T00:00:00+00:00,SHORT,64625.8,63570.5,65487.26,64166.96,232.94,12384.59,TRAIL_TP,ADVISORY,5.0,bear,1.0,15000.0,15.0,1.333,0.71,1.6329
2026-02-24T00:00:00+00:00,2026-02-24T04:00:00+00:00,SHORT,63570.5,63119.15,64417.89,63119.15,94.5,12479.09,TP,ADVISORY,8.0,bear,1.0,15000.0,15.0,1.333,0.71,0.71
2026-02-24T04:00:00+00:00,2026-02-24T08:00:00+00:00,SHORT,63155.3,63192.2,63997.16,62706.9,-20.76,12458.33,TIME_EXIT,ADVISORY,8.0,bear,1.0,15000.0,15.0,1.333,0.71,-0.0584
2026-02-24T08:00:00+00:00,2026-02-24T12:00:00+00:00,SHORT,63192.2,62743.54,64034.55,62743.54,94.5,12552.83,TP,ADVISORY,8.0,bear,1.0,15000.0,15.0,1.333,0.71,0.71
2026-02-24T12:00:00+00:00,2026-02-24T16:00:00+00:00,SHORT,63933.4,64405.4,64785.63,63479.47,-122.74,12430.09,TIME_EXIT,ADVISORY,8.0,bear,1.0,15000.0,15.0,1.333,0.71,-0.7383
2026-02-24T16:00:00+00:00,2026-02-24T20:00:00+00:00,SHORT,64405.4,63948.12,65263.92,63948.12,94.5,12524.59,TP,ADVISORY,8.0,bear,1.0,15000.0,15.0,1.333,0.71,0.71
2026-02-24T20:00:00+00:00,2026-02-25T00:00:00+00:00,SHORT,64031.3,64884.84,64884.84,63576.68,-211.95,12312.64,SL,ADVISORY,8.0,bear,1.0,15000.0,15.0,1.333,0.71,-1.333
2026-02-25T04:00:00+00:00,2026-02-25T08:00:00+00:00,SHORT,65001.1,65396.7,65867.56,64539.59,-103.29,12209.35,TIME_EXIT,ADVISORY,11.0,bear,1.0,15000.0,15.0,1.333,0.71,-0.6086
2026-02-25T20:00:00+00:00,2026-02-26T00:00:00+00:00,SHORT,67952.5,68187.5,68858.31,67470.04,-63.87,12145.48,TIME_EXIT,ADVISORY,11.0,neutral,1.0,15000.0,15.0,1.333,0.71,-0.3458
2026-02-26T00:00:00+00:00,2026-02-26T04:00:00+00:00,SHORT,68187.5,67800.0,69096.44,67703.37,73.24,12218.72,TIME_EXIT,ADVISORY,11.0,neutral,1.0,15000.0,15.0,1.333,0.71,0.5683
2026-02-26T04:00:00+00:00,2026-02-26T08:00:00+00:00,SHORT,67800.0,68025.2,68703.77,67318.62,-61.82,12156.9,TIME_EXIT,ADVISORY,11.0,neutral,1.0,15000.0,15.0,1.333,0.71,-0.3322
2026-02-27T08:00:00+00:00,2026-02-27T12:00:00+00:00,SHORT,66094.1,66072.6,66975.13,65624.83,-7.12,12149.78,TIME_EXIT,ADVISORY,13.0,bear,1.0,15000.0,15.0,1.333,0.71,0.0325
2026-02-27T12:00:00+00:00,2026-02-27T16:00:00+00:00,SHORT,66072.6,65365.4,66953.35,65603.48,148.55,12298.33,TRAIL_TP,ADVISORY,13.0,bear,1.0,15000.0,15.0,1.333,0.71,1.0703
2026-02-27T16:00:00+00:00,2026-02-27T20:00:00+00:00,SHORT,65365.4,64901.31,66236.72,64901.31,94.5,12392.83,TP,ADVISORY,13.0,bear,1.0,15000.0,15.0,1.333,0.71,0.71
2026-02-27T20:00:00+00:00,2026-02-28T00:00:00+00:00,SHORT,65836.0,65763.8,66713.59,65368.56,4.45,12397.28,TIME_EXIT,ADVISORY,13.0,bear,1.0,15000.0,15.0,1.333,0.71,0.1097
2026-02-28T00:00:00+00:00,2026-02-28T04:00:00+00:00,SHORT,65763.8,63788.4,66640.43,65296.88,438.57,12835.85,TRAIL_TP,ADVISORY,11.0,bear,1.0,15000.0,15.0,1.333,0.71,3.0038
2026-02-28T04:00:00+00:00,2026-02-28T08:00:00+00:00,SHORT,63788.4,63335.5,64638.7,63335.5,94.5,12930.35,TP,ADVISORY,11.0,bear,1.0,15000.0,15.0,1.333,0.71,0.71
2026-02-28T08:00:00+00:00,2026-02-28T12:00:00+00:00,SHORT,63810.4,64660.99,64660.99,63357.35,-211.95,12718.4,SL,ADVISORY,11.0,bear,1.0,15000.0,15.0,1.333,0.71,-1.333
2026-02-28T12:00:00+00:00,2026-02-28T16:00:00+00:00,SHORT,64800.0,65663.78,65663.78,64339.92,-211.95,12506.45,SL,ADVISORY,11.0,bear,1.0,15000.0,15.0,1.333,0.71,-1.333
