timestamp,BTC,ETH,SOL,AVAX,ARB,LINK,LTC,DOGE
2023-03-23 00:00:00+00:00,28295.41,1813.79,22.16,17.54,1.3217,7.61,93.61,0.07736
2023-03-24 00:00:00+00:00,27454.47,1749.57,20.66,16.95,1.2727,7.191,93.58,0.07453
2023-03-25 00:00:00+00:00,27462.95,1741.88,20.41,16.89,1.2178,7.075,91.5,0.07402
2023-03-26 00:00:00+00:00,27968.05,1773.88,20.94,17.12,1.2818,7.261,93.32,0.07436
2023-03-27 00:00:00+00:00,27124.91,1715.22,19.91,16.49,1.1657,6.87,89.23,0.07287
2023-03-28 00:00:00+00:00,27261.07,1772.99,20.45,16.71,1.2204,6.947,89.13,0.07381
2023-03-29 00:00:00+00:00,28348.6,1793.07,21.1,17.31,1.2257,7.382,91.31,0.07557
2023-03-30 00:00:00+00:00,28028.53,1793.61,20.55,17.23,1.3796,7.233,89.06,0.07422
2023-03-31 00:00:00+00:00,28465.36,1821.52,21.16,17.7,1.3897,7.588,89.57,0.07695
2023-04-01 00:00:00+00:00,28452.73,1820.79,21.08,17.8,1.2931,7.548,92.57,0.08181
2023-04-02 00:00:00+00:00,28171.87,1794.51,20.52,17.25,1.2016,7.255,92.77,0.07903
2023-04-03 00:00:00+00:00,27800.0,1810.51,20.45,17.11,1.153,7.245,92.97,0.096
2023-04-04 00:00:00+00:00,28165.47,1870.37,20.92,17.65,1.2345,7.37,92.58,0.09512
2023-04-05 00:00:00+00:00,28170.01,1908.69,20.97,18.0,1.2425,7.321,92.64,0.09267
2023-04-06 00:00:00+00:00,28033.82,1872.41,20.62,17.97,1.2149,7.201,90.97,0.08541
2023-04-07 00:00:00+00:00,27906.33,1863.72,20.44,17.6,1.197,7.267,90.6,0.08222
2023-04-08 00:00:00+00:00,27938.38,1848.82,20.04,17.45,1.1618,7.13,89.91,0.08134
2023-04-09 00:00:00+00:00,28323.76,1858.92,20.28,17.54,1.1815,7.203,90.58,0.08318
2023-04-10 00:00:00+00:00,29637.34,1910.2,20.89,17.94,1.2423,7.343,93.78,0.08473
2023-04-11 00:00:00+00:00,30200.42,1889.86,22.98,18.14,1.2164,7.301,94.22,0.08408
2023-04-12 00:00:00+00:00,29888.07,1917.39,23.8,18.26,1.1934,7.23,92.06,0.08346
2023-04-13 00:00:00+00:00,30373.84,2012.01,24.43,18.84,1.369,7.458,94.17,0.08729
2023-04-14 00:00:00+00:00,30466.93,2099.99,24.71,19.22,1.6985,7.743,96.33,0.08866
2023-04-15 00:00:00+00:00,30295.09,2090.6,24.05,19.07,1.6531,8.005,96.68,0.08888
2023-04-16 00:00:00+00:00,30304.65,2118.67,25.34,20.17,1.6957,8.14,100.01,0.09043
2023-04-17 00:00:00+00:00,29430.27,2074.0,24.58,20.51,1.6091,8.16,98.84,0.09137
2023-04-18 00:00:00+00:00,30380.01,2103.5,24.82,21.2,1.6731,8.578,101.95,0.09411
2023-04-19 00:00:00+00:00,28797.1,1933.73,22.66,18.98,1.4888,7.752,90.47,0.08788
2023-04-20 00:00:00+00:00,28243.65,1942.98,22.2,18.3,1.442,7.512,90.22,0.08389
2023-04-21 00:00:00+00:00,27262.84,1848.78,21.25,16.94,1.4719,7.113,85.32,0.07842
2023-04-22 00:00:00+00:00,27816.85,1874.16,21.79,17.21,1.4652,7.175,87.0,0.08028
2023-04-23 00:00:00+00:00,27590.6,1862.0,21.47,16.84,1.3405,7.082,86.75,0.07878
2023-04-24 00:00:00+00:00,27510.93,1841.84,21.38,16.92,1.3385,7.068,88.31,0.07873
2023-04-25 00:00:00+00:00,28300.79,1866.1,21.93,17.63,1.3794,7.274,91.03,0.07976
2023-04-26 00:00:00+00:00,28415.29,1866.01,21.28,17.18,1.384,7.004,88.13,0.07859
2023-04-27 00:00:00+00:00,29472.77,1908.68,22.33,17.72,1.4232,7.17,89.73,0.08014
2023-04-28 00:00:00+00:00,29311.7,1890.94,23.34,17.55,1.3799,7.04,89.63,0.08033
2023-04-29 00:00:00+00:00,29230.45,1907.8,23.19,17.49,1.3675,7.185,91.08,0.08157
2023-04-30 00:00:00+00:00,29233.21,1870.09,22.74,17.1,1.3683,7.025,88.22,0.07951
2023-05-01 00:00:00+00:00,28068.26,1830.73,21.96,16.65,1.3187,6.898,86.75,0.07882
2023-05-02 00:00:00+00:00,28669.86,1870.08,22.25,16.84,1.3486,6.987,88.2,0.07876
2023-05-03 00:00:00+00:00,29026.16,1905.12,22.24,17.21,1.3428,7.129,88.88,0.07962
2023-05-04 00:00:00+00:00,28838.16,1877.07,21.74,16.93,1.3183,6.998,88.38,0.07838
2023-05-05 00:00:00+00:00,29505.61,1993.3,22.82,17.38,1.3562,7.226,88.61,0.08017
2023-05-06 00:00:00+00:00,28848.2,1896.33,21.91,16.58,1.2393,6.92,83.26,0.07672
2023-05-07 00:00:00+00:00,28430.1,1870.4,21.66,16.41,1.2194,6.911,83.42,0.07652
2023-05-08 00:00:00+00:00,27668.79,1847.56,20.62,15.42,1.0945,6.582,77.71,0.07239
2023-05-09 00:00:00+00:00,27628.27,1846.52,20.65,15.31,1.1029,6.522,79.9,0.0731
2023-05-10 00:00:00+00:00,27598.75,1840.84,20.91,15.52,1.1709,6.588,80.93,0.07312
2023-05-11 00:00:00+00:00,26968.62,1794.3,20.17,14.95,1.0888,6.36,80.88,0.07193
2023-05-12 00:00:00+00:00,26795.01,1807.45,20.9,15.19,1.172,6.623,80.45,0.07235
2023-05-13 00:00:00+00:00,26775.28,1795.11,20.84,14.91,1.1701,6.491,80.26,0.07167
2023-05-14 00:00:00+00:00,26917.62,1799.21,20.93,15.03,1.1705,6.547,83.5,0.07196
2023-05-15 00:00:00+00:00,27162.14,1816.2,20.99,15.08,1.1883,6.635,86.89,0.07191
2023-05-16 00:00:00+00:00,27033.84,1824.21,20.67,14.9,1.1802,6.659,89.99,0.07275
2023-05-17 00:00:00+00:00,27405.61,1822.12,21.06,15.17,1.1984,6.758,93.88,0.07483
2023-05-18 00:00:00+00:00,26821.28,1800.56,20.34,14.68,1.1558,6.531,90.43,0.07344
2023-05-19 00:00:00+00:00,26880.26,1812.32,20.36,14.68,1.1636,6.51,91.8,0.0735
2023-05-20 00:00:00+00:00,27102.43,1819.42,20.28,14.63,1.1634,6.503,92.42,0.07361
2023-05-21 00:00:00+00:00,26747.78,1804.91,19.61,14.31,1.1275,6.43,92.18,0.07212
2023-05-22 00:00:00+00:00,26849.27,1817.35,19.53,14.68,1.1254,6.533,90.83,0.07291
2023-05-23 00:00:00+00:00,27219.61,1854.05,20.02,14.71,1.1666,6.504,91.7,0.07289
2023-05-24 00:00:00+00:00,26329.01,1799.89,19.22,14.14,1.1093,6.32,85.82,0.07064
2023-05-25 00:00:00+00:00,26473.79,1805.6,19.25,14.08,1.1066,6.278,86.57,0.07088
2023-05-26 00:00:00+00:00,26705.92,1827.79,19.35,14.33,1.1578,6.344,87.08,0.07097
2023-05-27 00:00:00+00:00,26854.27,1829.89,20.43,14.56,1.1721,6.438,88.55,0.07255
2023-05-28 00:00:00+00:00,28065.0,1908.64,20.81,14.89,1.2481,6.631,91.45,0.07352
2023-05-29 00:00:00+00:00,27736.4,1892.6,20.57,14.48,1.2266,6.637,90.86,0.07313
2023-05-30 00:00:00+00:00,27694.4,1900.59,21.25,14.45,1.2181,6.613,92.25,0.07231
2023-05-31 00:00:00+00:00,27210.35,1873.63,20.81,14.11,1.1607,6.478,90.42,0.07165
2023-06-01 00:00:00+00:00,26817.93,1861.78,20.49,14.09,1.1461,6.344,94.19,0.07142
2023-06-02 00:00:00+00:00,27242.59,1906.68,21.26,14.49,1.2407,6.45,95.45,0.07256
2023-06-03 00:00:00+00:00,27069.22,1892.06,21.19,14.58,1.2158,6.421,96.03,0.0727
2023-06-04 00:00:00+00:00,27115.21,1890.01,21.82,14.79,1.2071,6.452,94.19,0.07249
2023-06-05 00:00:00+00:00,25728.2,1810.5,20.0,13.87,1.1356,6.054,87.71,0.0664
2023-06-06 00:00:00+00:00,27230.08,1884.64,20.38,14.62,1.1896,6.261,90.92,0.07025
2023-06-07 00:00:00+00:00,26339.34,1832.13,18.64,14.02,1.1261,5.917,88.85,0.06728
2023-06-08 00:00:00+00:00,26498.61,1845.64,18.89,13.93,1.1287,5.995,88.5,0.06796
2023-06-09 00:00:00+00:00,26477.81,1840.37,17.4,13.75,1.1317,5.993,89.3,0.06947
2023-06-10 00:00:00+00:00,25841.21,1751.53,15.61,11.65,0.9932,5.233,77.13,0.06175
2023-06-11 00:00:00+00:00,25925.55,1752.76,15.55,11.58,0.992,5.175,77.68,0.06151
2023-06-12 00:00:00+00:00,25905.19,1742.57,15.19,11.52,0.9788,5.16,77.5,0.06143
2023-06-13 00:00:00+00:00,25934.25,1740.12,15.04,11.8,0.9932,5.3,77.5,0.06175
2023-06-14 00:00:00+00:00,25128.6,1650.95,14.48,11.38,0.9418,5.25,73.15,0.06038
2023-06-15 00:00:00+00:00,25598.49,1666.96,14.77,11.41,0.9504,5.312,74.6,0.06153
2023-06-16 00:00:00+00:00,26345.0,1717.92,15.31,11.55,0.9754,5.324,76.13,0.06219
2023-06-17 00:00:00+00:00,26516.99,1727.76,15.64,11.62,0.994,5.279,76.86,0.0622
2023-06-18 00:00:00+00:00,26339.97,1720.95,15.45,11.34,0.9943,5.156,77.19,0.06212
2023-06-19 00:00:00+00:00,26844.35,1737.11,16.1,11.47,1.0073,5.133,77.48,0.06245
2023-06-20 00:00:00+00:00,28307.99,1791.99,16.64,12.12,1.0834,5.267,80.33,0.06313
2023-06-21 00:00:00+00:00,29993.89,1889.11,17.23,12.9,1.1405,5.556,85.05,0.06561
2023-06-22 00:00:00+00:00,29884.92,1872.01,16.62,12.65,1.0873,5.558,85.93,0.06555
2023-06-23 00:00:00+00:00,30688.5,1892.63,17.13,13.29,1.135,6.07,91.26,0.06823
2023-06-24 00:00:00+00:00,30527.43,1874.96,16.64,13.01,1.08,6.133,89.71,0.06669
2023-06-25 00:00:00+00:00,30462.66,1898.8,16.96,13.44,1.1133,6.157,88.2,0.06672
2023-06-26 00:00:00+00:00,30267.99,1858.97,16.27,13.15,1.1393,6.057,87.21,0.06474
2023-06-27 00:00:00+00:00,30692.44,1889.58,16.63,13.2,1.2068,6.198,88.07,0.06556
2023-06-28 00:00:00+00:00,30077.41,1828.02,15.97,12.34,1.1212,5.815,83.02,0.06257
2023-06-29 00:00:00+00:00,30447.31,1851.99,17.99,12.67,1.129,5.891,84.73,0.06342
2023-06-30 00:00:00+00:00,30472.0,1933.79,18.86,13.03,1.1638,6.313,108.7,0.06646
2023-07-01 00:00:00+00:00,30585.9,1924.5,18.7,12.99,1.1514,6.503,107.1,0.06851
2023-07-02 00:00:00+00:00,30617.03,1937.48,19.45,13.13,1.1511,6.54,113.58,0.06801
2023-07-03 00:00:00+00:00,31156.2,1955.54,19.26,13.25,1.1694,6.628,107.27,0.06845
2023-07-04 00:00:00+00:00,30766.51,1936.2,19.13,13.04,1.1488,6.521,104.27,0.0689
2023-07-05 00:00:00+00:00,30504.81,1910.36,19.0,12.67,1.1117,6.299,102.6,0.06701
2023-07-06 00:00:00+00:00,29895.43,1846.17,19.61,12.37,1.0678,6.08,95.25,0.06485
2023-07-07 00:00:00+00:00,30344.7,1870.91,21.5,12.74,1.1316,6.156,98.23,0.0654
2023-07-08 00:00:00+00:00,30284.63,1865.24,21.81,13.64,1.1247,6.196,97.79,0.06573
2023-07-09 00:00:00+00:00,30160.71,1862.8,21.32,13.58,1.1245,6.15,95.08,0.06536
2023-07-10 00:00:00+00:00,30411.57,1880.4,21.3,13.39,1.1193,6.167,96.72,0.06523
2023-07-11 00:00:00+00:00,30622.1,1878.3,22.07,13.27,1.1272,6.206,96.77,0.06528
2023-07-12 00:00:00+00:00,30380.0,1871.82,21.94,13.01,1.1219,6.252,96.21,0.06503
2023-07-13 00:00:00+00:00,31454.23,2004.49,26.01,14.11,1.2237,7.124,101.85,0.07042
2023-07-14 00:00:00+00:00,30312.01,1937.83,26.67,14.64,1.2144,6.958,95.13,0.06849
2023-07-15 00:00:00+00:00,30289.52,1931.41,27.46,14.84,1.271,6.918,94.78,0.07197
2023-07-16 00:00:00+00:00,30231.99,1922.11,27.42,14.29,1.2712,6.607,92.89,0.06952
2023-07-17 00:00:00+00:00,30138.0,1911.2,26.8,14.4,1.3052,7.186,92.2,0.06982
2023-07-18 00:00:00+00:00,29859.13,1897.21,25.54,13.8,1.2451,6.911,91.56,0.06866
2023-07-19 00:00:00+00:00,29909.21,1888.63,26.31,13.99,1.2667,6.915,91.99,0.07003
2023-07-20 00:00:00+00:00,29800.0,1891.59,25.38,13.88,1.2614,8.361,92.37,0.07062
2023-07-21 00:00:00+00:00,29901.72,1891.73,25.5,13.98,1.233,8.133,94.09,0.07322
2023-07-22 00:00:00+00:00,29794.0,1866.52,24.52,13.53,1.2258,7.881,92.09,0.07047
2023-07-23 00:00:00+00:00,30083.75,1888.73,24.76,13.54,1.2511,7.89,93.16,0.0718
2023-07-24 00:00:00+00:00,29176.5,1850.0,23.37,13.11,1.1862,7.586,89.14,0.0742
2023-07-25 00:00:00+00:00,29228.91,1857.66,23.27,13.33,1.1687,7.392,89.45,0.08185
2023-07-26 00:00:00+00:00,29351.96,1872.0,25.17,13.27,1.1976,7.742,90.64,0.07793
2023-07-27 00:00:00+00:00,29222.78,1861.28,25.1,13.15,1.1729,7.989,90.6,0.07761
2023-07-28 00:00:00+00:00,29314.14,1874.19,24.82,13.22,1.1736,7.77,91.44,0.07717
2023-07-29 00:00:00+00:00,29352.9,1880.46,25.17,13.23,1.1823,7.842,94.32,0.08023
2023-07-30 00:00:00+00:00,29281.09,1861.79,24.25,13.12,1.1585,7.555,94.03,0.07802
2023-07-31 00:00:00+00:00,29232.25,1856.14,23.73,12.82,1.1693,7.547,92.28,0.07786
2023-08-01 00:00:00+00:00,29705.99,1873.47,24.05,12.89,1.1627,7.641,93.94,0.07815
2023-08-02 00:00:00+00:00,29186.01,1839.9,23.15,12.55,1.1333,7.351,87.54,0.07422
2023-08-03 00:00:00+00:00,29193.64,1835.81,22.65,12.44,1.1292,7.125,82.55,0.07358
2023-08-04 00:00:00+00:00,29113.99,1830.23,22.8,12.41,1.1577,7.143,82.2,0.07347
2023-08-05 00:00:00+00:00,29072.13,1836.48,22.65,12.45,1.1373,7.231,83.12,0.07571
2023-08-06 00:00:00+00:00,29088.42,1830.28,23.2,12.59,1.1384,7.102,82.57,0.07427
2023-08-07 00:00:00+00:00,29211.06,1829.1,23.12,12.47,1.1345,7.324,82.49,0.07354
2023-08-08 00:00:00+00:00,29770.42,1856.3,24.22,12.68,1.1603,7.461,83.86,0.07496
2023-08-09 00:00:00+00:00,29581.99,1855.35,24.38,12.62,1.1761,7.678,84.08,0.07541
2023-08-10 00:00:00+00:00,29455.75,1852.47,24.62,12.48,1.1603,7.619,83.14,0.07588
2023-08-11 00:00:00+00:00,29426.03,1848.84,24.62,12.44,1.1588,7.492,83.58,0.07574
2023-08-12 00:00:00+00:00,29430.17,1849.93,24.91,12.39,1.1639,7.442,83.47,0.0767
2023-08-13 00:00:00+00:00,29303.84,1840.73,24.23,12.27,1.141,7.369,81.92,0.07479
2023-08-14 00:00:00+00:00,29430.93,1845.5,25.18,12.37,1.1417,7.412,82.11,0.07469
2023-08-15 00:00:00+00:00,29200.0,1828.98,23.9,11.83,1.1301,7.043,79.26,0.07093
2023-08-16 00:00:00+00:00,28730.51,1807.81,22.82,11.38,1.049,6.762,74.56,0.06717
2023-08-17 00:00:00+00:00,26623.41,1681.49,21.66,10.57,0.9845,6.189,64.77,0.06102
2023-08-18 00:00:00+00:00,26054.0,1661.59,21.34,10.81,1.007,6.176,63.98,0.06326
2023-08-19 00:00:00+00:00,26100.01,1669.67,21.9,10.81,1.0211,6.181,64.18,0.06379
2023-08-20 00:00:00+00:00,26189.99,1685.24,21.77,10.86,1.0292,6.22,65.25,0.06384
2023-08-21 00:00:00+00:00,26126.92,1667.55,21.2,10.36,0.9942,6.174,67.0,0.06252
2023-08-22 00:00:00+00:00,26056.0,1634.99,20.59,10.15,0.9821,6.112,64.83,0.06259
2023-08-23 00:00:00+00:00,26432.72,1679.61,21.74,10.33,1.009,6.352,65.64,0.06379
2023-08-24 00:00:00+00:00,26180.05,1661.16,21.06,10.12,0.9812,6.084,64.88,0.06308
2023-08-25 00:00:00+00:00,26060.01,1653.8,20.42,10.04,0.9492,6.014,65.13,0.06312
2023-08-26 00:00:00+00:00,26017.37,1647.04,20.29,10.09,0.9506,6.006,65.01,0.06289
2023-08-27 00:00:00+00:00,26101.77,1658.33,20.79,10.2,0.9586,6.03,65.39,0.06318
2023-08-28 00:00:00+00:00,26120.0,1653.08,20.56,10.37,0.9501,5.981,65.52,0.06345
2023-08-29 00:00:00+00:00,27716.34,1729.42,21.79,10.81,0.9711,6.194,68.86,0.0664
2023-08-30 00:00:00+00:00,27299.99,1705.23,20.82,10.41,0.9423,5.925,67.65,0.06588
2023-08-31 00:00:00+00:00,25940.78,1645.76,19.74,9.98,0.9161,5.879,63.89,0.06376
2023-09-01 00:00:00+00:00,25805.05,1629.12,19.33,9.92,0.8848,5.941,62.98,0.06388
2023-09-02 00:00:00+00:00,25869.51,1637.03,19.5,9.92,0.8881,5.972,64.59,0.06348
2023-09-03 00:00:00+00:00,25971.21,1635.84,19.57,9.88,0.9048,6.027,63.93,0.06317
2023-09-04 00:00:00+00:00,25826.02,1630.51,19.52,9.81,0.8967,6.012,63.75,0.06326
2023-09-05 00:00:00+00:00,25792.1,1634.45,20.26,9.91,0.9011,6.137,63.15,0.06402
2023-09-06 00:00:00+00:00,25759.95,1633.15,19.64,9.95,0.9017,6.302,62.87,0.06365
2023-09-07 00:00:00+00:00,26255.0,1648.11,19.92,10.1,0.9132,6.387,63.71,0.06365
2023-09-08 00:00:00+00:00,25910.5,1636.44,19.61,9.93,0.9018,6.28,62.61,0.06371
2023-09-09 00:00:00+00:00,25901.61,1635.54,19.44,9.84,0.8982,6.165,63.06,0.06339
2023-09-10 00:00:00+00:00,25841.61,1617.42,18.24,9.47,0.8442,6.015,61.11,0.0613
2023-09-11 00:00:00+00:00,25162.52,1551.85,17.72,9.23,0.7623,5.829,58.85,0.06049
2023-09-12 00:00:00+00:00,25840.1,1592.97,17.92,9.22,0.7833,5.957,59.96,0.0609
2023-09-13 00:00:00+00:00,26222.0,1607.62,18.4,9.29,0.7856,6.02,61.98,0.06126
2023-09-14 00:00:00+00:00,26522.73,1626.47,18.85,9.4,0.8036,6.151,62.83,0.06208
2023-09-15 00:00:00+00:00,26600.0,1641.29,19.14,9.43,0.8078,6.367,65.89,0.0625
2023-09-16 00:00:00+00:00,26559.67,1634.4,19.12,9.38,0.8278,6.281,65.38,0.06214
2023-09-17 00:00:00+00:00,26527.51,1622.48,18.81,9.1,0.7946,6.146,63.55,0.06147
2023-09-18 00:00:00+00:00,26762.51,1636.66,19.64,9.11,0.8237,6.567,65.89,0.06198
2023-09-19 00:00:00+00:00,27210.26,1643.12,20.03,9.21,0.8641,6.846,67.28,0.06268
2023-09-20 00:00:00+00:00,27125.0,1622.26,20.29,9.05,0.8605,6.905,64.55,0.06262
2023-09-21 00:00:00+00:00,26568.08,1583.94,19.46,8.83,0.8222,6.664,64.69,0.06131
2023-09-22 00:00:00+00:00,26580.14,1593.08,19.43,8.87,0.8404,6.958,64.37,0.06152
2023-09-23 00:00:00+00:00,26575.96,1593.86,19.49,8.9,0.8207,7.189,65.07,0.06152
2023-09-24 00:00:00+00:00,26248.38,1580.71,19.36,8.78,0.8075,6.972,63.58,0.06069
2023-09-25 00:00:00+00:00,26304.81,1588.33,19.39,8.95,0.8071,7.494,64.33,0.06094
2023-09-26 00:00:00+00:00,26221.67,1594.01,19.03,9.04,0.8265,7.356,63.8,0.06062
2023-09-27 00:00:00+00:00,26372.99,1598.64,19.14,8.92,0.8187,7.645,63.53,0.06053
2023-09-28 00:00:00+00:00,27021.39,1652.99,19.96,9.27,0.8926,7.807,65.21,0.0615
2023-09-29 00:00:00+00:00,26906.96,1667.45,20.28,9.17,0.9023,7.946,65.55,0.06213
2023-09-30 00:00:00+00:00,26962.56,1670.89,21.37,9.24,0.9077,8.191,65.97,0.06207
2023-10-01 00:00:00+00:00,27992.57,1733.79,23.87,9.75,0.9693,8.054,68.19,0.06319
2023-10-02 00:00:00+00:00,27494.51,1662.4,23.37,9.31,0.9312,7.47,65.97,0.062
2023-10-03 00:00:00+00:00,27426.46,1656.88,23.6,9.42,0.9053,7.409,65.5,0.06137
2023-10-04 00:00:00+00:00,27778.57,1646.58,23.13,10.1,0.8837,7.674,64.4,0.06147
2023-10-05 00:00:00+00:00,27410.39,1611.79,22.7,10.14,0.8572,7.465,64.8,0.06086
2023-10-06 00:00:00+00:00,27931.09,1645.03,23.41,10.66,0.8897,7.639,65.5,0.06137
2023-10-07 00:00:00+00:00,27956.67,1633.57,23.3,10.35,0.8686,7.524,65.45,0.06143
2023-10-08 00:00:00+00:00,27917.05,1632.84,23.22,10.09,0.8466,7.673,65.34,0.06096
2023-10-09 00:00:00+00:00,27590.12,1580.13,22.1,9.54,0.8199,7.276,63.07,0.05873
2023-10-10 00:00:00+00:00,27390.12,1567.63,22.11,9.53,0.8233,7.259,63.61,0.05913
2023-10-11 00:00:00+00:00,26875.52,1566.87,22.01,9.3,0.8161,7.391,61.55,0.05851
2023-10-12 00:00:00+00:00,26759.63,1539.61,21.28,9.12,0.8041,7.197,61.12,0.05788
2023-10-13 00:00:00+00:00,26862.0,1552.16,21.84,9.15,0.807,7.256,61.58,0.05839
2023-10-14 00:00:00+00:00,26852.48,1554.94,22.0,9.15,0.8031,7.331,61.62,0.05984
2023-10-15 00:00:00+00:00,27154.15,1557.77,21.93,9.17,0.8037,7.423,61.63,0.05931
2023-10-16 00:00:00+00:00,28500.78,1599.42,23.95,9.4,0.8192,7.525,63.19,0.06
2023-10-17 00:00:00+00:00,28395.91,1565.01,23.93,9.1,0.7838,7.32,62.07,0.05904
2023-10-18 00:00:00+00:00,28320.0,1563.44,23.42,8.91,0.7824,7.356,60.23,0.05858
2023-10-19 00:00:00+00:00,28713.71,1566.57,24.93,9.06,0.7692,7.304,61.78,0.05887
2023-10-20 00:00:00+00:00,29669.04,1603.89,27.03,9.22,0.7999,7.57,63.38,0.0599
2023-10-21 00:00:00+00:00,29909.8,1628.94,29.32,9.63,0.8328,8.914,64.75,0.06119
2023-10-22 00:00:00+00:00,29992.46,1663.7,29.05,10.09,0.853,10.19,65.26,0.0617
2023-10-23 00:00:00+00:00,33069.99,1765.46,31.88,10.58,0.8838,10.577,69.02,0.06742
2023-10-24 00:00:00+00:00,33922.73,1784.98,30.17,10.32,0.9001,10.372,69.15,0.0666
2023-10-25 00:00:00+00:00,34496.05,1787.15,32.44,10.52,0.9229,11.058,68.71,0.06832
2023-10-26 00:00:00+00:00,34151.66,1803.38,32.77,11.05,0.937,10.928,68.76,0.07185
2023-10-27 00:00:00+00:00,33892.02,1779.4,31.73,10.59,0.9151,11.185,66.99,0.06776
2023-10-28 00:00:00+00:00,34081.0,1776.2,31.63,10.97,0.9193,10.923,67.73,0.069
2023-10-29 00:00:00+00:00,34525.89,1795.14,32.83,11.37,0.9483,11.081,68.79,0.06935
2023-10-30 00:00:00+00:00,34474.73,1809.04,34.94,11.46,0.9649,11.22,69.21,0.06959
2023-10-31 00:00:00+00:00,34639.77,1814.67,38.4,11.33,0.945,11.353,68.89,0.06827
2023-11-01 00:00:00+00:00,35421.43,1846.99,41.15,12.23,1.0404,11.638,69.97,0.06894
2023-11-02 00:00:00+00:00,34941.59,1800.8,40.23,11.88,0.9901,11.007,69.43,0.0679
2023-11-03 00:00:00+00:00,34716.78,1832.71,39.45,12.11,1.0598,11.46,69.45,0.06807
2023-11-04 00:00:00+00:00,35062.07,1855.54,42.41,12.22,1.0963,11.496,70.41,0.06908
2023-11-05 00:00:00+00:00,35011.88,1891.71,41.15,12.35,1.0897,12.231,71.6,0.07108
2023-11-06 00:00:00+00:00,35046.09,1900.95,42.16,13.08,1.1248,12.984,74.46,0.07637
2023-11-07 00:00:00+00:00,35399.12,1885.27,42.93,12.81,1.0826,13.04,73.41,0.07338
2023-11-08 00:00:00+00:00,35624.72,1888.12,43.13,12.99,1.0932,14.919,73.07,0.07534
2023-11-09 00:00:00+00:00,36701.09,2121.32,45.29,12.96,1.2083,14.603,73.83,0.07357
2023-11-10 00:00:00+00:00,37301.63,2077.72,56.67,14.74,1.1733,15.493,73.28,0.07539
2023-11-11 00:00:00+00:00,37130.0,2053.17,56.34,16.79,1.1373,16.477,75.26,0.07849
2023-11-12 00:00:00+00:00,37064.13,2044.68,56.28,18.98,1.1558,16.025,74.88,0.07795
2023-11-13 00:00:00+00:00,36462.93,2053.65,51.6,16.12,1.1149,14.358,71.1,0.07456
2023-11-14 00:00:00+00:00,35551.19,1979.39,56.81,17.05,1.0768,13.945,70.61,0.07244
2023-11-15 00:00:00+00:00,37858.2,2058.48,65.43,20.7,1.1426,15.027,74.03,0.07623
2023-11-16 00:00:00+00:00,36163.51,1961.77,57.8,21.71,1.0784,13.866,70.97,0.07947
2023-11-17 00:00:00+00:00,36613.92,1960.82,58.51,21.94,1.0434,13.702,70.29,0.08641
2023-11-18 00:00:00+00:00,36568.1,1962.6,58.56,21.99,1.0326,13.75,69.86,0.08028
2023-11-19 00:00:00+00:00,37359.86,2011.47,61.1,22.85,1.0459,14.908,70.54,0.08046
2023-11-20 00:00:00+00:00,37448.78,2021.4,56.57,20.85,1.027,14.477,69.51,0.07768
2023-11-21 00:00:00+00:00,35741.65,1933.01,51.65,19.02,0.9499,13.359,66.15,0.07176
2023-11-22 00:00:00+00:00,37408.34,2063.21,57.56,20.78,1.0193,14.212,68.7,0.07575
2023-11-23 00:00:00+00:00,37294.28,2062.2,56.51,20.64,1.0161,14.398,69.51,0.0762
2023-11-24 00:00:00+00:00,37713.57,2080.84,56.86,20.89,1.0496,14.482,70.73,0.07818
2023-11-25 00:00:00+00:00,37780.67,2083.09,58.82,21.36,1.0666,14.762,71.87,0.07894
2023-11-26 00:00:00+00:00,37447.43,2062.33,57.57,21.06,1.0374,14.766,70.03,0.07868
2023-11-27 00:00:00+00:00,37242.7,2027.5,55.06,20.35,1.0174,14.186,69.22,0.07884
2023-11-28 00:00:00+00:00,37818.87,2048.14,58.18,20.68,1.0172,14.521,69.77,0.08083
2023-11-29 00:00:00+00:00,37854.64,2028.81,59.31,21.12,1.0081,14.511,70.0,0.08047
2023-11-30 00:00:00+00:00,37723.96,2051.96,59.3,21.39,1.0064,14.412,69.42,0.08343
2023-12-01 00:00:00+00:00,38682.52,2087.24,59.75,21.87,1.0342,14.988,71.57,0.08385
2023-12-02 00:00:00+00:00,39450.35,2164.74,63.66,22.24,1.1105,15.992,72.2,0.08617
2023-12-03 00:00:00+00:00,39972.26,2192.95,62.98,21.94,1.0965,15.705,72.31,0.08571
2023-12-04 00:00:00+00:00,41991.1,2243.37,61.64,22.68,1.0922,15.813,72.93,0.09188
2023-12-05 00:00:00+00:00,44073.32,2293.33,61.03,24.54,1.0909,15.729,74.34,0.09435
2023-12-06 00:00:00+00:00,43762.69,2232.7,61.85,26.2,1.0587,15.268,72.41,0.09493
2023-12-07 00:00:00+00:00,43273.14,2355.73,67.74,26.28,1.1719,15.691,74.02,0.09593
2023-12-08 00:00:00+00:00,44170.99,2358.72,74.94,30.44,1.1661,16.925,78.5,0.10164
2023-12-09 00:00:00+00:00,43713.6,2340.49,72.3,31.91,1.1392,16.196,76.32,0.09846
2023-12-10 00:00:00+00:00,43789.51,2352.39,74.87,37.14,1.1558,16.367,77.18,0.10186
2023-12-11 00:00:00+00:00,41253.4,2225.12,70.25,38.04,1.0952,14.768,72.67,0.09413
2023-12-12 00:00:00+00:00,41492.39,2203.46,68.6,37.49,1.2521,14.523,72.37,0.09381
2023-12-13 00:00:00+00:00,42869.03,2260.16,70.62,38.99,1.186,14.77,73.12,0.09642
2023-12-14 00:00:00+00:00,43022.26,2315.32,75.68,39.3,1.1834,15.37,72.93,0.0983
2023-12-15 00:00:00+00:00,41940.3,2220.5,72.51,39.71,1.1001,14.281,70.93,0.09303
2023-12-16 00:00:00+00:00,42278.03,2228.96,73.72,42.22,1.1249,14.32,72.19,0.09713
2023-12-17 00:00:00+00:00,41374.65,2196.52,70.87,40.62,1.1061,14.013,71.18,0.09295
2023-12-18 00:00:00+00:00,42657.8,2219.43,74.42,41.16,1.101,14.674,70.85,0.09213
2023-12-19 00:00:00+00:00,42275.99,2177.91,73.0,39.74,1.0735,14.1,70.73,0.09023
2023-12-20 00:00:00+00:00,43668.93,2202.17,82.21,43.46,1.105,14.253,69.83,0.0915
2023-12-21 00:00:00+00:00,43861.8,2239.61,93.84,45.97,1.1582,15.305,70.93,0.09499
2023-12-22 00:00:00+00:00,43969.04,2324.54,97.9,45.35,1.4193,15.479,73.58,0.09499
2023-12-23 00:00:00+00:00,43702.16,2308.2,107.88,48.05,1.3934,15.682,72.45,0.09346
2023-12-24 00:00:00+00:00,42991.5,2264.05,112.45,47.68,1.354,15.262,71.12,0.09171
2023-12-25 00:00:00+00:00,43576.13,2271.35,120.91,48.18,1.3875,15.585,72.22,0.09435
2023-12-26 00:00:00+00:00,42508.93,2230.88,112.49,44.41,1.3261,15.092,73.24,0.09135
2023-12-27 00:00:00+00:00,43428.85,2378.35,106.91,42.39,1.5052,16.709,75.98,0.09365
2023-12-28 00:00:00+00:00,42563.76,2344.15,101.8,39.8,1.4678,16.005,76.51,0.09174
2023-12-29 00:00:00+00:00,42066.95,2299.2,106.17,40.18,1.5098,15.54,73.25,0.09097
2023-12-30 00:00:00+00:00,42140.28,2291.68,101.9,39.33,1.4801,15.167,73.22,0.09
2023-12-31 00:00:00+00:00,42283.58,2281.87,101.72,38.55,1.5612,14.941,72.83,0.08955
2024-01-01 00:00:00+00:00,44179.55,2352.04,109.91,41.94,1.7345,15.548,74.72,0.09199
2024-01-02 00:00:00+00:00,44946.91,2355.34,106.73,40.61,1.7701,15.166,72.97,0.0911
2024-01-03 00:00:00+00:00,42845.23,2209.72,98.52,36.8,1.9137,14.148,65.24,0.08201
2024-01-04 00:00:00+00:00,44151.1,2267.11,104.91,38.72,2.004,14.526,66.41,0.08401
2024-01-05 00:00:00+00:00,44145.11,2268.78,99.94,36.46,1.952,14.091,66.0,0.08267
2024-01-06 00:00:00+00:00,43968.32,2240.78,93.77,34.61,1.7519,13.436,65.64,0.08058
2024-01-07 00:00:00+00:00,43929.02,2221.42,89.44,33.64,1.7218,13.151,64.27,0.07824
2024-01-08 00:00:00+00:00,46951.04,2330.44,97.88,36.08,1.8213,14.139,67.73,0.0813
2024-01-09 00:00:00+00:00,46110.0,2344.29,99.36,34.65,1.8438,13.716,66.99,0.07923
2024-01-10 00:00:00+00:00,46653.99,2584.38,102.0,38.53,2.2281,15.072,70.1,0.08307
2024-01-11 00:00:00+00:00,46339.16,2618.01,99.9,39.29,2.2587,15.022,71.88,0.08456
2024-01-12 00:00:00+00:00,42782.73,2522.54,92.12,35.93,2.2032,14.151,72.97,0.08007
2024-01-13 00:00:00+00:00,42847.99,2578.19,95.85,36.49,2.1762,14.345,71.98,0.08092
2024-01-14 00:00:00+00:00,41732.35,2472.87,93.81,35.29,2.0302,14.755,69.78,0.08003
2024-01-15 00:00:00+00:00,42511.1,2511.78,94.36,35.61,2.11,15.185,69.13,0.08108
2024-01-16 00:00:00+00:00,43137.95,2587.4,97.61,35.57,2.1509,15.271,69.44,0.08134
2024-01-17 00:00:00+00:00,42776.1,2530.19,102.1,36.06,2.0383,15.761,69.46,0.08059
2024-01-18 00:00:00+00:00,41327.5,2470.81,94.4,33.59,1.8918,14.658,68.11,0.07808
2024-01-19 00:00:00+00:00,41659.03,2492.0,93.62,32.73,1.8564,16.118,71.29,0.07857
2024-01-20 00:00:00+00:00,41696.04,2472.01,92.88,32.89,1.8169,15.781,71.36,0.08777
2024-01-21 00:00:00+00:00,41580.33,2457.05,91.09,32.54,1.8162,15.396,71.75,0.08546
2024-01-22 00:00:00+00:00,39568.02,2314.2,83.84,29.53,1.6888,14.598,67.36,0.08057
2024-01-23 00:00:00+00:00,39897.6,2242.6,84.35,30.63,1.6902,14.3,65.5,0.07821
2024-01-24 00:00:00+00:00,40084.88,2235.02,88.77,31.2,1.7376,14.243,66.13,0.07904
2024-01-25 00:00:00+00:00,39961.09,2218.64,86.91,30.51,1.7322,13.744,65.5,0.07795
2024-01-26 00:00:00+00:00,41823.51,2267.68,92.28,32.26,1.8171,14.187,67.05,0.07985
2024-01-27 00:00:00+00:00,42120.63,2267.94,94.28,33.28,1.7967,14.345,68.06,0.08014
2024-01-28 00:00:00+00:00,42031.06,2256.9,95.98,34.82,1.7987,14.48,68.35,0.07882
2024-01-29 00:00:00+00:00,43302.7,2317.6,101.68,36.06,1.8546,15.004,68.43,0.08135
2024-01-30 00:00:00+00:00,42941.1,2343.01,101.4,35.22,1.885,15.475,67.47,0.07972
2024-01-31 00:00:00+00:00,42580.0,2283.14,96.96,33.17,1.7635,15.429,66.76,0.07875
2024-02-01 00:00:00+00:00,43082.94,2304.28,97.81,33.85,1.7845,17.19,67.54,0.07937
2024-02-02 00:00:00+00:00,43200.0,2309.06,100.58,36.76,1.7928,17.828,68.05,0.07928
2024-02-03 00:00:00+00:00,43011.09,2296.49,97.96,35.95,1.7656,17.658,68.81,0.07874
2024-02-04 00:00:00+00:00,42582.88,2289.79,95.49,34.87,1.7315,18.153,66.94,0.07831
2024-02-05 00:00:00+00:00,42708.7,2301.83,95.66,34.55,1.7356,19.164,67.7,0.07835
2024-02-06 00:00:00+00:00,43098.95,2372.64,96.88,34.16,1.8307,18.287,68.29,0.07849
2024-02-07 00:00:00+00:00,44349.6,2425.1,101.14,35.28,1.8991,18.817,68.62,0.08013
2024-02-08 00:00:00+00:00,45288.65,2419.55,102.76,35.42,1.8628,18.212,70.53,0.07987
2024-02-09 00:00:00+00:00,47132.77,2486.56,106.94,38.0,1.9812,18.47,70.64,0.08155
2024-02-10 00:00:00+00:00,47751.09,2500.24,109.01,40.2,1.9605,19.084,70.8,0.08142
2024-02-11 00:00:00+00:00,48299.99,2507.21,107.46,39.72,1.9417,20.146,71.55,0.08123
2024-02-12 00:00:00+00:00,49917.27,2659.99,111.64,40.97,2.076,20.465,72.82,0.08223
2024-02-13 00:00:00+00:00,49699.59,2639.99,112.48,39.74,2.0472,19.87,68.97,0.08105
2024-02-14 00:00:00+00:00,51795.17,2774.81,116.97,42.22,2.111,20.24,69.81,0.0855
2024-02-15 00:00:00+00:00,51880.0,2822.59,113.5,41.55,2.072,19.932,69.76,0.08528
2024-02-16 00:00:00+00:00,52124.11,2801.8,110.33,40.26,2.0104,19.551,70.59,0.08591
2024-02-17 00:00:00+00:00,51642.64,2785.93,108.92,39.76,1.9693,20.032,69.97,0.08356
2024-02-18 00:00:00+00:00,52137.67,2881.2,112.24,40.29,2.0396,20.119,70.8,0.08517
2024-02-19 00:00:00+00:00,51774.73,2944.8,111.53,39.51,2.0541,19.832,71.3,0.08942
2024-02-20 00:00:00+00:00,52258.82,3014.81,108.31,38.49,2.0098,19.281,69.65,0.08615
2024-02-21 00:00:00+00:00,51849.39,2967.9,105.03,37.61,1.8767,18.594,68.9,0.08457
2024-02-22 00:00:00+00:00,51288.42,2971.4,101.76,36.78,1.808,18.121,68.8,0.0841
2024-02-23 00:00:00+00:00,50744.15,2922.24,99.9,35.92,1.7987,17.935,68.8,0.08451
2024-02-24 00:00:00+00:00,51568.22,2992.62,104.01,36.76,1.8446,18.533,70.41,0.08615
2024-02-25 00:00:00+00:00,51728.85,3112.59,103.47,37.46,1.9046,18.722,70.16,0.08612
2024-02-26 00:00:00+00:00,54476.47,3175.94,109.9,39.29,1.9283,19.083,71.93,0.08923
2024-02-27 00:00:00+00:00,57037.34,3242.36,108.36,39.26,1.8958,19.023,73.97,0.09758
2024-02-28 00:00:00+00:00,62432.1,3383.1,119.03,40.33,1.8999,19.43,74.48,0.11585
2024-02-29 00:00:00+00:00,61130.98,3340.09,125.68,40.97,1.9445,19.274,79.92,0.11732
2024-03-01 00:00:00+00:00,62387.9,3433.43,129.43,42.67,1.988,20.051,84.87,0.13934
2024-03-02 00:00:00+00:00,61987.28,3421.4,130.02,44.35,2.0248,21.398,94.49,0.14196
2024-03-03 00:00:00+00:00,63113.97,3487.81,130.16,42.58,2.0439,20.507,90.7,0.15347
2024-03-04 00:00:00+00:00,68245.71,3627.76,133.27,43.08,1.9823,20.416,88.95,0.18196
2024-03-05 00:00:00+00:00,63724.01,3553.65,125.31,39.43,1.9659,18.973,81.93,0.15304
2024-03-06 00:00:00+00:00,66074.04,3818.59,130.79,41.56,2.0538,20.085,85.87,0.15784
2024-03-07 00:00:00+00:00,66823.17,3868.76,143.82,43.2,2.1645,20.091,88.0,0.15764
2024-03-08 00:00:00+00:00,68124.19,3883.36,144.79,42.61,2.1336,19.699,88.32,0.16457
2024-03-09 00:00:00+00:00,68313.27,3905.21,144.29,42.92,2.0962,19.972,90.67,0.17875
2024-03-10 00:00:00+00:00,68955.88,3878.47,144.39,42.05,2.068,21.68,87.43,0.16997
2024-03-11 00:00:00+00:00,72078.1,4064.8,148.83,49.09,2.083,21.277,103.86,0.182
2024-03-12 00:00:00+00:00,71452.01,3979.96,151.05,55.48,2.0173,20.704,97.52,0.16816
2024-03-13 00:00:00+00:00,73072.41,4004.79,163.9,54.79,2.1152,20.751,97.24,0.16897
2024-03-14 00:00:00+00:00,71388.94,3881.7,176.65,53.95,2.0155,20.88,94.08,0.17719
2024-03-15 00:00:00+00:00,69499.85,3742.19,183.95,58.36,1.8879,19.63,89.75,0.16357
2024-03-16 00:00:00+00:00,65300.63,3523.09,182.05,53.44,1.7566,18.115,84.12,0.14253
2024-03-17 00:00:00+00:00,68393.48,3644.71,201.86,58.45,1.7363,18.666,85.93,0.15428
2024-03-18 00:00:00+00:00,67609.99,3520.46,195.92,60.65,1.6232,18.301,86.77,0.14353
2024-03-19 00:00:00+00:00,61937.4,3158.64,169.82,53.63,1.6247,16.805,78.45,0.12881
2024-03-20 00:00:00+00:00,67840.51,3516.53,191.77,57.06,1.7458,18.412,84.65,0.15209
2024-03-21 00:00:00+00:00,65501.27,3492.85,179.46,53.82,1.6843,18.458,85.75,0.15537
2024-03-22 00:00:00+00:00,63796.64,3336.35,175.21,53.44,1.6041,18.367,83.4,0.15292
2024-03-23 00:00:00+00:00,63990.01,3329.53,172.65,53.45,1.5952,18.063,85.26,0.1619
2024-03-24 00:00:00+00:00,67209.99,3454.98,183.88,55.68,1.6707,18.518,89.65,0.17651
2024-03-25 00:00:00+00:00,69880.01,3590.42,188.99,57.76,1.7231,19.375,90.58,0.17526
2024-03-26 00:00:00+00:00,69988.0,3587.33,190.46,55.78,1.7008,20.007,95.77,0.1823
2024-03-27 00:00:00+00:00,69469.99,3501.19,186.33,54.1,1.6548,19.289,93.55,0.19047
2024-03-28 00:00:00+00:00,70780.6,3560.49,189.63,54.63,1.6668,19.148,94.11,0.22001
2024-03-29 00:00:00+00:00,69850.54,3509.74,192.01,53.33,1.6437,18.967,109.06,0.213
2024-03-30 00:00:00+00:00,69582.18,3505.64,194.2,52.93,1.6413,18.933,102.84,0.19912
2024-03-31 00:00:00+00:00,71280.01,3645.29,202.45,54.06,1.6616,19.171,105.01,0.22
2024-04-01 00:00:00+00:00,69649.8,3503.8,192.24,51.38,1.5679,18.358,99.2,0.20503
2024-04-02 00:00:00+00:00,65463.99,3278.96,181.53,46.86,1.4483,17.952,106.75,0.18248
2024-04-03 00:00:00+00:00,65963.28,3310.83,185.05,45.89,1.4793,17.687,98.33,0.17522
2024-04-04 00:00:00+00:00,68487.79,3327.4,184.0,46.5,1.4593,17.791,98.38,0.17998
2024-04-05 00:00:00+00:00,67820.62,3317.85,174.37,45.3,1.4333,17.325,97.82,0.1772
2024-04-06 00:00:00+00:00,68896.0,3351.59,178.68,48.19,1.4871,17.559,101.6,0.18577
2024-04-07 00:00:00+00:00,69360.39,3454.2,179.52,49.32,1.5287,17.913,101.21,0.19887
2024-04-08 00:00:00+00:00,71620.0,3694.61,180.68,49.86,1.5694,18.101,103.27,0.2026
2024-04-09 00:00:00+00:00,69146.0,3506.39,172.42,46.47,1.4841,17.362,97.53,0.18912
2024-04-10 00:00:00+00:00,70631.08,3545.64,173.31,47.3,1.4662,17.417,96.71,0.19971
2024-04-11 00:00:00+00:00,70006.23,3502.52,172.37,46.01,1.4183,17.555,98.78,0.1938
2024-04-12 00:00:00+00:00,67116.52,3237.43,153.16,39.34,1.1737,15.156,86.08,0.17403
2024-04-13 00:00:00+00:00,63924.51,3007.01,138.47,33.89,1.0314,13.288,77.33,0.15254
2024-04-14 00:00:00+00:00,65661.84,3155.11,151.25,37.27,1.1795,14.098,79.72,0.16212
2024-04-15 00:00:00+00:00,63419.99,3101.99,138.51,35.16,1.1526,13.58,78.1,0.16123
2024-04-16 00:00:00+00:00,63793.39,3084.22,136.22,34.76,1.154,13.46,79.94,0.156
2024-04-17 00:00:00+00:00,61277.37,2985.41,131.84,33.58,1.1059,13.133,80.19,0.14756
2024-04-18 00:00:00+00:00,63470.08,3064.4,142.07,34.85,1.1383,13.887,80.75,0.15221
2024-04-19 00:00:00+00:00,63818.01,3056.46,142.5,34.67,1.1196,13.946,80.87,0.15633
2024-04-20 00:00:00+00:00,64940.59,3155.79,151.22,38.31,1.2158,14.959,85.04,0.1626
2024-04-21 00:00:00+00:00,64941.15,3147.67,148.8,37.15,1.1894,15.105,84.16,0.15825
2024-04-22 00:00:00+00:00,66819.32,3200.2,156.95,39.19,1.2092,15.445,85.39,0.1612
2024-04-23 00:00:00+00:00,66414.0,3219.46,154.75,38.3,1.179,15.178,85.02,0.15979
2024-04-24 00:00:00+00:00,64289.59,3140.8,147.78,36.37,1.1162,14.536,83.25,0.15139
2024-04-25 00:00:00+00:00,64498.34,3155.8,144.84,35.59,1.0898,14.593,83.78,0.15127
2024-04-26 00:00:00+00:00,63770.01,3131.3,139.23,34.42,1.0651,14.49,88.1,0.148
2024-04-27 00:00:00+00:00,63461.98,3255.56,141.31,34.47,1.1255,14.267,83.88,0.14776
2024-04-28 00:00:00+00:00,63118.62,3263.45,137.99,33.95,1.101,13.809,83.99,0.1467
2024-04-29 00:00:00+00:00,63866.0,3216.73,137.77,35.28,1.0578,14.074,83.51,0.14342
2024-04-30 00:00:00+00:00,60672.0,3014.05,126.77,32.71,1.0226,13.129,79.49,0.13339
2024-05-01 00:00:00+00:00,58364.97,2972.46,134.64,33.33,1.0296,13.347,80.17,0.13021
2024-05-02 00:00:00+00:00,59060.61,2986.19,137.58,33.58,1.0286,13.59,80.02,0.13189
2024-05-03 00:00:00+00:00,62882.01,3102.61,143.69,35.54,1.065,14.093,81.85,0.14604
2024-05-04 00:00:00+00:00,63892.04,3117.23,146.05,37.36,1.0615,14.316,81.66,0.16012
2024-05-05 00:00:00+00:00,64012.0,3136.41,145.73,37.35,1.0706,14.371,81.32,0.16098
2024-05-06 00:00:00+00:00,63165.19,3062.6,152.82,37.11,1.0603,14.484,80.79,0.15648
2024-05-07 00:00:00+00:00,62312.08,3005.69,148.03,35.31,1.0255,13.997,80.84,0.14999
2024-05-08 00:00:00+00:00,61193.03,2974.21,142.18,34.02,1.0282,13.9,81.7,0.14324
2024-05-09 00:00:00+00:00,63074.01,3036.23,152.57,35.07,1.0411,14.237,83.08,0.1522
2024-05-10 00:00:00+00:00,60799.99,2909.99,146.01,33.71,0.9952,13.564,80.22,0.14389
2024-05-11 00:00:00+00:00,60825.99,2912.45,145.42,33.49,1.0005,13.306,81.39,0.14306
2024-05-12 00:00:00+00:00,61483.99,2929.29,143.43,33.14,0.9972,13.559,81.41,0.14123
2024-05-13 00:00:00+00:00,62940.08,2950.99,147.54,32.46,0.9818,13.393,80.62,0.14864
2024-05-14 00:00:00+00:00,61577.49,2881.93,142.03,31.58,0.9352,12.98,78.79,0.14552
2024-05-15 00:00:00+00:00,66206.5,3032.55,158.52,34.66,0.9936,13.865,82.45,0.15534
2024-05-16 00:00:00+00:00,65235.21,2944.7,159.37,34.46,0.9715,15.516,82.43,0.14972
2024-05-17 00:00:00+00:00,67024.0,3092.01,169.44,36.43,1.0306,16.231,84.14,0.15555
2024-05-18 00:00:00+00:00,66915.2,3122.94,172.4,37.24,1.0179,16.329,83.84,0.15302
2024-05-19 00:00:00+00:00,66274.01,3071.19,169.93,35.6,0.9716,16.56,82.4,0.14908
2024-05-20 00:00:00+00:00,71446.62,3661.78,186.7,40.13,1.1269,17.262,88.64,0.16573
2024-05-21 00:00:00+00:00,70148.34,3789.6,178.15,41.2,1.2034,16.739,88.26,0.17024
2024-05-22 00:00:00+00:00,69166.62,3737.73,176.95,40.0,1.1413,16.354,85.78,0.16628
2024-05-23 00:00:00+00:00,67969.65,3783.61,176.16,38.52,1.2031,16.596,85.45,0.15973
2024-05-24 00:00:00+00:00,68549.99,3728.28,167.7,38.01,1.1579,17.25,85.0,0.16386
2024-05-25 00:00:00+00:00,69290.57,3749.26,168.35,38.28,1.1914,17.443,84.98,0.17402
2024-05-26 00:00:00+00:00,68507.67,3826.47,163.41,36.76,1.1935,17.042,83.9,0.16621
2024-05-27 00:00:00+00:00,69436.43,3894.22,170.15,38.26,1.2301,18.786,85.24,0.16908
2024-05-28 00:00:00+00:00,68398.39,3844.69,168.68,37.02,1.2002,18.528,83.44,0.16497
2024-05-29 00:00:00+00:00,67652.42,3767.43,168.32,36.2,1.1408,18.453,83.59,0.16386
2024-05-30 00:00:00+00:00,68352.17,3747.91,166.88,35.98,1.128,17.944,84.42,0.15946
2024-05-31 00:00:00+00:00,67540.01,3762.29,165.65,36.02,1.1192,18.414,83.21,0.15898
2024-06-01 00:00:00+00:00,67766.85,3815.82,166.14,35.76,1.1337,18.443,83.48,0.16031
2024-06-02 00:00:00+00:00,67765.63,3780.91,163.15,34.91,1.1124,18.143,83.11,0.1571
2024-06-03 00:00:00+00:00,68809.9,3767.06,164.89,35.03,1.1053,17.629,82.82,0.15835
2024-06-04 00:00:00+00:00,70537.84,3810.23,171.78,36.06,1.1076,17.716,83.65,0.16136
2024-06-05 00:00:00+00:00,71108.0,3865.99,173.54,36.57,1.1238,17.741,85.44,0.16326
2024-06-06 00:00:00+00:00,70799.06,3813.46,170.15,35.89,1.0883,17.248,84.19,0.16016
2024-06-07 00:00:00+00:00,69355.6,3678.32,162.5,33.51,0.999,16.318,80.13,0.1482
2024-06-08 00:00:00+00:00,69310.46,3681.57,157.83,32.27,0.9678,15.928,79.97,0.14588
2024-06-09 00:00:00+00:00,69648.14,3706.4,162.12,32.98,0.9793,16.372,80.49,0.14679
2024-06-10 00:00:00+00:00,69540.0,3667.85,159.05,32.28,0.9599,15.905,79.66,0.14478
2024-06-11 00:00:00+00:00,67314.24,3497.33,149.31,31.55,0.9378,14.988,77.32,0.13806
2024-06-12 00:00:00+00:00,68263.99,3560.12,155.22,33.27,0.9732,16.006,78.5,0.14621
2024-06-13 00:00:00+00:00,66773.01,3469.4,147.29,30.99,0.9366,15.141,79.15,0.1411
2024-06-14 00:00:00+00:00,66043.99,3481.8,143.05,30.29,0.9123,14.744,77.61,0.13499
2024-06-15 00:00:00+00:00,66228.25,3568.74,145.52,30.01,0.9221,14.857,79.23,0.13677
2024-06-16 00:00:00+00:00,66676.87,3624.41,151.3,30.08,0.9243,15.144,78.98,0.13713
2024-06-17 00:00:00+00:00,66504.33,3511.46,143.27,28.47,0.8579,14.523,76.59,0.12879
2024-06-18 00:00:00+00:00,65175.32,3483.42,137.41,26.6,0.7948,13.986,72.66,0.12225
2024-06-19 00:00:00+00:00,64974.37,3560.51,135.62,26.94,0.8129,14.345,73.77,0.12247
2024-06-20 00:00:00+00:00,64869.99,3513.08,133.55,27.58,0.8014,14.255,74.69,0.12455
2024-06-21 00:00:00+00:00,64143.56,3518.5,134.6,27.48,0.8022,13.848,74.17,0.12418
2024-06-22 00:00:00+00:00,64262.01,3495.75,133.69,25.61,0.8048,13.482,74.61,0.12375
2024-06-23 00:00:00+00:00,63210.01,3420.91,128.69,25.09,0.784,13.194,73.37,0.12222
2024-06-24 00:00:00+00:00,60293.3,3352.73,132.33,24.8,0.8204,13.617,69.68,0.11902
2024-06-25 00:00:00+00:00,61806.01,3394.91,136.58,25.4,0.8297,14.198,71.35,0.12615
2024-06-26 00:00:00+00:00,60864.99,3371.44,136.81,25.82,0.8123,13.915,71.02,0.12276
2024-06-27 00:00:00+00:00,61706.47,3450.44,149.71,27.91,0.8229,14.433,73.28,0.12711
2024-06-28 00:00:00+00:00,60427.84,3380.15,140.03,27.96,0.7915,13.778,72.9,0.12306
2024-06-29 00:00:00+00:00,60986.68,3378.8,140.28,27.76,0.7796,13.543,74.95,0.1219
2024-06-30 00:00:00+00:00,62772.01,3438.16,146.61,29.36,0.8019,14.281,75.31,0.12448
2024-07-01 00:00:00+00:00,62899.99,3442.2,146.67,28.83,0.7801,14.338,74.38,0.12352
2024-07-02 00:00:00+00:00,62135.47,3421.35,154.03,28.71,0.7832,14.415,76.04,0.1253
2024-07-03 00:00:00+00:00,60208.58,3295.48,140.84,26.51,0.764,13.589,72.08,0.11849
2024-07-04 00:00:00+00:00,57050.01,3059.7,127.86,24.44,0.6793,12.538,65.42,0.10502
2024-07-05 00:00:00+00:00,56628.79,2981.78,134.32,25.13,0.6228,12.311,61.85,0.10547
2024-07-06 00:00:00+00:00,58230.13,3066.83,143.05,27.41,0.6931,13.18,65.39,0.11343
2024-07-07 00:00:00+00:00,55857.81,2931.0,131.64,25.75,0.6505,12.352,62.05,0.10415
2024-07-08 00:00:00+00:00,56714.62,3019.01,139.81,25.21,0.6678,13.121,64.92,0.10758
2024-07-09 00:00:00+00:00,58050.0,3066.65,141.42,26.43,0.7102,12.841,65.3,0.10756
2024-07-10 00:00:00+00:00,57725.85,3101.05,141.98,25.75,0.7137,12.79,66.96,0.108
2024-07-11 00:00:00+00:00,57339.89,3099.57,135.73,25.21,0.6932,12.347,67.36,0.10664
2024-07-12 00:00:00+00:00,57889.1,3133.88,139.46,25.96,0.6991,12.74,69.25,0.10769
2024-07-13 00:00:00+00:00,59204.02,3175.93,141.9,25.86,0.7003,13.021,69.82,0.11231
2024-07-14 00:00:00+00:00,60797.91,3245.08,147.66,26.35,0.7217,13.448,69.92,0.11535
2024-07-15 00:00:00+00:00,64724.14,3483.39,159.38,27.82,0.7733,14.394,72.29,0.1249
2024-07-16 00:00:00+00:00,65043.99,3444.13,160.62,28.01,0.7518,14.206,73.21,0.12478
2024-07-17 00:00:00+00:00,64087.99,3387.05,155.5,27.24,0.7471,13.737,71.38,0.12178
2024-07-18 00:00:00+00:00,63987.92,3426.5,159.22,27.14,0.7475,13.593,71.63,0.11956
2024-07-19 00:00:00+00:00,66660.0,3503.53,169.13,28.16,0.774,14.076,73.4,0.12543
2024-07-20 00:00:00+00:00,67139.96,3517.5,173.6,29.11,0.7789,14.247,73.03,0.13424
2024-07-21 00:00:00+00:00,68165.34,3535.92,184.49,32.64,0.8026,14.816,73.98,0.14026
2024-07-22 00:00:00+00:00,67532.01,3439.6,178.9,31.87,0.7599,13.93,71.26,0.13776
2024-07-23 00:00:00+00:00,65936.01,3482.51,173.03,29.82,0.7992,13.91,72.92,0.13031
2024-07-24 00:00:00+00:00,65376.0,3335.81,178.06,28.38,0.7394,13.4,71.29,0.12795
2024-07-25 00:00:00+00:00,65799.95,3175.48,171.85,27.24,0.6984,12.94,68.79,0.12526
2024-07-26 00:00:00+00:00,67907.99,3274.61,183.06,28.72,0.7264,13.53,71.31,0.13419
2024-07-27 00:00:00+00:00,67896.5,3249.01,183.92,28.04,0.7209,13.54,71.32,0.13144
2024-07-28 00:00:00+00:00,68249.88,3270.16,184.9,27.4,0.7124,13.3,71.07,0.13004
2024-07-29 00:00:00+00:00,66784.69,3317.66,182.57,27.01,0.7038,13.53,73.69,0.12843
2024-07-30 00:00:00+00:00,66188.0,3279.21,179.16,26.33,0.6781,13.14,71.69,0.12551
2024-07-31 00:00:00+00:00,64628.0,3232.74,171.71,25.7,0.6575,12.83,70.14,0.12192
2024-08-01 00:00:00+00:00,65354.02,3203.4,167.37,25.71,0.6538,12.88,69.59,0.11899
2024-08-02 00:00:00+00:00,61498.33,2989.61,152.77,23.6,0.6034,11.93,65.06,0.11154
2024-08-03 00:00:00+00:00,60697.99,2903.64,142.52,22.67,0.6072,11.68,64.65,0.10811
2024-08-04 00:00:00+00:00,58161.0,2688.92,138.33,21.25,0.5651,10.88,62.46,0.10375
2024-08-05 00:00:00+00:00,54018.81,2419.59,129.78,19.54,0.4818,9.49,56.08,0.09436
2024-08-06 00:00:00+00:00,56022.01,2461.33,144.4,20.89,0.5027,10.07,58.25,0.09645
2024-08-07 00:00:00+00:00,55134.16,2342.8,144.77,19.85,0.4847,9.48,55.99,0.09558
2024-08-08 00:00:00+00:00,61685.99,2682.5,163.13,22.73,0.5548,10.75,61.16,0.10748
2024-08-09 00:00:00+00:00,60837.99,2598.78,156.28,21.74,0.5774,10.53,60.72,0.10386
2024-08-10 00:00:00+00:00,60923.51,2609.92,154.01,21.59,0.5773,10.55,61.16,0.10518
2024-08-11 00:00:00+00:00,58712.59,2555.38,141.57,20.4,0.5521,10.0,59.73,0.10059
2024-08-12 00:00:00+00:00,59346.64,2722.3,146.29,21.26,0.5892,10.56,61.5,0.10791
2024-08-13 00:00:00+00:00,60587.15,2702.44,146.65,21.37,0.5789,10.58,63.44,0.10636
2024-08-14 00:00:00+00:00,58683.39,2661.45,143.71,20.95,0.5617,10.39,64.06,0.1024
2024-08-15 00:00:00+00:00,57541.06,2569.89,142.58,20.14,0.5359,10.17,65.33,0.10021
2024-08-16 00:00:00+00:00,58874.6,2592.73,139.04,20.36,0.5335,10.12,66.49,0.10035
2024-08-17 00:00:00+00:00,59491.99,2614.51,141.93,20.7,0.5402,10.16,67.59,0.10275
2024-08-18 00:00:00+00:00,58427.35,2612.15,142.42,20.82,0.537,10.09,66.33,0.10004
2024-08-19 00:00:00+00:00,59438.5,2636.36,144.29,21.21,0.5404,10.19,66.32,0.10133
2024-08-20 00:00:00+00:00,59013.8,2572.82,142.27,22.26,0.5353,10.23,64.41,0.10289
2024-08-21 00:00:00+00:00,61156.03,2630.71,142.79,23.53,0.5528,11.22,64.27,0.10615
2024-08-22 00:00:00+00:00,60375.84,2622.88,143.22,25.22,0.5617,11.48,63.77,0.10525
2024-08-23 00:00:00+00:00,64037.24,2762.48,153.26,26.49,0.6027,12.05,66.1,0.11293
2024-08-24 00:00:00+00:00,64157.01,2768.0,160.67,27.11,0.6216,12.35,66.57,0.11258
2024-08-25 00:00:00+00:00,64220.0,2746.13,158.92,26.92,0.5976,12.1,64.82,0.10959
2024-08-26 00:00:00+00:00,62834.0,2680.49,157.12,25.94,0.5711,11.83,63.01,0.1052
2024-08-27 00:00:00+00:00,59415.0,2457.33,146.79,24.09,0.5253,11.16,60.38,0.09891
2024-08-28 00:00:00+00:00,59034.9,2528.33,143.95,23.45,0.522,11.17,61.82,0.09964
2024-08-29 00:00:00+00:00,59359.01,2527.61,140.0,22.89,0.5129,10.94,62.47,0.10037
2024-08-30 00:00:00+00:00,59123.99,2526.0,137.99,23.29,0.5138,11.11,64.94,0.10177
2024-08-31 00:00:00+00:00,58973.99,2513.01,135.35,22.81,0.5141,11.02,64.97,0.10128
2024-09-01 00:00:00+00:00,57301.86,2425.72,128.5,21.42,0.49,10.37,63.59,0.09509
2024-09-02 00:00:00+00:00,59132.13,2538.01,134.94,22.37,0.5164,10.77,65.33,0.09912
2024-09-03 00:00:00+00:00,57487.73,2425.29,127.54,21.38,0.4943,10.31,64.36,0.09677
2024-09-04 00:00:00+00:00,57970.9,2450.71,133.64,21.9,0.4971,10.34,65.42,0.098
2024-09-05 00:00:00+00:00,56180.0,2368.81,129.41,21.38,0.4972,10.03,66.08,0.09842
2024-09-06 00:00:00+00:00,53962.97,2225.23,125.05,21.17,0.4808,9.57,63.05,0.09254
2024-09-07 00:00:00+00:00,54160.86,2273.58,127.71,21.8,0.5011,10.03,62.07,0.09539
2024-09-08 00:00:00+00:00,54869.95,2297.3,130.15,23.25,0.5088,10.35,60.95,0.09616
2024-09-09 00:00:00+00:00,57042.0,2359.5,135.08,23.84,0.524,10.53,61.42,0.10376
2024-09-10 00:00:00+00:00,57635.99,2388.52,135.63,24.36,0.5335,10.58,61.51,0.1028
2024-09-11 00:00:00+00:00,57338.0,2340.55,132.42,23.28,0.5144,10.4,62.19,0.10131
2024-09-12 00:00:00+00:00,58132.32,2361.76,136.05,24.02,0.5248,10.78,62.84,0.10269
2024-09-13 00:00:00+00:00,60498.0,2439.19,139.02,24.91,0.5371,11.45,64.91,0.10696
2024-09-14 00:00:00+00:00,59993.03,2417.79,137.14,25.32,0.5306,11.29,65.91,0.1054
2024-09-15 00:00:00+00:00,59132.0,2316.1,131.37,23.8,0.511,10.81,63.24,0.10281
2024-09-16 00:00:00+00:00,58213.99,2295.68,131.47,23.52,0.5107,10.54,62.62,0.09964
2024-09-17 00:00:00+00:00,60313.99,2341.8,131.54,23.77,0.5222,10.63,63.77,0.10112
2024-09-18 00:00:00+00:00,61759.99,2374.75,134.34,24.68,0.5292,10.89,64.84,0.10385
2024-09-19 00:00:00+00:00,62947.99,2465.21,142.89,26.66,0.5574,11.21,65.4,0.10499
2024-09-20 00:00:00+00:00,63201.05,2561.4,146.66,27.67,0.5774,11.44,65.33,0.10555
2024-09-21 00:00:00+00:00,63348.96,2612.4,149.41,27.79,0.6156,11.5,66.84,0.10993
2024-09-22 00:00:00+00:00,63578.76,2581.0,144.63,27.29,0.6,11.13,68.68,0.10633
2024-09-23 00:00:00+00:00,63339.99,2646.97,144.79,27.39,0.5987,11.39,66.96,0.10807
2024-09-24 00:00:00+00:00,64262.7,2653.2,152.73,28.46,0.614,12.15,66.7,0.10979
2024-09-25 00:00:00+00:00,63152.01,2579.95,147.98,27.28,0.5986,12.11,66.55,0.10849
2024-09-26 00:00:00+00:00,65173.99,2632.26,155.55,29.16,0.62,12.56,68.54,0.11818
2024-09-27 00:00:00+00:00,65769.95,2694.43,157.64,30.43,0.6678,12.67,71.13,0.12351
2024-09-28 00:00:00+00:00,65858.0,2675.21,156.75,29.28,0.6473,12.95,69.95,0.12806
2024-09-29 00:00:00+00:00,65602.01,2657.62,158.46,29.04,0.6454,12.46,69.27,0.12438
2024-09-30 00:00:00+00:00,63327.59,2602.23,152.49,27.71,0.6042,11.85,66.82,0.11421
2024-10-01 00:00:00+00:00,60805.78,2447.79,145.13,25.82,0.5506,11.01,63.41,0.10685
2024-10-02 00:00:00+00:00,60649.28,2364.1,140.18,25.33,0.5317,10.66,62.95,0.10462
2024-10-03 00:00:00+00:00,60752.71,2349.8,136.82,24.66,0.5336,10.66,63.44,0.10507
2024-10-04 00:00:00+00:00,62086.0,2414.41,143.24,26.27,0.5652,11.08,64.95,0.10924
2024-10-05 00:00:00+00:00,62058.0,2414.66,142.59,25.67,0.5501,11.27,66.29,0.1094
2024-10-06 00:00:00+00:00,62819.91,2440.03,146.48,26.94,0.5595,11.27,67.02,0.11159
2024-10-07 00:00:00+00:00,62224.0,2422.71,143.96,26.56,0.5492,11.16,64.77,0.10841
2024-10-08 00:00:00+00:00,62160.49,2440.89,143.49,26.34,0.5405,10.82,65.69,0.10709
2024-10-09 00:00:00+00:00,60636.02,2370.47,139.33,25.76,0.5215,10.53,64.59,0.10794
2024-10-10 00:00:00+00:00,60326.39,2386.49,139.03,25.86,0.5256,10.56,64.32,0.10603
2024-10-11 00:00:00+00:00,62540.0,2439.5,145.53,27.45,0.5342,10.91,65.58,0.11077
2024-10-12 00:00:00+00:00,63206.22,2476.4,146.4,28.64,0.5379,11.01,66.19,0.11138
2024-10-13 00:00:00+00:00,62870.02,2468.91,147.74,29.06,0.5295,10.75,64.8,0.1114
2024-10-14 00:00:00+00:00,66083.99,2629.79,157.59,29.07,0.5647,11.28,66.83,0.11669
2024-10-15 00:00:00+00:00,67074.14,2607.41,154.76,28.21,0.5677,11.45,70.87,0.11748
2024-10-16 00:00:00+00:00,67620.01,2611.1,154.28,28.02,0.5573,11.24,70.08,0.12573
2024-10-17 00:00:00+00:00,67421.78,2605.8,150.5,27.31,0.5469,11.03,72.8,0.12967
2024-10-18 00:00:00+00:00,68428.0,2642.17,154.94,28.1,0.5635,11.48,73.11,0.13716
2024-10-19 00:00:00+00:00,68378.0,2648.2,159.79,28.1,0.5662,11.42,74.9,0.14407
2024-10-20 00:00:00+00:00,69031.99,2746.91,167.4,28.96,0.6129,11.98,74.3,0.14214
2024-10-21 00:00:00+00:00,67377.5,2666.7,166.17,27.75,0.5881,11.71,70.77,0.14367
2024-10-22 00:00:00+00:00,67426.0,2622.81,167.59,27.64,0.58,11.97,70.04,0.1397
2024-10-23 00:00:00+00:00,66668.65,2524.61,170.85,26.75,0.5597,11.32,70.04,0.13997
2024-10-24 00:00:00+00:00,68198.28,2535.82,177.19,26.83,0.5611,11.62,71.18,0.14188
2024-10-25 00:00:00+00:00,66698.33,2440.62,164.9,24.93,0.5069,11.13,68.84,0.13161
2024-10-26 00:00:00+00:00,67092.76,2482.51,170.88,25.41,0.5144,11.01,68.47,0.13747
2024-10-27 00:00:00+00:00,68021.7,2507.8,176.63,25.77,0.5195,10.99,71.06,0.14426
2024-10-28 00:00:00+00:00,69962.21,2567.48,178.29,26.25,0.5225,11.18,70.8,0.16146
2024-10-29 00:00:00+00:00,72736.42,2638.8,179.42,26.88,0.5475,11.8,73.98,0.17586
2024-10-30 00:00:00+00:00,72344.74,2659.19,174.87,26.18,0.5573,12.39,71.76,0.16828
2024-10-31 00:00:00+00:00,70292.01,2518.61,168.69,25.03,0.527,11.41,69.33,0.16164
2024-11-01 00:00:00+00:00,69496.01,2511.49,166.1,24.78,0.5195,11.25,70.27,0.15916
2024-11-02 00:00:00+00:00,69374.74,2494.23,166.17,24.12,0.5045,11.19,69.2,0.15955
2024-11-03 00:00:00+00:00,68775.99,2457.73,162.53,23.54,0.4823,10.76,66.86,0.15139
2024-11-04 00:00:00+00:00,67850.01,2398.21,157.95,22.72,0.4733,10.26,65.56,0.15822
2024-11-05 00:00:00+00:00,69372.01,2422.55,166.62,23.99,0.4904,10.83,65.39,0.16999
2024-11-06 00:00:00+00:00,75571.99,2721.87,186.59,27.01,0.5486,12.17,71.01,0.19646
2024-11-07 00:00:00+00:00,75857.89,2895.47,196.35,27.38,0.5807,12.59,71.45,0.19324
2024-11-08 00:00:00+00:00,76509.78,2961.75,199.85,28.78,0.5915,13.69,72.78,0.20197
2024-11-09 00:00:00+00:00,76677.46,3126.21,199.89,30.36,0.6197,13.78,73.98,0.2189
2024-11-10 00:00:00+00:00,80370.01,3183.21,210.07,31.89,0.6287,14.25,76.58,0.27778
2024-11-11 00:00:00+00:00,88647.99,3371.59,222.13,35.71,0.6712,14.91,80.03,0.35136
2024-11-12 00:00:00+00:00,87952.01,3243.8,211.64,33.96,0.63,13.95,76.69,0.37985
2024-11-13 00:00:00+00:00,90375.2,3187.16,215.13,33.12,0.6119,13.48,75.39,0.39903
2024-11-14 00:00:00+00:00,87325.59,3058.82,209.57,31.21,0.5802,13.0,82.38,0.36254
2024-11-15 00:00:00+00:00,91032.07,3090.01,218.45,33.13,0.6065,13.84,83.7,0.3815
2024-11-16 00:00:00+00:00,90586.92,3132.87,215.71,35.14,0.7251,14.52,95.42,0.36421
2024-11-17 00:00:00+00:00,89855.99,3076.0,237.47,34.71,0.6741,13.78,87.2,0.36704
2024-11-18 00:00:00+00:00,90464.08,3207.8,239.79,35.48,0.7385,15.26,89.22,0.37113
2024-11-19 00:00:00+00:00,92310.79,3107.44,237.63,34.2,0.6919,14.62,86.68,0.39067
2024-11-20 00:00:00+00:00,94286.56,3069.97,235.48,33.59,0.6721,14.24,83.38,0.37778
2024-11-21 00:00:00+00:00,98317.12,3355.81,256.37,35.84,0.7785,14.89,89.51,0.38664
2024-11-22 00:00:00+00:00,98892.0,3327.78,256.9,43.17,0.8092,16.57,92.2,0.41277
2024-11-23 00:00:00+00:00,97672.4,3393.91,254.89,41.44,0.8554,17.38,99.5,0.43015
2024-11-24 00:00:00+00:00,97900.04,3361.2,252.73,42.06,0.8621,17.91,96.92,0.43023
2024-11-25 00:00:00+00:00,93010.01,3414.49,234.18,41.31,0.9053,17.34,92.26,0.39264
2024-11-26 00:00:00+00:00,91965.16,3324.73,230.69,42.72,0.8702,17.34,92.82,0.38705
2024-11-27 00:00:00+00:00,95863.11,3653.28,241.96,43.78,0.9678,18.66,97.23,0.40093
2024-11-28 00:00:00+00:00,95643.98,3578.79,237.59,42.77,0.9134,17.93,95.54,0.4016
2024-11-29 00:00:00+00:00,97460.0,3592.21,243.33,44.86,0.9304,18.24,104.77,0.42636
2024-11-30 00:00:00+00:00,96407.99,3703.6,237.6,44.81,0.9712,19.0,102.74,0.4216
2024-12-01 00:00:00+00:00,97185.18,3707.61,236.8,45.09,0.9689,18.92,119.55,0.44045
2024-12-02 00:00:00+00:00,95840.62,3643.42,225.72,52.27,1.0267,25.23,132.93,0.42457
2024-12-03 00:00:00+00:00,95849.69,3614.51,233.92,50.9,1.0451,24.09,130.89,0.40632
2024-12-04 00:00:00+00:00,98587.32,3837.8,229.15,52.76,1.1357,24.07,133.69,0.43274
2024-12-05 00:00:00+00:00,96945.63,3785.2,235.84,50.3,1.1018,23.15,135.78,0.42682
2024-12-06 00:00:00+00:00,99740.84,3998.87,236.87,52.47,1.1735,25.87,135.93,0.43467
2024-12-07 00:00:00+00:00,99831.99,3996.22,238.14,51.6,1.1634,24.79,133.79,0.45281
2024-12-08 00:00:00+00:00,101109.59,4004.15,237.02,53.98,1.1583,26.09,134.91,0.46635
2024-12-09 00:00:00+00:00,97276.47,3712.0,216.63,45.02,0.9598,22.25,110.44,0.41403
2024-12-10 00:00:00+00:00,96593.0,3628.25,213.6,44.6,0.9382,22.12,109.8,0.39392
2024-12-11 00:00:00+00:00,101125.0,3831.81,227.29,48.47,0.9995,24.07,117.3,0.41402
2024-12-12 00:00:00+00:00,100004.29,3881.61,226.96,53.14,1.0273,29.13,119.24,0.40611
2024-12-13 00:00:00+00:00,101424.25,3906.8,224.79,52.78,1.0339,28.99,124.52,0.40901
2024-12-14 00:00:00+00:00,101420.0,3870.29,219.93,49.85,0.984,29.12,118.21,0.39828
2024-12-15 00:00:00+00:00,104463.99,3959.09,224.27,50.76,1.0168,29.26,121.11,0.40659
2024-12-16 00:00:00+00:00,106058.66,3986.24,216.19,48.98,1.0027,28.73,117.99,0.40195
2024-12-17 00:00:00+00:00,106133.74,3893.01,223.15,47.92,0.9482,27.86,125.63,0.39415
2024-12-18 00:00:00+00:00,100204.01,3626.8,206.53,42.78,0.8612,24.86,108.35,0.35824
2024-12-19 00:00:00+00:00,97461.86,3417.01,193.81,38.83,0.7799,22.81,99.36,0.31431
2024-12-20 00:00:00+00:00,97805.44,3472.21,194.48,39.86,0.796,23.39,101.38,0.31793
2024-12-21 00:00:00+00:00,97291.99,3338.92,181.45,37.42,0.7494,22.13,101.56,0.32042
2024-12-22 00:00:00+00:00,95186.27,3281.83,180.52,36.57,0.747,22.08,99.78,0.31262
2024-12-23 00:00:00+00:00,94881.47,3422.53,190.11,39.11,0.8004,24.55,106.77,0.32497
2024-12-24 00:00:00+00:00,98663.58,3493.18,197.09,41.25,0.8183,25.42,108.35,0.3371
2024-12-25 00:00:00+00:00,99429.6,3497.0,197.44,40.25,0.8055,24.44,109.82,0.33433
2024-12-26 00:00:00+00:00,95791.6,3335.05,188.46,37.33,0.7534,22.68,102.23,0.31274
2024-12-27 00:00:00+00:00,94299.03,3333.51,184.22,36.56,0.7607,21.57,100.58,0.31186
2024-12-28 00:00:00+00:00,95300.0,3404.0,195.5,37.74,0.7759,21.99,100.74,0.32439
2024-12-29 00:00:00+00:00,93738.2,3356.48,189.94,35.84,0.7423,20.96,98.51,0.31435
2024-12-30 00:00:00+00:00,92792.05,3361.84,191.38,35.97,0.7333,20.58,99.4,0.31396
2024-12-31 00:00:00+00:00,93576.0,3337.78,189.31,35.71,0.7222,20.01,103.28,0.316
2025-01-01 00:00:00+00:00,94591.79,3360.38,194.28,37.78,0.7461,21.73,105.24,0.32513
2025-01-02 00:00:00+00:00,96984.79,3455.67,208.31,39.28,0.7759,22.07,105.14,0.33893
2025-01-03 00:00:00+00:00,98174.18,3609.01,217.99,41.94,0.8345,23.48,112.71,0.37989
2025-01-04 00:00:00+00:00,98220.5,3656.88,216.67,42.63,0.8947,23.6,111.21,0.39483
2025-01-05 00:00:00+00:00,98363.61,3635.99,213.41,43.11,0.9162,23.58,115.72,0.3823
2025-01-06 00:00:00+00:00,102235.6,3687.45,218.22,44.05,0.919,23.83,114.01,0.38782
2025-01-07 00:00:00+00:00,96954.61,3381.31,202.17,39.21,0.8207,21.38,102.72,0.348
2025-01-08 00:00:00+00:00,95060.61,3327.29,197.48,37.43,0.7871,20.44,101.43,0.3423
2025-01-09 00:00:00+00:00,92552.49,3219.2,184.95,36.2,0.7432,19.65,102.23,0.321
2025-01-10 00:00:00+00:00,94726.11,3267.04,187.68,36.67,0.748,20.24,103.96,0.33388
2025-01-11 00:00:00+00:00,94599.99,3282.83,188.09,37.13,0.7441,20.21,104.39,0.3412
2025-01-12 00:00:00+00:00,94545.06,3267.3,188.51,36.56,0.7304,19.84,102.34,0.33591
2025-01-13 00:00:00+00:00,94536.1,3137.51,182.87,35.29,0.703,19.35,98.37,0.33807
2025-01-14 00:00:00+00:00,96560.86,3225.63,187.57,36.57,0.7388,20.32,102.45,0.35591
2025-01-15 00:00:00+00:00,100497.35,3451.52,205.86,39.82,0.7918,22.1,116.96,0.38537
2025-01-16 00:00:00+00:00,99987.3,3308.05,211.14,40.06,0.7575,23.03,124.41,0.37649
2025-01-17 00:00:00+00:00,104077.48,3473.63,219.51,41.38,0.8152,25.09,137.04,0.41525
2025-01-18 00:00:00+00:00,104556.23,3307.71,261.97,39.25,0.7671,24.12,125.4,0.39641
2025-01-19 00:00:00+00:00,101331.57,3215.12,252.42,35.68,0.6982,24.34,115.57,0.3584
2025-01-20 00:00:00+00:00,102260.01,3284.0,242.19,36.03,0.6983,25.09,118.58,0.35456
2025-01-21 00:00:00+00:00,106143.82,3327.54,250.33,36.95,0.7222,26.67,119.11,0.37177
2025-01-22 00:00:00+00:00,103706.66,3242.6,257.36,36.8,0.7007,25.3,115.38,0.36291
2025-01-23 00:00:00+00:00,103910.34,3338.21,253.11,35.56,0.7204,25.65,116.42,0.35206
2025-01-24 00:00:00+00:00,104870.5,3310.09,253.37,35.34,0.6994,25.18,118.71,0.35085
2025-01-25 00:00:00+00:00,104746.85,3318.77,256.41,36.61,0.7006,24.93,123.92,0.35352
2025-01-26 00:00:00+00:00,102620.0,3232.61,240.5,35.75,0.6756,24.88,117.11,0.33605
2025-01-27 00:00:00+00:00,102082.83,3182.44,234.89,34.2,0.6433,24.21,115.06,0.33397
2025-01-28 00:00:00+00:00,101335.52,3077.72,227.06,32.08,0.5925,22.61,109.92,0.31871
2025-01-29 00:00:00+00:00,103733.24,3113.9,228.16,32.8,0.6054,23.66,115.9,0.32404
2025-01-30 00:00:00+00:00,104722.94,3247.39,238.31,34.29,0.63,24.46,130.15,0.33153
2025-01-31 00:00:00+00:00,102429.56,3300.99,231.77,34.42,0.6414,25.17,128.09,0.3289
2025-02-01 00:00:00+00:00,100635.65,3117.54,213.03,32.11,0.5781,22.98,118.04,0.30792
2025-02-02 00:00:00+00:00,97700.59,2869.68,203.51,27.63,0.4936,20.46,109.12,0.26808
2025-02-03 00:00:00+00:00,101328.52,2879.9,216.28,28.39,0.5109,21.64,106.91,0.28485
2025-02-04 00:00:00+00:00,97763.13,2731.19,206.64,26.46,0.4774,19.97,101.07,0.26345
2025-02-05 00:00:00+00:00,96612.43,2788.25,196.12,25.84,0.4707,19.19,103.38,0.25619
2025-02-06 00:00:00+00:00,96554.35,2686.64,189.54,24.5,0.4455,18.58,101.66,0.24789
2025-02-07 00:00:00+00:00,96506.8,2622.1,191.99,24.46,0.4326,18.39,103.11,0.24651
2025-02-08 00:00:00+00:00,96444.74,2632.46,199.32,24.58,0.45,18.45,104.69,0.25288
2025-02-09 00:00:00+00:00,96462.75,2627.18,200.47,24.87,0.449,18.26,107.2,0.2489
2025-02-10 00:00:00+00:00,97430.82,2661.19,200.47,25.67,0.4723,18.81,120.21,0.25542
2025-02-11 00:00:00+00:00,95778.2,2602.59,197.96,25.39,0.4629,18.66,119.27,0.25305
2025-02-12 00:00:00+00:00,97869.99,2738.27,196.78,26.49,0.4939,19.2,122.04,0.26418
2025-02-13 00:00:00+00:00,96608.14,2675.87,194.25,25.39,0.4873,18.56,126.61,0.26245
2025-02-14 00:00:00+00:00,97500.48,2725.95,199.39,26.39,0.4976,19.38,124.91,0.2718
2025-02-15 00:00:00+00:00,97569.66,2693.04,194.48,25.48,0.4767,18.99,133.86,0.27174
2025-02-16 00:00:00+00:00,96118.12,2661.41,188.27,24.85,0.4741,18.69,125.71,0.26555
2025-02-17 00:00:00+00:00,95780.0,2744.05,177.53,25.03,0.4968,19.12,122.31,0.25819
2025-02-18 00:00:00+00:00,95671.74,2671.99,169.32,23.52,0.4604,17.88,129.75,0.25137
2025-02-19 00:00:00+00:00,96644.37,2715.5,168.93,23.74,0.4711,17.98,134.88,0.2548
2025-02-20 00:00:00+00:00,98305.0,2738.04,176.0,25.15,0.4908,18.28,130.82,0.25474
2025-02-21 00:00:00+00:00,96181.98,2663.0,168.94,24.54,0.4681,17.43,128.1,0.23966
2025-02-22 00:00:00+00:00,96551.01,2763.22,172.07,25.83,0.4766,17.76,125.9,0.24656
2025-02-23 00:00:00+00:00,96258.0,2819.69,167.94,24.85,0.4781,17.62,129.85,0.24285
2025-02-24 00:00:00+00:00,91552.88,2513.52,141.81,21.88,0.4111,15.26,114.77,0.21043
2025-02-25 00:00:00+00:00,88680.4,2495.7,144.33,21.94,0.4195,15.31,114.55,0.21158
2025-02-26 00:00:00+00:00,84250.09,2336.37,135.32,21.87,0.4224,15.26,124.68,0.20355
2025-02-27 00:00:00+00:00,84708.58,2307.72,137.68,22.52,0.4249,15.1,126.86,0.20687
2025-02-28 00:00:00+00:00,84349.94,2237.59,148.18,22.37,0.422,14.81,128.04,0.20184
2025-03-01 00:00:00+00:00,86064.53,2217.39,143.66,21.86,0.4179,14.75,124.31,0.20673
2025-03-02 00:00:00+00:00,94270.0,2518.11,178.71,24.95,0.463,17.42,127.89,0.23931
2025-03-03 00:00:00+00:00,86220.61,2149.01,142.16,20.95,0.3918,14.46,109.89,0.19913
2025-03-04 00:00:00+00:00,87281.98,2171.51,144.79,20.0,0.3798,14.86,103.66,0.19905
2025-03-05 00:00:00+00:00,90606.01,2241.59,146.28,21.73,0.415,16.43,104.73,0.20471
2025-03-06 00:00:00+00:00,89931.89,2202.2,143.31,20.99,0.4038,17.06,103.39,0.20153
2025-03-07 00:00:00+00:00,86801.75,2141.6,139.39,20.14,0.3948,15.94,103.71,0.19844
2025-03-08 00:00:00+00:00,86222.45,2203.58,137.01,20.49,0.3981,15.26,102.34,0.19234
2025-03-09 00:00:00+00:00,80734.37,2020.41,126.51,17.97,0.3495,13.81,94.62,0.16809
2025-03-10 00:00:00+00:00,78595.86,1865.1,118.32,16.26,0.3203,12.65,87.48,0.15408
2025-03-11 00:00:00+00:00,82932.99,1923.43,125.35,17.51,0.3377,13.13,90.46,0.16454
2025-03-12 00:00:00+00:00,83680.12,1908.2,126.62,18.91,0.3485,13.49,91.51,0.17244
2025-03-13 00:00:00+00:00,81115.78,1864.59,123.37,18.5,0.3438,13.04,88.08,0.16523
2025-03-14 00:00:00+00:00,83983.2,1911.65,133.54,18.58,0.3588,13.66,91.31,0.17194
2025-03-15 00:00:00+00:00,84338.44,1937.17,135.86,19.4,0.3644,14.01,92.47,0.17594
2025-03-16 00:00:00+00:00,82574.53,1887.0,126.13,18.25,0.3482,13.37,90.22,0.16817
2025-03-17 00:00:00+00:00,84010.03,1926.31,128.01,18.82,0.3698,14.03,92.3,0.17332
2025-03-18 00:00:00+00:00,82715.03,1931.54,125.33,18.97,0.3715,13.91,90.03,0.16802
2025-03-19 00:00:00+00:00,86845.94,2056.06,135.33,19.74,0.385,15.03,94.09,0.17799
2025-03-20 00:00:00+00:00,84223.39,1983.79,127.6,18.74,0.3757,14.22,93.29,0.16949
2025-03-21 00:00:00+00:00,84088.79,1965.75,128.48,19.18,0.3596,13.97,90.84,0.16727
2025-03-22 00:00:00+00:00,83840.59,1980.69,128.51,19.43,0.365,14.25,91.37,0.16737
2025-03-23 00:00:00+00:00,86082.5,2005.99,132.84,19.82,0.3685,14.47,91.48,0.1726
2025-03-24 00:00:00+00:00,87498.16,2081.2,141.01,21.48,0.391,15.13,93.77,0.183
2025-03-25 00:00:00+00:00,87392.87,2066.15,143.64,22.9,0.3935,15.44,94.36,0.19062
2025-03-26 00:00:00+00:00,86909.17,2009.52,137.34,22.04,0.382,15.24,92.42,0.1949
2025-03-27 00:00:00+00:00,87232.01,2003.66,138.43,22.02,0.3843,15.52,92.79,0.19046
2025-03-28 00:00:00+00:00,84424.38,1896.9,129.49,20.36,0.3479,14.25,87.35,0.18024
2025-03-29 00:00:00+00:00,82648.54,1828.08,124.58,19.6,0.331,13.55,85.46,0.16957
2025-03-30 00:00:00+00:00,82389.99,1807.74,124.82,18.86,0.332,13.41,86.1,0.16652
2025-03-31 00:00:00+00:00,82550.01,1822.43,124.54,18.77,0.3279,13.51,82.97,0.16666
2025-04-01 00:00:00+00:00,85158.34,1904.98,126.67,19.82,0.3333,14.04,84.48,0.17398
2025-04-02 00:00:00+00:00,82516.29,1795.22,117.42,17.99,0.307,12.9,81.54,0.16383
2025-04-03 00:00:00+00:00,83213.09,1817.23,117.17,18.15,0.3105,12.9,83.45,0.16231
2025-04-04 00:00:00+00:00,83889.87,1816.87,122.79,18.19,0.3126,12.94,84.41,0.17128
2025-04-05 00:00:00+00:00,83537.99,1806.01,120.32,17.87,0.309,12.85,82.67,0.16898
2025-04-06 00:00:00+00:00,78430.0,1580.76,105.91,16.04,0.2681,11.28,70.62,0.14927
2025-04-07 00:00:00+00:00,79163.24,1553.04,106.99,16.68,0.2744,11.45,70.99,0.14958
2025-04-08 00:00:00+00:00,76322.42,1473.41,105.4,16.15,0.2645,10.93,69.15,0.14225
2025-04-09 00:00:00+00:00,82615.22,1669.51,119.05,18.44,0.2934,12.65,76.03,0.16031
2025-04-10 00:00:00+00:00,79607.3,1522.25,112.81,18.31,0.2863,12.08,73.81,0.15357
2025-04-11 00:00:00+00:00,83423.84,1566.85,121.41,19.12,0.295,12.64,76.19,0.16004
2025-04-12 00:00:00+00:00,85276.9,1644.18,132.24,20.49,0.311,13.15,78.62,0.16763
2025-04-13 00:00:00+00:00,83760.0,1597.76,128.38,19.59,0.3005,12.62,77.85,0.1626
2025-04-14 00:00:00+00:00,84591.58,1623.77,129.42,20.11,0.2958,12.63,77.18,0.15854
2025-04-15 00:00:00+00:00,83643.99,1588.78,126.11,19.01,0.2797,12.24,75.27,0.15356
2025-04-16 00:00:00+00:00,84030.38,1577.14,131.33,18.76,0.2787,12.35,74.33,0.15471
2025-04-17 00:00:00+00:00,84947.91,1583.62,134.83,19.05,0.2825,12.54,74.95,0.15588
2025-04-18 00:00:00+00:00,84474.69,1588.6,134.04,19.07,0.2908,12.56,76.0,0.15759
2025-04-19 00:00:00+00:00,85077.01,1613.27,139.87,19.89,0.3006,12.94,76.1,0.15735
2025-04-20 00:00:00+00:00,85179.24,1587.36,137.86,19.51,0.3046,13.28,77.79,0.15526
2025-04-21 00:00:00+00:00,87516.23,1579.57,136.56,19.92,0.2995,13.11,78.15,0.15939
2025-04-22 00:00:00+00:00,93442.99,1756.26,148.79,22.11,0.3223,14.13,83.49,0.17863
2025-04-23 00:00:00+00:00,93691.08,1795.07,151.1,22.33,0.3391,15.02,83.28,0.17864
2025-04-24 00:00:00+00:00,93980.47,1769.65,152.55,22.37,0.3421,15.06,84.29,0.18254
2025-04-25 00:00:00+00:00,94638.68,1784.6,150.82,22.17,0.3463,14.92,86.28,0.18159
2025-04-26 00:00:00+00:00,94628.0,1820.88,149.21,22.42,0.3526,14.86,87.06,0.18192
2025-04-27 00:00:00+00:00,93749.3,1791.29,147.98,21.71,0.3357,14.56,85.39,0.17933
2025-04-28 00:00:00+00:00,95011.18,1799.88,147.84,21.84,0.3359,15.03,85.67,0.17907
2025-04-29 00:00:00+00:00,94256.82,1797.81,146.31,21.57,0.3279,14.6,85.57,0.17466
2025-04-30 00:00:00+00:00,94172.0,1793.61,147.54,20.92,0.3259,14.3,83.51,0.17224
2025-05-01 00:00:00+00:00,96489.91,1838.11,150.85,21.64,0.3393,14.74,88.85,0.18065
2025-05-02 00:00:00+00:00,96887.14,1842.2,148.05,21.25,0.3387,14.65,87.97,0.18151
2025-05-03 00:00:00+00:00,95856.42,1833.52,146.71,20.52,0.3197,14.24,86.55,0.17564
2025-05-04 00:00:00+00:00,94277.62,1808.86,143.95,19.91,0.3106,13.86,85.05,0.17049
2025-05-05 00:00:00+00:00,94733.68,1820.19,146.72,19.69,0.3111,13.65,83.25,0.17062
2025-05-06 00:00:00+00:00,96834.02,1817.0,146.88,20.01,0.3084,13.82,91.6,0.17219
2025-05-07 00:00:00+00:00,97030.5,1811.11,147.32,19.55,0.3108,13.82,89.53,0.17202
2025-05-08 00:00:00+00:00,103261.6,2207.39,164.46,22.16,0.3625,15.88,94.99,0.19817
2025-05-09 00:00:00+00:00,102971.99,2345.04,172.78,23.27,0.3786,16.01,100.52,0.2053
2025-05-10 00:00:00+00:00,104809.53,2583.23,177.89,25.82,0.4842,17.34,105.27,0.25063
2025-05-11 00:00:00+00:00,104118.0,2514.57,173.19,24.78,0.4515,17.1,100.12,0.23181
2025-05-12 00:00:00+00:00,102791.32,2495.47,174.22,24.83,0.4304,16.74,103.84,0.23101
2025-05-13 00:00:00+00:00,104103.72,2679.71,183.75,25.72,0.4571,17.39,103.41,0.24078
2025-05-14 00:00:00+00:00,103507.82,2609.74,176.64,24.96,0.4265,17.01,100.95,0.23278
2025-05-15 00:00:00+00:00,103763.71,2548.69,169.16,23.5,0.3982,16.04,99.26,0.21939
2025-05-16 00:00:00+00:00,103463.9,2537.12,167.4,23.06,0.3898,15.76,99.48,0.22111
2025-05-17 00:00:00+00:00,103126.65,2475.08,165.94,22.17,0.3759,15.32,96.06,0.21457
2025-05-18 00:00:00+00:00,106454.26,2497.78,173.3,23.06,0.3952,15.88,100.94,0.23304
2025-05-19 00:00:00+00:00,105573.74,2528.14,166.86,22.25,0.3919,15.78,98.25,0.22445
2025-05-20 00:00:00+00:00,106849.99,2524.19,168.59,22.6,0.3937,15.71,94.46,0.22625
2025-05-21 00:00:00+00:00,109643.99,2550.99,173.53,23.17,0.411,16.1,97.09,0.23404
2025-05-22 00:00:00+00:00,111696.21,2664.82,179.68,25.26,0.4291,16.74,100.26,0.24558
2025-05-23 00:00:00+00:00,107318.3,2526.5,174.01,23.07,0.3908,15.53,95.26,0.22521
2025-05-24 00:00:00+00:00,107761.91,2530.4,175.87,22.96,0.3922,15.34,95.63,0.22512
2025-05-25 00:00:00+00:00,109004.19,2551.22,175.74,23.45,0.3939,15.54,95.6,0.22491
2025-05-26 00:00:00+00:00,109434.79,2563.7,174.91,23.07,0.3923,15.54,95.02,0.22596
2025-05-27 00:00:00+00:00,108938.17,2660.81,176.71,23.38,0.4019,15.91,95.9,0.22598
2025-05-28 00:00:00+00:00,107781.78,2681.6,172.21,23.6,0.4097,15.69,95.37,0.22096
2025-05-29 00:00:00+00:00,105589.75,2631.39,166.71,22.25,0.3964,15.05,93.21,0.21487
2025-05-30 00:00:00+00:00,103985.48,2531.34,156.2,20.56,0.3334,13.9,85.64,0.19357
2025-05-31 00:00:00+00:00,104591.88,2528.06,156.45,20.8,0.3397,13.97,87.03,0.19251
2025-06-01 00:00:00+00:00,105642.93,2539.21,157.68,20.88,0.3426,14.06,88.39,0.19363
2025-06-02 00:00:00+00:00,105857.99,2607.41,156.83,21.15,0.3579,14.07,89.52,0.19507
2025-06-03 00:00:00+00:00,105376.89,2593.36,155.19,21.14,0.3597,14.11,89.5,0.19311
2025-06-04 00:00:00+00:00,104696.86,2607.68,153.26,20.09,0.359,13.83,87.99,0.18812
2025-06-05 00:00:00+00:00,101508.68,2414.01,144.29,18.75,0.3232,12.89,83.58,0.17105
2025-06-06 00:00:00+00:00,104288.44,2476.1,147.83,19.64,0.3316,13.56,87.25,0.17878
2025-06-07 00:00:00+00:00,105552.15,2524.63,150.06,20.65,0.3478,13.83,88.31,0.18511
2025-06-08 00:00:00+00:00,105734.0,2509.83,152.45,21.04,0.3423,13.73,87.18,0.18418
2025-06-09 00:00:00+00:00,110263.02,2680.13,161.16,21.95,0.3689,14.36,90.73,0.1949
2025-06-10 00:00:00+00:00,110274.39,2816.4,165.12,22.57,0.4143,15.45,93.33,0.1985
2025-06-11 00:00:00+00:00,108645.12,2771.61,160.97,21.57,0.3974,14.89,91.56,0.19294
2025-06-12 00:00:00+00:00,105671.73,2642.65,152.32,20.28,0.366,13.97,86.13,0.1811
2025-06-13 00:00:00+00:00,106066.59,2579.19,148.6,19.41,0.3487,13.44,86.55,0.1804
2025-06-14 00:00:00+00:00,105414.64,2530.76,144.64,18.93,0.3333,13.15,85.18,0.17824
2025-06-15 00:00:00+00:00,105594.01,2547.61,152.97,19.1,0.3278,13.3,86.3,0.17553
2025-06-16 00:00:00+00:00,106794.53,2544.17,150.72,19.06,0.3185,13.56,86.67,0.17272
2025-06-17 00:00:00+00:00,104551.17,2509.95,147.57,18.58,0.3033,12.99,84.22,0.16936
2025-06-18 00:00:00+00:00,104886.78,2525.0,146.34,18.16,0.3072,13.11,85.08,0.17068
2025-06-19 00:00:00+00:00,104658.59,2521.12,147.04,18.06,0.3014,13.07,85.11,0.17092
2025-06-20 00:00:00+00:00,103297.99,2406.49,140.11,17.37,0.2865,12.51,82.91,0.16234
2025-06-21 00:00:00+00:00,102120.01,2295.73,135.43,16.82,0.275,12.03,80.23,0.15448
2025-06-22 00:00:00+00:00,100963.87,2227.7,131.71,16.53,0.2678,11.65,80.21,0.15129
2025-06-23 00:00:00+00:00,105333.93,2411.66,144.51,18.06,0.3016,12.82,84.91,0.16376
2025-06-24 00:00:00+00:00,106083.0,2448.45,145.92,18.23,0.3153,13.42,84.84,0.16571
2025-06-25 00:00:00+00:00,107340.58,2418.49,143.57,17.57,0.3088,13.13,84.67,0.16459
2025-06-26 00:00:00+00:00,106947.06,2415.96,139.06,17.23,0.3037,12.94,84.27,0.16001
2025-06-27 00:00:00+00:00,107047.59,2423.17,142.09,17.58,0.3057,13.05,84.83,0.16104
2025-06-28 00:00:00+00:00,107296.79,2435.62,150.72,17.97,0.3111,13.39,86.31,0.16363
2025-06-29 00:00:00+00:00,108356.93,2500.09,153.32,18.73,0.3671,13.7,87.96,0.16944
2025-06-30 00:00:00+00:00,107146.5,2485.47,154.81,17.96,0.3453,13.38,86.0,0.16518
2025-07-01 00:00:00+00:00,105681.14,2405.01,146.88,17.1,0.3273,12.9,83.22,0.15778
2025-07-02 00:00:00+00:00,108849.6,2570.41,152.27,18.51,0.3479,13.56,87.32,0.16869
2025-07-03 00:00:00+00:00,109584.78,2591.25,152.36,18.54,0.3436,13.67,89.08,0.17201
2025-07-04 00:00:00+00:00,107984.24,2508.04,147.7,17.8,0.3244,13.16,86.84,0.16288
2025-07-05 00:00:00+00:00,108198.12,2516.41,147.55,17.92,0.3281,13.23,87.55,0.16421
2025-07-06 00:00:00+00:00,109203.84,2570.35,151.86,18.29,0.3345,13.48,87.35,0.17196
2025-07-07 00:00:00+00:00,108262.94,2542.29,148.88,17.99,0.3288,13.44,86.05,0.16792
2025-07-08 00:00:00+00:00,108922.98,2615.25,151.67,18.36,0.3382,13.96,87.75,0.17094
2025-07-09 00:00:00+00:00,111233.99,2768.74,157.05,19.5,0.3554,14.25,90.61,0.18053
2025-07-10 00:00:00+00:00,116010.0,2951.29,164.34,20.7,0.3963,15.23,94.85,0.19507
2025-07-11 00:00:00+00:00,117527.66,2958.22,162.93,20.68,0.4052,15.28,94.26,0.20103
2025-07-12 00:00:00+00:00,117420.0,2943.28,160.69,20.69,0.3997,15.11,92.77,0.19742
2025-07-13 00:00:00+00:00,119086.64,2972.03,161.15,21.2,0.4105,15.66,94.62,0.19855
2025-07-14 00:00:00+00:00,119841.18,3013.62,162.21,21.26,0.4027,15.75,95.64,0.19749
2025-07-15 00:00:00+00:00,117758.09,3137.89,163.98,22.51,0.4366,16.11,96.35,0.19919
2025-07-16 00:00:00+00:00,118630.43,3371.35,173.63,22.66,0.4404,16.67,97.47,0.2127
2025-07-17 00:00:00+00:00,119177.56,3476.87,175.87,23.91,0.4497,18.0,101.6,0.21826
2025-07-18 00:00:00+00:00,117924.84,3546.92,177.28,23.51,0.4524,17.83,101.73,0.2358
2025-07-19 00:00:00+00:00,117840.0,3592.01,176.96,24.5,0.4648,18.39,113.16,0.24143
2025-07-20 00:00:00+00:00,117265.12,3756.69,181.43,25.04,0.4832,19.27,116.59,0.27375
2025-07-21 00:00:00+00:00,117380.36,3762.33,195.72,25.43,0.4857,19.5,115.43,0.27142
2025-07-22 00:00:00+00:00,119954.42,3746.21,205.7,25.88,0.482,19.66,119.65,0.27093
2025-07-23 00:00:00+00:00,118755.99,3628.29,189.4,23.95,0.4336,18.18,112.05,0.24083
2025-07-24 00:00:00+00:00,118340.99,3706.94,182.87,23.67,0.4307,17.91,112.26,0.23218
2025-07-25 00:00:00+00:00,117614.31,3724.96,186.76,24.01,0.4431,18.28,113.78,0.23673
2025-07-26 00:00:00+00:00,117919.99,3741.1,184.88,24.94,0.4487,18.41,113.91,0.23543
2025-07-27 00:00:00+00:00,119415.55,3872.1,188.64,26.06,0.4606,19.24,114.78,0.24071
2025-07-28 00:00:00+00:00,118062.32,3799.0,183.11,25.21,0.4343,18.12,109.02,0.22615
2025-07-29 00:00:00+00:00,117950.76,3793.79,181.48,24.37,0.425,17.83,108.52,0.22392
2025-07-30 00:00:00+00:00,117840.3,3810.0,177.77,23.31,0.4154,17.71,110.5,0.21999
2025-07-31 00:00:00+00:00,115764.08,3698.39,172.22,22.47,0.3978,16.92,106.09,0.20974
2025-08-01 00:00:00+00:00,113297.93,3488.2,162.71,21.51,0.3774,16.07,106.59,0.20097
2025-08-02 00:00:00+00:00,112546.35,3393.94,158.48,20.86,0.3688,15.65,106.09,0.19098
2025-08-03 00:00:00+00:00,114208.8,3496.74,161.97,21.37,0.3827,16.3,110.39,0.19876
2025-08-04 00:00:00+00:00,115055.03,3720.99,169.55,23.11,0.4054,17.11,121.22,0.21039
2025-08-05 00:00:00+00:00,114129.75,3612.0,164.09,21.92,0.3837,16.38,120.27,0.19981
2025-08-06 00:00:00+00:00,114992.27,3683.31,168.09,22.23,0.3891,16.67,119.22,0.20524
2025-08-07 00:00:00+00:00,117472.01,3910.31,175.36,23.36,0.417,18.48,122.89,0.22228
2025-08-08 00:00:00+00:00,116674.74,4009.5,176.78,23.79,0.4339,19.89,123.78,0.23039
2025-08-09 00:00:00+00:00,116462.25,4260.62,179.95,24.23,0.4735,21.94,120.18,0.23995
2025-08-10 00:00:00+00:00,119294.01,4250.57,182.66,23.83,0.4669,22.06,123.75,0.23385
2025-08-11 00:00:00+00:00,118686.0,4223.22,174.84,22.79,0.4359,21.07,120.05,0.22207
2025-08-12 00:00:00+00:00,120134.08,4590.52,191.78,24.67,0.4776,23.6,130.46,0.23582
2025-08-13 00:00:00+00:00,123306.43,4749.3,201.51,25.47,0.5712,23.98,130.91,0.24482
2025-08-14 00:00:00+00:00,118295.09,4546.84,192.47,23.67,0.5166,22.46,121.29,0.22382
2025-08-15 00:00:00+00:00,117342.05,4439.47,185.72,23.77,0.4817,21.76,119.14,0.22886
2025-08-16 00:00:00+00:00,117380.66,4421.99,189.6,24.3,0.4925,22.64,121.05,0.23115
2025-08-17 00:00:00+00:00,117405.01,4472.33,190.99,25.06,0.5362,25.64,120.71,0.23456
2025-08-18 00:00:00+00:00,116227.05,4312.99,182.94,23.7,0.5115,25.78,117.77,0.22262
2025-08-19 00:00:00+00:00,112872.94,4075.59,176.22,22.37,0.473,23.56,112.67,0.20943
2025-08-20 00:00:00+00:00,114271.24,4336.16,187.94,23.46,0.5135,26.45,116.06,0.22169
2025-08-21 00:00:00+00:00,112500.0,4225.3,180.29,22.77,0.4963,24.82,114.76,0.21473
2025-08-22 00:00:00+00:00,116935.99,4832.07,200.69,25.25,0.5867,26.79,122.96,0.24054
2025-08-23 00:00:00+00:00,115438.05,4778.4,204.14,26.26,0.6131,26.28,121.45,0.23631
2025-08-24 00:00:00+00:00,113493.59,4780.15,205.98,25.83,0.579,25.82,118.19,0.23182
2025-08-25 00:00:00+00:00,110111.98,4376.18,187.2,23.35,0.5174,23.38,109.13,0.20965
2025-08-26 00:00:00+00:00,111763.22,4600.63,195.86,24.17,0.5303,24.38,113.48,0.21839
2025-08-27 00:00:00+00:00,111262.01,4506.71,202.95,24.42,0.5054,23.78,112.18,0.21892
2025-08-28 00:00:00+00:00,112566.9,4511.21,214.43,24.93,0.5233,25.18,113.64,0.22437
2025-08-29 00:00:00+00:00,108377.4,4360.18,205.08,23.55,0.4908,23.43,109.91,0.21391
2025-08-30 00:00:00+00:00,108816.33,4373.7,202.7,23.78,0.4992,23.51,110.84,0.21595
2025-08-31 00:00:00+00:00,108246.35,4391.83,200.62,23.4,0.4964,23.2,108.89,0.21371
2025-09-01 00:00:00+00:00,109237.42,4314.5,197.32,23.21,0.4772,22.51,108.73,0.21073
2025-09-02 00:00:00+00:00,111240.01,4326.5,209.65,24.46,0.5025,23.49,111.76,0.21489
2025-09-03 00:00:00+00:00,111705.71,4450.46,210.77,25.2,0.5102,23.69,112.98,0.2203
2025-09-04 00:00:00+00:00,110730.87,4297.55,202.32,24.21,0.4823,22.32,111.05,0.21241
2025-09-05 00:00:00+00:00,110659.99,4307.45,203.36,24.47,0.4946,22.28,112.05,0.21788
2025-09-06 00:00:00+00:00,110187.97,4273.14,200.16,24.38,0.4883,22.19,112.13,0.21595
2025-09-07 00:00:00+00:00,111137.34,4306.19,206.35,24.68,0.4962,22.47,114.9,0.22877
2025-09-08 00:00:00+00:00,112065.23,4306.37,214.11,25.29,0.5133,23.04,112.75,0.24164
2025-09-09 00:00:00+00:00,111546.39,4310.09,217.21,25.93,0.5125,23.05,111.92,0.24063
2025-09-10 00:00:00+00:00,113960.0,4349.32,224.07,29.48,0.5127,23.57,117.66,0.24536
2025-09-11 00:00:00+00:00,115482.69,4458.82,228.73,29.15,0.5301,24.47,115.83,0.25603
2025-09-12 00:00:00+00:00,116029.42,4712.16,242.18,28.99,0.5475,25.13,118.03,0.2755
2025-09-13 00:00:00+00:00,115918.29,4666.53,242.38,30.08,0.5414,24.88,119.22,0.28938
2025-09-14 00:00:00+00:00,115268.01,4604.49,239.76,29.44,0.5134,24.09,115.1,0.27796
2025-09-15 00:00:00+00:00,115349.71,4523.74,234.31,29.81,0.4925,23.56,113.72,0.26831
2025-09-16 00:00:00+00:00,116788.96,4501.29,236.96,30.08,0.4949,23.48,115.03,0.26995
2025-09-17 00:00:00+00:00,116447.59,4590.53,244.84,31.82,0.5204,23.99,117.0,0.28256
2025-09-18 00:00:00+00:00,117073.53,4587.66,247.5,35.19,0.5241,24.62,118.19,0.27857
2025-09-19 00:00:00+00:00,115632.38,4468.59,238.53,33.75,0.4888,23.47,114.04,0.26527
2025-09-20 00:00:00+00:00,115685.63,4480.42,239.48,33.17,0.4931,23.34,113.92,0.26759
2025-09-21 00:00:00+00:00,115232.29,4444.97,236.16,33.04,0.4806,22.96,114.0,0.26074
2025-09-22 00:00:00+00:00,112650.99,4199.08,220.38,33.86,0.4363,21.65,105.65,0.24122
2025-09-23 00:00:00+00:00,111998.8,4164.26,213.3,33.61,0.4322,21.52,106.07,0.23709
2025-09-24 00:00:00+00:00,113307.0,4152.81,211.6,32.31,0.4294,21.6,105.52,0.24107
2025-09-25 00:00:00+00:00,108994.49,3874.36,192.74,28.64,0.4079,20.14,102.28,0.22292
2025-09-26 00:00:00+00:00,109643.46,4032.24,205.17,29.09,0.4251,21.07,104.55,0.23244
2025-09-27 00:00:00+00:00,109635.85,4018.38,203.46,28.74,0.4242,20.91,104.46,0.23077
2025-09-28 00:00:00+00:00,112163.95,4142.16,210.83,30.01,0.4302,21.68,106.88,0.23735
2025-09-29 00:00:00+00:00,114311.96,4215.07,212.75,30.41,0.4175,21.74,106.76,0.23478
2025-09-30 00:00:00+00:00,114048.93,4145.15,208.68,30.01,0.4215,21.3,106.88,0.23293
2025-10-01 00:00:00+00:00,118594.99,4348.03,222.04,30.73,0.4353,22.58,115.1,0.24906
2025-10-02 00:00:00+00:00,120529.35,4484.35,234.74,30.98,0.4527,22.77,119.54,0.262
2025-10-03 00:00:00+00:00,122232.0,4512.87,232.84,31.31,0.45,22.5,120.56,0.25819
2025-10-04 00:00:00+00:00,122391.0,4487.15,227.86,30.12,0.4341,22.01,120.51,0.25084
2025-10-05 00:00:00+00:00,123482.31,4514.32,228.56,30.07,0.4321,22.0,118.85,0.25284
2025-10-06 00:00:00+00:00,124658.54,4684.01,232.35,30.61,0.4567,23.37,118.32,0.26603
2025-10-07 00:00:00+00:00,121332.95,4447.7,219.97,27.93,0.4214,21.79,116.91,0.24682
2025-10-08 00:00:00+00:00,123306.0,4525.72,229.02,28.82,0.4347,22.63,118.6,0.25564
2025-10-09 00:00:00+00:00,121662.4,4368.09,220.93,28.38,0.4179,21.99,125.9,0.24849
2025-10-10 00:00:00+00:00,112774.5,3829.72,188.43,20.68,0.2962,17.31,96.88,0.19349
2025-10-11 00:00:00+00:00,110644.4,3746.79,177.62,21.46,0.3017,17.2,93.34,0.18527
2025-10-12 00:00:00+00:00,114958.8,4152.29,197.0,22.51,0.3346,19.0,98.98,0.20717
2025-10-13 00:00:00+00:00,115166.0,4240.85,208.69,23.8,0.3585,19.84,99.45,0.2138
2025-10-14 00:00:00+00:00,113028.14,4125.02,202.44,22.74,0.3433,19.1,97.33,0.20437
2025-10-15 00:00:00+00:00,110763.28,3985.61,193.84,21.9,0.327,18.06,95.5,0.19621
2025-10-16 00:00:00+00:00,108194.28,3894.51,184.85,20.98,0.3162,17.43,91.79,0.1885
2025-10-17 00:00:00+00:00,106431.68,3831.57,181.96,19.96,0.3037,16.61,90.12,0.1847
2025-10-18 00:00:00+00:00,107185.01,3889.21,187.56,20.21,0.3094,16.82,91.69,0.18962
2025-10-19 00:00:00+00:00,108642.78,3982.58,187.86,20.59,0.3172,17.29,93.33,0.19535
2025-10-20 00:00:00+00:00,110532.09,3979.22,189.71,20.34,0.3221,18.66,94.01,0.2
2025-10-21 00:00:00+00:00,108297.67,3873.05,185.63,19.54,0.311,17.61,92.46,0.19427
2025-10-22 00:00:00+00:00,107567.44,3805.53,180.12,19.02,0.3012,17.2,91.88,0.18993
2025-10-23 00:00:00+00:00,110078.18,3856.8,191.35,19.14,0.3141,17.44,94.04,0.19493
2025-10-24 00:00:00+00:00,111004.89,3934.88,193.59,19.49,0.3202,17.89,96.45,0.19775
2025-10-25 00:00:00+00:00,111646.27,3953.82,193.84,19.71,0.3203,18.02,96.97,0.19652
2025-10-26 00:00:00+00:00,114559.4,4158.46,200.03,20.82,0.3347,18.55,100.02,0.20577
2025-10-27 00:00:00+00:00,114107.65,4120.15,198.7,20.33,0.3305,18.22,99.39,0.20038
2025-10-28 00:00:00+00:00,112898.45,3979.2,194.15,19.47,0.3149,17.83,96.65,0.19362
2025-10-29 00:00:00+00:00,110021.29,3902.99,193.88,19.66,0.3176,18.13,98.53,0.19237
2025-10-30 00:00:00+00:00,108322.88,3805.09,184.69,18.11,0.2902,16.8,93.39,0.18268
2025-10-31 00:00:00+00:00,109608.01,3847.99,187.21,18.19,0.2953,17.24,95.38,0.18644
2025-11-01 00:00:00+00:00,110098.1,3873.77,186.35,18.73,0.3069,17.14,101.38,0.18736
2025-11-02 00:00:00+00:00,110540.68,3906.58,187.71,18.8,0.3075,17.58,99.42,0.18638
2025-11-03 00:00:00+00:00,106583.04,3603.83,166.06,16.65,0.2612,15.25,87.43,0.16741
2025-11-04 00:00:00+00:00,101497.22,3287.05,155.03,15.98,0.2548,14.68,85.21,0.16223
2025-11-05 00:00:00+00:00,103885.16,3424.29,162.37,16.61,0.2698,15.09,89.39,0.16719
2025-11-06 00:00:00+00:00,101346.04,3315.14,155.28,16.13,0.2647,14.74,87.0,0.16164
2025-11-07 00:00:00+00:00,103339.08,3436.05,161.79,17.74,0.2996,15.79,101.87,0.17877
2025-11-08 00:00:00+00:00,102312.94,3401.51,158.02,17.5,0.2981,15.51,106.95,0.17605
2025-11-09 00:00:00+00:00,104722.96,3583.46,164.53,17.77,0.2993,15.93,110.31,0.1793
2025-11-10 00:00:00+00:00,106011.13,3567.85,167.31,18.18,0.3069,16.36,104.25,0.18179
2025-11-11 00:00:00+00:00,103058.99,3417.76,154.63,17.0,0.2756,15.28,99.68,0.17206
2025-11-12 00:00:00+00:00,101654.37,3414.92,153.42,16.82,0.2594,15.15,97.59,0.17018
2025-11-13 00:00:00+00:00,99692.02,3231.54,144.73,16.1,0.2447,14.54,96.55,0.16384
2025-11-14 00:00:00+00:00,94594.0,3112.4,138.92,15.13,0.2377,13.81,97.7,0.15765
2025-11-15 00:00:00+00:00,95596.24,3167.88,139.61,15.53,0.2411,14.14,101.71,0.16316
2025-11-16 00:00:00+00:00,94261.44,3095.29,137.17,15.15,0.2359,13.73,95.79,0.15857
2025-11-17 00:00:00+00:00,92215.14,3031.44,130.99,14.53,0.227,13.33,91.24,0.15214
2025-11-18 00:00:00+00:00,92960.83,3123.66,140.69,14.58,0.2374,13.79,95.66,0.16173
2025-11-19 00:00:00+00:00,91554.96,3025.48,137.06,14.28,0.2295,13.53,92.9,0.1546
2025-11-20 00:00:00+00:00,86637.23,2834.22,133.67,13.81,0.2151,12.93,87.24,0.14892
2025-11-21 00:00:00+00:00,85129.43,2765.85,128.68,13.28,0.2021,12.11,82.64,0.14029
2025-11-22 00:00:00+00:00,84739.74,2770.12,127.59,13.23,0.2002,12.17,82.12,0.14027
2025-11-23 00:00:00+00:00,86830.0,2802.16,130.58,13.27,0.2008,12.53,83.09,0.145
2025-11-24 00:00:00+00:00,88300.01,2953.38,138.44,13.89,0.2175,12.97,85.46,0.15181
2025-11-25 00:00:00+00:00,87369.96,2959.36,138.96,14.18,0.2163,13.09,85.3,0.15301
2025-11-26 00:00:00+00:00,90484.02,3026.56,143.02,14.95,0.2187,13.46,86.87,0.15474
2025-11-27 00:00:00+00:00,91333.95,3015.23,140.85,15.02,0.2206,13.34,86.59,0.15264
2025-11-28 00:00:00+00:00,90890.7,3031.15,137.33,14.84,0.2167,13.13,84.22,0.15017
2025-11-29 00:00:00+00:00,90802.44,2989.16,135.91,14.25,0.2143,12.99,83.95,0.14837
2025-11-30 00:00:00+00:00,90360.0,2991.26,133.48,13.71,0.2106,12.95,82.38,0.14599
2025-12-01 00:00:00+00:00,86286.01,2799.07,126.66,12.76,0.1938,12.07,77.55,0.13547
2025-12-02 00:00:00+00:00,91277.88,2996.07,138.68,13.62,0.2127,13.47,82.79,0.14577
2025-12-03 00:00:00+00:00,93429.95,3188.36,144.67,14.78,0.2226,14.64,85.83,0.15166
2025-12-04 00:00:00+00:00,92078.06,3133.26,139.01,14.41,0.2158,14.25,83.54,0.14739
2025-12-05 00:00:00+00:00,89330.04,3021.78,133.29,13.21,0.2024,13.59,80.38,0.13956
2025-12-06 00:00:00+00:00,89236.79,3038.06,132.19,13.4,0.2074,13.92,81.68,0.13975
2025-12-07 00:00:00+00:00,90395.31,3059.85,132.24,13.49,0.2042,13.65,81.43,0.13867
2025-12-08 00:00:00+00:00,90634.34,3124.16,133.25,13.64,0.2124,13.76,83.87,0.14259
2025-12-09 00:00:00+00:00,92678.8,3318.04,137.88,14.6,0.2226,14.41,85.82,0.14797
2025-12-10 00:00:00+00:00,92015.37,3324.14,136.26,14.11,0.2163,14.1,84.3,0.14332
2025-12-11 00:00:00+00:00,92513.38,3237.39,136.41,13.42,0.2125,14.07,82.93,0.14033
2025-12-12 00:00:00+00:00,90268.42,3084.86,132.27,13.1,0.2057,13.63,81.95,0.13692
2025-12-13 00:00:00+00:00,90240.01,3114.64,133.14,13.37,0.2153,13.74,81.47,0.13905
2025-12-14 00:00:00+00:00,88172.17,3063.5,129.4,12.88,0.2046,13.28,78.96,0.13408
2025-12-15 00:00:00+00:00,86432.08,2964.85,127.81,12.34,0.1973,12.85,77.51,0.12975
2025-12-16 00:00:00+00:00,87863.42,2962.3,129.15,12.35,0.2004,12.93,79.08,0.13179
2025-12-17 00:00:00+00:00,86243.22,2833.49,123.27,11.87,0.1848,12.27,76.01,0.12633
2025-12-18 00:00:00+00:00,85516.41,2828.57,119.6,11.44,0.1759,11.93,74.29,0.12207
2025-12-19 00:00:00+00:00,88136.94,2979.5,126.27,12.26,0.1926,12.54,77.49,0.13222
2025-12-20 00:00:00+00:00,88360.9,2977.93,125.81,12.21,0.1896,12.56,77.84,0.13194
2025-12-21 00:00:00+00:00,88658.86,3002.02,126.03,12.14,0.186,12.44,76.79,0.13112
2025-12-22 00:00:00+00:00,88620.79,3009.49,125.93,12.42,0.1875,12.58,77.05,0.13258
2025-12-23 00:00:00+00:00,87486.0,2965.02,124.01,12.18,0.1911,12.39,77.01,0.12928
2025-12-24 00:00:00+00:00,87669.45,2947.47,122.53,12.1,0.1878,12.28,75.79,0.12856
2025-12-25 00:00:00+00:00,87225.27,2903.95,120.06,12.09,0.1844,12.07,75.71,0.12365
2025-12-26 00:00:00+00:00,87369.56,2927.99,122.26,12.34,0.1918,12.19,76.87,0.12211
2025-12-27 00:00:00+00:00,87877.01,2949.05,124.73,12.69,0.1971,12.52,80.33,0.12435
2025-12-28 00:00:00+00:00,87952.71,2950.91,125.27,12.64,0.195,12.5,78.73,0.12393
2025-12-29 00:00:00+00:00,87237.13,2937.9,123.28,12.38,0.1905,12.3,78.32,0.12288
2025-12-30 00:00:00+00:00,88485.49,2973.69,125.01,12.58,0.1909,12.42,78.89,0.12336
2025-12-31 00:00:00+00:00,87648.22,2971.64,124.65,12.32,0.1868,12.21,76.85,0.11747
2026-01-01 00:00:00+00:00,88839.04,3004.19,126.9,13.59,0.2011,12.6,79.97,0.12683
2026-01-02 00:00:00+00:00,89995.13,3125.45,132.29,13.82,0.2089,13.27,81.93,0.14188
2026-01-03 00:00:00+00:00,90628.01,3127.11,133.37,13.99,0.2091,13.23,82.08,0.14315
2026-01-04 00:00:00+00:00,91529.73,3144.7,134.12,14.25,0.2163,13.43,82.26,0.14953
2026-01-05 00:00:00+00:00,93859.71,3224.99,137.9,14.45,0.2211,13.9,83.46,0.15171
2026-01-06 00:00:00+00:00,93747.97,3296.84,141.08,14.59,0.2224,14.04,83.96,0.15055
2026-01-07 00:00:00+00:00,91364.16,3168.72,136.39,14.11,0.2128,13.44,81.71,0.14642
2026-01-08 00:00:00+00:00,91099.99,3106.65,138.37,13.89,0.209,13.21,81.31,0.14194
2026-01-09 00:00:00+00:00,90641.28,3088.4,135.97,13.79,0.2075,13.14,81.49,0.14071
2026-01-10 00:00:00+00:00,90504.7,3086.72,135.84,13.74,0.2069,13.13,81.19,0.13965
2026-01-11 00:00:00+00:00,91013.65,3123.45,139.7,13.7,0.2042,13.21,78.79,0.13801
2026-01-12 00:00:00+00:00,91296.2,3095.75,139.22,13.53,0.2008,13.08,76.12,0.13662
2026-01-13 00:00:00+00:00,95414.0,3325.82,145.51,14.75,0.2214,14.06,78.18,0.14828
2026-01-14 00:00:00+00:00,96951.78,3354.92,146.69,14.6,0.2174,14.11,76.67,0.14718
2026-01-15 00:00:00+00:00,95604.8,3318.69,142.4,13.82,0.2099,13.8,72.21,0.14004
2026-01-16 00:00:00+00:00,95550.94,3296.28,144.89,13.59,0.2098,13.73,75.22,0.13813
2026-01-17 00:00:00+00:00,95147.77,3310.56,143.72,13.75,0.2166,13.75,74.92,0.13788
2026-01-18 00:00:00+00:00,93673.14,3284.03,137.87,12.98,0.2061,13.32,72.29,0.13164
2026-01-19 00:00:00+00:00,92631.0,3189.55,133.44,12.74,0.1934,12.88,70.8,0.12916
2026-01-20 00:00:00+00:00,88427.66,2939.88,125.8,12.09,0.1819,12.12,67.12,0.12336
2026-01-21 00:00:00+00:00,89454.73,2982.27,129.54,12.42,0.1851,12.4,68.48,0.12654
2026-01-22 00:00:00+00:00,89559.67,2952.69,128.47,12.2,0.1776,12.27,68.19,0.12437
2026-01-23 00:00:00+00:00,89600.26,2956.41,127.43,12.13,0.1768,12.22,68.07,0.12477
2026-01-24 00:00:00+00:00,89225.34,2953.22,127.21,12.05,0.1763,12.2,68.19,0.12423
2026-01-25 00:00:00+00:00,86670.36,2816.89,118.85,11.49,0.1673,11.52,67.3,0.11945
2026-01-26 00:00:00+00:00,88347.08,2930.35,124.24,11.72,0.1701,11.95,69.72,0.12236
2026-01-27 00:00:00+00:00,89250.0,3026.77,127.19,12.14,0.1717,12.03,70.03,0.12619
2026-01-28 00:00:00+00:00,89299.99,3010.78,125.35,12.07,0.1717,11.84,69.42,0.125
2026-01-29 00:00:00+00:00,84650.16,2822.59,117.82,11.04,0.1584,11.13,66.24,0.11728
2026-01-30 00:00:00+00:00,84260.49,2707.38,117.59,10.87,0.1553,10.79,65.47,0.11581
2026-01-31 00:00:00+00:00,78741.09,2451.95,105.58,10.12,0.1402,9.99,59.53,0.10426
2026-02-01 00:00:00+00:00,76968.21,2270.15,100.79,9.91,0.1352,9.41,58.49,0.10426
2026-02-02 00:00:00+00:00,78738.61,2347.02,104.55,10.14,0.1372,9.81,60.02,0.10792
2026-02-03 00:00:00+00:00,75770.21,2233.72,97.89,9.93,0.1305,9.49,59.48,0.10602
2026-02-04 00:00:00+00:00,73165.83,2148.26,92.12,9.72,0.1283,9.25,58.89,0.10383
2026-02-05 00:00:00+00:00,62909.86,1826.83,78.35,8.32,0.1077,7.92,50.79,0.08849
2026-02-06 00:00:00+00:00,70580.26,2063.38,87.46,9.28,0.1203,8.88,55.02,0.09848
2026-02-07 00:00:00+00:00,69289.38,2087.08,87.59,9.23,0.12,8.91,55.19,0.09823
2026-02-08 00:00:00+00:00,70330.38,2089.74,86.99,9.08,0.1165,8.83,54.53,0.09663
2026-02-09 00:00:00+00:00,70138.0,2105.02,86.77,9.06,0.1132,8.83,54.45,0.09611
2026-02-10 00:00:00+00:00,68841.29,2022.67,82.99,8.76,0.11,8.57,53.38,0.09277
2026-02-11 00:00:00+00:00,67082.52,1941.18,79.3,8.63,0.1083,8.33,52.32,0.09112
2026-02-12 00:00:00+00:00,66272.17,1947.85,78.4,8.9,0.1117,8.41,53.15,0.093
2026-02-13 00:00:00+00:00,68853.96,2048.72,84.33,9.14,0.1155,8.77,55.03,0.09667
2026-02-14 00:00:00+00:00,69822.95,2086.59,88.06,9.59,0.1205,9.09,55.99,0.11104
2026-02-15 00:00:00+00:00,68832.58,1966.58,86.16,9.29,0.1146,8.79,55.08,0.10269
2026-02-16 00:00:00+00:00,68892.43,1998.33,86.45,9.26,0.1153,8.94,55.13,0.10102
2026-02-17 00:00:00+00:00,67503.52,1991.66,85.08,9.14,0.1128,8.82,53.96,0.10066
2026-02-18 00:00:00+00:00,66461.0,1955.91,81.61,8.86,0.1077,8.6,53.32,0.09855
2026-02-19 00:00:00+00:00,67003.73,1949.08,82.5,8.91,0.098,8.58,52.7,0.09837
2026-02-20 00:00:00+00:00,68020.01,1968.88,84.67,9.17,0.097,8.95,55.19,0.10011
2026-02-21 00:00:00+00:00,67975.93,1973.35,85.17,9.12,0.0983,8.87,54.9,0.09841
2026-02-22 00:00:00+00:00,67643.4,1957.82,82.79,8.87,0.0946,8.69,53.48,0.09558
2026-02-23 00:00:00+00:00,64656.02,1856.3,77.9,8.36,0.0936,8.26,51.35,0.09266
2026-02-24 00:00:00+00:00,64058.15,1851.94,78.99,8.29,0.0921,8.19,51.15,0.09137
2026-02-25 00:00:00+00:00,67988.04,2057.48,88.06,9.51,0.1008,9.27,56.76,0.10095
2026-02-26 00:00:00+00:00,67485.18,2027.68,85.91,9.31,0.1001,9.09,55.62,0.09701
2026-02-27 00:00:00+00:00,65872.1,1929.84,81.85,8.95,0.1004,8.71,54.56,0.09337
2026-02-28 00:00:00+00:00,66973.26,1964.51,84.35,9.16,0.0997,8.85,54.4,0.09405
2026-03-01 00:00:00+00:00,65776.47,1939.71,83.6,9.04,0.0995,8.67,53.24,0.0919
2026-03-02 00:00:00+00:00,68830.06,2027.35,86.64,9.17,0.1018,8.96,54.61,0.09356
2026-03-03 00:00:00+00:00,68338.0,1982.8,86.97,9.18,0.1027,8.8,54.76,0.08997
2026-03-04 00:00:00+00:00,72666.77,2127.28,90.85,9.5,0.1048,9.35,56.77,0.09893
2026-03-05 00:00:00+00:00,70890.72,2072.86,88.77,9.39,0.1028,9.21,55.46,0.09356
2026-03-06 00:00:00+00:00,68114.02,1978.68,84.7,9.01,0.1,8.8,53.81,0.09129
2026-03-07 00:00:00+00:00,67262.91,1969.59,83.22,8.91,0.0968,8.7,53.58,0.08993
2026-03-08 00:00:00+00:00,65971.2,1937.1,81.59,8.82,0.0945,8.52,52.59,0.08915
2026-03-09 00:00:00+00:00,68432.16,1992.98,84.96,9.26,0.0975,8.87,53.77,0.09049
2026-03-10 00:00:00+00:00,69948.63,2036.51,85.88,9.53,0.0985,8.99,53.87,0.09452
2026-03-11 00:00:00+00:00,70191.86,2051.97,86.58,9.55,0.1,8.99,54.8,0.09288
2026-03-12 00:00:00+00:00,70541.34,2073.52,86.84,9.67,0.101,9.05,54.56,0.09475
2026-03-13 00:00:00+00:00,70930.0,2092.22,88.18,9.72,0.1027,9.08,55.3,0.09596
2026-03-14 00:00:00+00:00,71211.95,2096.16,88.03,9.73,0.1011,9.17,54.98,0.09604
2026-03-15 00:00:00+00:00,72815.24,2178.3,92.3,9.95,0.104,9.5,56.27,0.09738
2026-03-16 00:00:00+00:00,74884.67,2352.97,96.2,10.49,0.1104,9.92,58.7,0.10304
2026-03-17 00:00:00+00:00,73909.36,2317.39,94.62,10.2,0.1079,9.79,58.09,0.10015
2026-03-18 00:00:00+00:00,71246.54,2203.39,90.08,9.69,0.103,9.22,56.08,0.09526
2026-03-19 00:00:00+00:00,69930.0,2137.81,88.89,9.48,0.0994,9.04,55.54,0.09354
2026-03-20 00:00:00+00:00,70510.73,2146.22,89.84,9.56,0.0999,9.12,56.17,0.09416
2026-03-21 00:00:00+00:00,68918.12,2084.87,87.56,9.21,0.0963,8.82,54.81,0.09135
2026-03-22 00:00:00+00:00,67859.0,2053.89,86.2,9.03,0.0925,8.68,53.51,0.09015
2026-03-23 00:00:00+00:00,70906.45,2152.03,91.43,9.56,0.0975,9.11,55.72,0.09415
2026-03-24 00:00:00+00:00,70556.74,2156.23,90.8,9.62,0.0977,9.25,56.38,0.0951
2026-03-25 00:00:00+00:00,71336.53,2169.02,91.7,9.68,0.0988,9.37,56.65,0.09618
2026-03-26 00:00:00+00:00,68820.31,2060.43,86.53,9.11,0.0938,8.91,54.59,0.09205
2026-03-27 00:00:00+00:00,66407.28,1992.75,83.11,8.79,0.09,8.57,53.72,0.09011
2026-03-28 00:00:00+00:00,66377.03,1994.74,82.09,8.75,0.0899,8.44,53.85,0.091
2026-03-29 00:00:00+00:00,66010.93,1984.64,81.44,8.6,0.0884,8.42,53.32,0.09045
2026-03-30 00:00:00+00:00,67379.9,2045.19,83.61,8.84,0.0918,8.67,53.86,0.09274
