config,entry_time,exit_time,side,size,entry_price,exit_price,pnl_pct,exit_type,holding_minutes,l1_regime,l4_volatility_bucket,exhaustion_bucket
baseline,2025-11-25 16:00:00+00:00,2025-11-25 20:00:00+00:00,1.0,1.0,86835.0,87451.52850000001,0.007100000000000106,TP,74.0,bull,low,low
baseline,2025-11-25 20:00:00+00:00,2025-11-26 00:00:00+00:00,-1.0,1.0,87324.1,86704.09889000001,0.007099999999999995,TP,6.0,bull,low,low
baseline,2025-11-26 00:00:00+00:00,2025-11-26 04:00:00+00:00,-1.0,1.0,87088.5,87896.2,-0.009274473667590932,TIME_EXIT,240.0,bull,low,low
baseline,2025-11-26 04:00:00+00:00,2025-11-26 08:00:00+00:00,-1.0,1.0,87896.2,87272.13698,0.007099999999999995,TP,1.0,bull,low,low
baseline,2025-11-26 08:00:00+00:00,2025-11-26 12:00:00+00:00,-1.0,1.0,87049.2,86926.2,0.001412994030961845,TIME_EXIT,240.0,bull,low,low
baseline,2025-11-26 12:00:00+00:00,2025-11-26 16:00:00+00:00,-1.0,1.0,86926.2,86309.02398,0.007099999999999995,TP,21.0,bull,low,low
baseline,2025-11-26 16:00:00+00:00,2025-11-26 20:00:00+00:00,1.0,1.0,89923.3,88724.622411,-0.013329999999999953,SL,1.0,bull,low,low
baseline,2025-11-26 20:00:00+00:00,2025-11-27 00:00:00+00:00,-1.0,1.0,90438.1,89795.98949,0.007099999999999995,TP,3.0,bull,low,low
baseline,2025-11-27 00:00:00+00:00,2025-11-27 04:00:00+00:00,-1.0,1.0,91049.3,90402.84997000001,0.007099999999999884,TP,1.0,bull,low,low
baseline,2025-11-27 08:00:00+00:00,2025-11-27 12:00:00+00:00,-1.0,1.0,91334.9,90912.9,0.00462035870187627,TIME_EXIT,240.0,bull,low,low
baseline,2025-11-27 12:00:00+00:00,2025-11-27 16:00:00+00:00,-1.0,1.0,90912.9,91489.0,-0.0063368344866350235,TIME_EXIT,240.0,bull,low,low
baseline,2025-11-28 04:00:00+00:00,2025-11-28 08:00:00+00:00,-1.0,1.0,90870.2,91382.9,-0.005642113696239237,TIME_EXIT,240.0,bull,low,low
baseline,2025-11-28 08:00:00+00:00,2025-11-28 12:00:00+00:00,-1.0,1.0,91382.9,92299.9,-0.010034700146307474,TIME_EXIT,240.0,bull,low,low
baseline,2025-11-28 12:00:00+00:00,2025-11-28 16:00:00+00:00,-1.0,0.5,92299.9,91644.57071,0.003549999999999942,TP,1.0,bull,low,mid
baseline,2025-11-28 16:00:00+00:00,2025-11-28 20:00:00+00:00,-1.0,1.0,91106.1,90459.24669,0.007100000000000106,TP,88.0,bear,low,low
baseline,2025-11-29 12:00:00+00:00,2025-11-29 16:00:00+00:00,-1.0,1.0,91030.0,90602.9,0.004691859826430944,TIME_EXIT,240.0,bear,low,low
baseline,2025-11-29 16:00:00+00:00,2025-11-29 20:00:00+00:00,-1.0,1.0,90602.9,90765.0,-0.001789125955129478,TIME_EXIT,240.0,bear,low,low
baseline,2025-11-30 00:00:00+00:00,2025-11-30 04:00:00+00:00,-1.0,1.0,90873.0,90924.5,-0.0005667249898209104,TIME_EXIT,240.0,bear,low,low
baseline,2025-11-30 08:00:00+00:00,2025-11-30 12:00:00+00:00,-1.0,1.0,91000.9,91405.8,-0.004449406544331014,TIME_EXIT,240.0,bear,low,low
baseline,2025-11-30 12:00:00+00:00,2025-11-30 16:00:00+00:00,-1.0,1.0,91405.8,91423.2,-0.000190359911515392,TIME_EXIT,240.0,bear,low,low
baseline,2025-11-30 16:00:00+00:00,2025-11-30 20:00:00+00:00,-1.0,1.0,91423.2,90320.6,0.012060396048267696,TIME_EXIT,240.0,bull,low,low
baseline,2025-11-30 20:00:00+00:00,2025-12-01 00:00:00+00:00,-1.0,1.0,90320.6,91524.57359800002,-0.013330000000000064,SL,6.0,bull,low,low
baseline,2025-12-01 00:00:00+00:00,2025-12-01 04:00:00+00:00,1.0,1.0,86319.2,86932.06632000001,0.007100000000000106,TP,1.0,bull,low,low
baseline,2025-12-01 12:00:00+00:00,2025-12-01 16:00:00+00:00,1.0,1.0,84650.0,85251.01500000001,0.007100000000000106,TP,1.0,bull,low,low
baseline,2025-12-02 12:00:00+00:00,2025-12-02 16:00:00+00:00,1.0,0.5,90809.2,89598.713364,-0.006665000000000032,SL,1.0,bull,low,mid
baseline,2025-12-02 16:00:00+00:00,2025-12-02 20:00:00+00:00,-1.0,0.5,91849.9,91197.76570999999,0.0035499999999999976,TP,1.0,bull,low,mid
baseline,2025-12-03 16:00:00+00:00,2025-12-03 20:00:00+00:00,-1.0,1.0,92995.8,92335.52982,0.007100000000000106,TP,1.0,bull,low,low
baseline,2025-12-03 20:00:00+00:00,2025-12-04 00:00:00+00:00,-1.0,1.0,93376.7,93499.9,-0.0013193869562748706,TIME_EXIT,240.0,bull,low,low
baseline,2025-12-04 00:00:00+00:00,2025-12-04 04:00:00+00:00,-1.0,1.0,93499.9,92836.05071,0.007099999999999995,TP,25.0,bull,low,low
baseline,2025-12-04 04:00:00+00:00,2025-12-04 08:00:00+00:00,-1.0,1.0,93358.6,92894.9,0.004966869683135866,TIME_EXIT,240.0,bull,low,low
baseline,2025-12-04 08:00:00+00:00,2025-12-04 12:00:00+00:00,-1.0,1.0,92894.9,92933.5,-0.0004155233495057864,TIME_EXIT,240.0,bull,low,low
baseline,2025-12-04 12:00:00+00:00,2025-12-04 16:00:00+00:00,-1.0,1.0,92933.5,92273.67215,0.007099999999999995,TP,171.0,bull,low,low
baseline,2025-12-04 16:00:00+00:00,2025-12-04 20:00:00+00:00,-1.0,1.0,91941.5,91288.71535,0.007099999999999995,TP,193.0,bear,low,low
baseline,2025-12-05 00:00:00+00:00,2025-12-05 04:00:00+00:00,-1.0,1.0,92104.9,92227.5,-0.0013310909625872114,TIME_EXIT,240.0,bear,low,low
baseline,2025-12-05 04:00:00+00:00,2025-12-05 08:00:00+00:00,-1.0,1.0,92227.5,91307.9,0.009970995635791957,TIME_EXIT,240.0,bear,low,low
baseline,2025-12-05 08:00:00+00:00,2025-12-05 12:00:00+00:00,-1.0,1.0,91307.9,90414.0,0.009789952457563866,TIME_EXIT,240.0,bear,low,low
baseline,2025-12-05 20:00:00+00:00,2025-12-06 00:00:00+00:00,-1.0,1.0,89288.5,89636.5,-0.003897478398674048,TIME_EXIT,240.0,bear,low,low
baseline,2025-12-07 16:00:00+00:00,2025-12-07 20:00:00+00:00,-1.0,1.0,91379.7,90730.90413,0.007099999999999995,TP,1.0,bull,low,low
baseline,2025-12-08 00:00:00+00:00,2025-12-08 04:00:00+00:00,-1.0,1.0,91039.4,90393.02025999999,0.007099999999999995,TP,1.0,bull,low,low
baseline,2025-12-08 04:00:00+00:00,2025-12-08 08:00:00+00:00,-1.0,1.0,91519.8,91923.5,-0.004411067331877794,TIME_EXIT,240.0,bull,low,low
baseline,2025-12-08 12:00:00+00:00,2025-12-08 16:00:00+00:00,-1.0,0.5,89912.6,91111.13495800001,-0.006665000000000032,SL,1.0,bull,low,mid
baseline,2025-12-08 16:00:00+00:00,2025-12-08 20:00:00+00:00,-1.0,1.0,90073.6,90610.8,-0.005964011652692891,TIME_EXIT,240.0,bull,low,low
baseline,2025-12-08 20:00:00+00:00,2025-12-09 00:00:00+00:00,-1.0,1.0,90610.8,90364.0,0.0027237371262587295,TIME_EXIT,240.0,bull,low,low
baseline,2025-12-09 00:00:00+00:00,2025-12-09 04:00:00+00:00,-1.0,1.0,90364.0,90449.9,-0.0009505997963790147,TIME_EXIT,240.0,bull,low,low
baseline,2025-12-09 04:00:00+00:00,2025-12-09 08:00:00+00:00,1.0,1.0,90449.9,90341.9,-0.001194031170847043,TIME_EXIT,240.0,bull,low,low
baseline,2025-12-09 12:00:00+00:00,2025-12-09 16:00:00+00:00,-1.0,0.5,92676.9,92018.89400999999,0.003550000000000053,TP,1.0,bull,low,mid
baseline,2025-12-09 16:00:00+00:00,2025-12-09 20:00:00+00:00,-1.0,0.5,93761.9,93096.19051,0.003549999999999942,TP,1.0,bull,low,mid
baseline,2025-12-10 08:00:00+00:00,2025-12-10 12:00:00+00:00,-1.0,1.0,92085.5,92021.8,0.0006917484294486353,TIME_EXIT,240.0,bull,low,low
baseline,2025-12-10 16:00:00+00:00,2025-12-10 20:00:00+00:00,-1.0,1.0,92913.8,92254.11202,0.007099999999999995,TP,1.0,bull,low,low
baseline,2025-12-11 00:00:00+00:00,2025-12-11 04:00:00+00:00,-1.0,1.0,89833.1,91030.575223,-0.013330000000000064,SL,1.0,bull,low,low
baseline,2025-12-11 08:00:00+00:00,2025-12-11 12:00:00+00:00,1.0,1.0,90195.3,89830.1,-0.004048991466295893,TIME_EXIT,240.0,bull,low,low
baseline,2025-12-11 16:00:00+00:00,2025-12-11 20:00:00+00:00,-1.0,1.0,90793.5,90148.86615,0.007099999999999995,TP,1.0,bull,low,low
baseline,2025-12-11 20:00:00+00:00,2025-12-12 00:00:00+00:00,-1.0,1.0,92477.5,91820.90975,0.007099999999999884,TP,1.0,bull,low,low
baseline,2025-12-12 00:00:00+00:00,2025-12-12 04:00:00+00:00,-1.0,1.0,92234.3,91579.43647,0.007099999999999995,TP,59.0,bull,low,low
baseline,2025-12-12 04:00:00+00:00,2025-12-12 08:00:00+00:00,-1.0,1.0,92389.5,92381.5,8.658992634447138e-05,TIME_EXIT,240.0,bull,low,low
baseline,2025-12-12 12:00:00+00:00,2025-12-12 16:00:00+00:00,-1.0,1.0,89895.0,91093.30035,-0.013330000000000064,SL,1.0,bull,low,low
baseline,2025-12-15 00:00:00+00:00,2025-12-15 04:00:00+00:00,-1.0,1.0,89239.9,88606.29671,0.007099999999999995,TP,1.0,bull,low,low
baseline,2025-12-15 08:00:00+00:00,2025-12-15 12:00:00+00:00,1.0,1.0,89606.0,86996.6,-0.029120817802379295,TIME_EXIT,240.0,bull,low,low
baseline,2025-12-15 12:00:00+00:00,2025-12-15 16:00:00+00:00,1.0,1.0,86996.6,87614.27586000001,0.007100000000000106,TP,1.0,bull,low,low
baseline,2025-12-15 16:00:00+00:00,2025-12-15 20:00:00+00:00,1.0,1.0,86104.2,86715.53982,0.007100000000000106,TP,1.0,bull,low,low
baseline,2025-12-16 12:00:00+00:00,2025-12-16 16:00:00+00:00,-1.0,1.0,87936.3,87311.95227000001,0.007099999999999884,TP,1.0,bull,low,low
baseline,2025-12-17 12:00:00+00:00,2025-12-17 16:00:00+00:00,-1.0,1.0,87191.4,88353.661362,-0.013330000000000064,SL,172.0,bull,low,low
baseline,2025-12-17 16:00:00+00:00,2025-12-17 20:00:00+00:00,-1.0,1.0,85982.7,87128.849391,-0.013330000000000064,SL,1.0,bull,low,low
baseline,2025-12-18 12:00:00+00:00,2025-12-18 16:00:00+00:00,1.0,0.5,88480.8,87301.350936,-0.0066649999999999765,SL,1.0,bull,low,mid
baseline,2025-12-18 16:00:00+00:00,2025-12-18 20:00:00+00:00,-1.0,0.5,84447.0,85572.67851000001,-0.006665000000000032,SL,1.0,bear,low,mid
baseline,2025-12-19 00:00:00+00:00,2025-12-19 04:00:00+00:00,-1.0,1.0,86863.1,86246.37199,0.007100000000000106,TP,1.0,bear,low,low
baseline,2025-12-19 04:00:00+00:00,2025-12-19 08:00:00+00:00,-1.0,1.0,87909.7,87285.54113,0.007099999999999995,TP,1.0,bear,low,low
baseline,2025-12-19 08:00:00+00:00,2025-12-19 12:00:00+00:00,-1.0,1.0,88169.9,87925.6,0.002770786855831653,TIME_EXIT,240.0,bear,low,low
baseline,2025-12-19 12:00:00+00:00,2025-12-19 16:00:00+00:00,-1.0,1.0,87925.6,89097.64824800001,-0.013330000000000064,SL,196.0,bear,low,low
baseline,2025-12-19 16:00:00+00:00,2025-12-19 20:00:00+00:00,-1.0,1.0,87812.8,87189.32912000001,0.007099999999999884,TP,93.0,bear,low,low
baseline,2025-12-21 08:00:00+00:00,2025-12-21 12:00:00+00:00,-1.0,1.0,88570.6,88024.7,0.006163444754805902,TIME_EXIT,240.0,bull,low,low
baseline,2025-12-22 00:00:00+00:00,2025-12-22 04:00:00+00:00,-1.0,1.0,88727.5,88097.53475,0.007099999999999884,TP,125.0,bull,low,low
baseline,2025-12-22 08:00:00+00:00,2025-12-22 12:00:00+00:00,-1.0,1.0,89905.2,89266.87307999999,0.007100000000000106,TP,1.0,bull,low,low
baseline,2025-12-22 12:00:00+00:00,2025-12-22 16:00:00+00:00,-1.0,1.0,89688.5,88011.1,0.018702509240315024,TIME_EXIT,240.0,bull,low,low
baseline,2025-12-23 08:00:00+00:00,2025-12-23 12:00:00+00:00,-1.0,1.0,87813.9,87405.3,0.0046530219019994545,TIME_EXIT,240.0,bear,low,low
baseline,2025-12-25 12:00:00+00:00,2025-12-25 16:00:00+00:00,-1.0,1.0,88338.9,87711.69381,0.007099999999999995,TP,1.0,bull,low,low
baseline,2025-12-26 00:00:00+00:00,2025-12-26 04:00:00+00:00,-1.0,1.0,88796.2,88165.74698,0.007099999999999995,TP,1.0,bull,low,low
baseline,2025-12-26 04:00:00+00:00,2025-12-26 08:00:00+00:00,-1.0,1.0,88433.0,88507.5,-0.0008424456933497915,TIME_EXIT,240.0,bull,low,low
baseline,2025-12-28 00:00:00+00:00,2025-12-28 04:00:00+00:00,1.0,1.0,87693.0,87697.7,5.359606810118045e-05,TIME_EXIT,240.0,bull,low,low
baseline,2025-12-29 00:00:00+00:00,2025-12-29 04:00:00+00:00,-1.0,0.5,90091.6,89451.94964,0.0035499999999999976,TP,1.0,bull,low,mid
baseline,2025-12-29 04:00:00+00:00,2025-12-29 08:00:00+00:00,-1.0,0.5,89583.0,87529.0,0.011464228704106794,TIME_EXIT,240.0,bull,low,mid
baseline,2025-12-30 08:00:00+00:00,2025-12-30 12:00:00+00:00,-1.0,1.0,87875.2,88966.8,-0.0124221623393177,TIME_EXIT,240.0,bull,low,low
baseline,2025-12-30 12:00:00+00:00,2025-12-30 16:00:00+00:00,-1.0,1.0,88966.8,88335.13572,0.007099999999999995,TP,1.0,bull,low,low
baseline,2025-12-31 08:00:00+00:00,2025-12-31 12:00:00+00:00,1.0,1.0,88967.6,87909.0,-0.011898713689028395,TIME_EXIT,240.0,bull,low,low
baseline,2026-01-01 20:00:00+00:00,2026-01-02 00:00:00+00:00,1.0,1.0,88800.0,88899.3,0.0011182432432432776,TIME_EXIT,240.0,bull,low,low
baseline,2026-01-02 00:00:00+00:00,2026-01-02 04:00:00+00:00,-1.0,1.0,88899.3,88829.3,0.0007874077748644126,TIME_EXIT,240.0,bull,low,low
baseline,2026-01-02 04:00:00+00:00,2026-01-02 08:00:00+00:00,-1.0,1.0,88829.3,89458.3,-0.007080996923312544,TIME_EXIT,240.0,bull,low,low
baseline,2026-01-02 08:00:00+00:00,2026-01-02 12:00:00+00:00,1.0,1.0,89458.3,89373.1,-0.0009523990507308566,TIME_EXIT,240.0,bull,low,low
baseline,2026-01-02 12:00:00+00:00,2026-01-02 16:00:00+00:00,-1.0,1.0,89373.1,88738.55099,0.007099999999999995,TP,138.0,bull,low,low
baseline,2026-01-02 16:00:00+00:00,2026-01-02 20:00:00+00:00,-1.0,1.0,89865.0,89226.9585,0.007100000000000106,TP,3.0,bull,low,low
baseline,2026-01-03 12:00:00+00:00,2026-01-03 16:00:00+00:00,1.0,1.0,89931.8,90091.8,0.0017791259598940456,TIME_EXIT,240.0,bull,low,low
baseline,2026-01-04 00:00:00+00:00,2026-01-04 04:00:00+00:00,-1.0,1.0,91192.7,91477.5,-0.0031230569990801094,TIME_EXIT,240.0,bull,low,low
baseline,2026-01-04 04:00:00+00:00,2026-01-04 08:00:00+00:00,-1.0,1.0,91477.5,91262.7,0.002348118389768006,TIME_EXIT,240.0,bull,low,low
baseline,2026-01-04 08:00:00+00:00,2026-01-04 12:00:00+00:00,-1.0,1.0,91262.7,91292.8,-0.0003298171103858216,TIME_EXIT,240.0,bull,low,low
baseline,2026-01-04 12:00:00+00:00,2026-01-04 16:00:00+00:00,1.0,1.0,91292.8,91102.9,-0.0020801202285394282,TIME_EXIT,240.0,bull,low,low
baseline,2026-01-04 16:00:00+00:00,2026-01-04 20:00:00+00:00,1.0,1.0,91102.9,91497.1,0.004326975321312654,TIME_EXIT,240.0,bull,low,low
baseline,2026-01-04 20:00:00+00:00,2026-01-05 00:00:00+00:00,1.0,1.0,91497.1,92835.2,0.014624507224819006,TIME_EXIT,240.0,bull,low,low
baseline,2026-01-05 00:00:00+00:00,2026-01-05 04:00:00+00:00,-1.0,1.0,92835.2,92176.07007999999,0.007100000000000106,TP,1.0,bull,low,low
baseline,2026-01-05 08:00:00+00:00,2026-01-05 12:00:00+00:00,-1.0,1.0,93093.3,92432.33757,0.007099999999999995,TP,47.0,bull,low,low
baseline,2026-01-05 12:00:00+00:00,2026-01-05 16:00:00+00:00,-1.0,1.0,93899.9,93233.21071,0.007099999999999995,TP,1.0,bull,low,low
baseline,2026-01-05 16:00:00+00:00,2026-01-05 20:00:00+00:00,-1.0,1.0,94248.6,93579.43494,0.007099999999999995,TP,48.0,bull,low,low
baseline,2026-01-06 00:00:00+00:00,2026-01-06 04:00:00+00:00,-1.0,1.0,93725.8,93207.4,0.005531027742628036,TIME_EXIT,240.0,bull,low,low
baseline,2026-01-06 04:00:00+00:00,2026-01-06 08:00:00+00:00,-1.0,1.0,93207.4,93799.9,-0.006356791413557383,TIME_EXIT,240.0,bull,low,low
baseline,2026-01-06 08:00:00+00:00,2026-01-06 12:00:00+00:00,-1.0,1.0,93799.9,93133.92070999999,0.007099999999999995,TP,48.0,bull,low,low
baseline,2026-01-06 12:00:00+00:00,2026-01-06 16:00:00+00:00,-1.0,1.0,93608.2,92062.2,0.01651564713347764,TIME_EXIT,240.0,bull,low,low
baseline,2026-01-06 20:00:00+00:00,2026-01-07 00:00:00+00:00,-1.0,1.0,93708.0,93042.6732,0.007099999999999995,TP,1.0,bull,low,low
baseline,2026-01-07 00:00:00+00:00,2026-01-07 04:00:00+00:00,-1.0,1.0,92778.2,92848.1,-0.0007534097449617416,TIME_EXIT,240.0,bull,low,low
baseline,2026-01-07 04:00:00+00:00,2026-01-07 08:00:00+00:00,-1.0,1.0,92848.1,92041.9,0.008682999436714467,TIME_EXIT,240.0,bull,low,low
baseline,2026-01-07 08:00:00+00:00,2026-01-07 12:00:00+00:00,-1.0,0.5,92041.9,91303.1,0.0040133895541051845,TIME_EXIT,240.0,bull,low,mid
baseline,2026-01-08 12:00:00+00:00,2026-01-08 16:00:00+00:00,-1.0,0.5,90730.0,90085.817,0.0035499999999999976,TP,2.0,bull,low,mid
baseline,2026-01-09 04:00:00+00:00,2026-01-09 08:00:00+00:00,1.0,1.0,90712.1,90398.1,-0.0034615007259229946,TIME_EXIT,240.0,bull,low,low
baseline,2026-01-09 12:00:00+00:00,2026-01-09 16:00:00+00:00,-1.0,1.0,91137.7,90490.62233,0.007099999999999995,TP,1.0,bull,low,low
baseline,2026-01-11 20:00:00+00:00,2026-01-12 00:00:00+00:00,1.0,1.0,90964.4,91766.2,0.00881443729634901,TIME_EXIT,240.0,bull,low,low
baseline,2026-01-12 00:00:00+00:00,2026-01-12 04:00:00+00:00,1.0,1.0,91766.2,92417.74002000001,0.007100000000000106,TP,193.0,bull,low,low
baseline,2026-01-12 12:00:00+00:00,2026-01-12 16:00:00+00:00,-1.0,1.0,91618.7,90968.20723,0.007099999999999995,TP,1.0,bull,low,low
baseline,2026-01-13 04:00:00+00:00,2026-01-13 08:00:00+00:00,1.0,1.0,91908.0,91962.1,0.000588632110371412,TIME_EXIT,240.0,bull,low,low
baseline,2026-01-13 16:00:00+00:00,2026-01-13 20:00:00+00:00,-1.0,0.5,94179.5,93510.82555,0.003550000000000053,TP,1.0,bull,low,mid
baseline,2026-01-14 12:00:00+00:00,2026-01-14 16:00:00+00:00,-1.0,1.0,96691.9,96005.38751,0.007099999999999884,TP,1.0,bull,low,low
baseline,2026-01-14 16:00:00+00:00,2026-01-14 20:00:00+00:00,-1.0,1.0,97221.8,96531.52522000001,0.007099999999999884,TP,153.0,bull,low,low
baseline,2026-01-14 20:00:00+00:00,2026-01-15 00:00:00+00:00,-1.0,1.0,96907.9,95943.1,0.009955844673138037,TIME_EXIT,240.0,bull,low,low
baseline,2026-01-15 08:00:00+00:00,2026-01-15 12:00:00+00:00,-1.0,1.0,96548.9,96717.3,-0.0017441938748137265,TIME_EXIT,240.0,bull,low,low
baseline,2026-01-15 12:00:00+00:00,2026-01-15 16:00:00+00:00,-1.0,1.0,96717.3,96030.60717,0.007099999999999995,TP,161.0,bull,low,low
baseline,2026-01-15 20:00:00+00:00,2026-01-16 00:00:00+00:00,-1.0,1.0,95567.3,95319.6,0.002591890740870517,TIME_EXIT,240.0,bear,low,low
baseline,2026-01-16 04:00:00+00:00,2026-01-16 08:00:00+00:00,-1.0,1.0,95608.4,95382.6,0.0023617171712944085,TIME_EXIT,240.0,bear,low,low
baseline,2026-01-16 08:00:00+00:00,2026-01-16 12:00:00+00:00,-1.0,1.0,95382.6,94537.5,0.008860106560316106,TIME_EXIT,240.0,bear,low,low
baseline,2026-01-16 12:00:00+00:00,2026-01-16 16:00:00+00:00,-1.0,1.0,94537.5,94961.0,-0.0044797038212349705,TIME_EXIT,240.0,bear,low,low
baseline,2026-01-16 16:00:00+00:00,2026-01-16 20:00:00+00:00,-1.0,1.0,94961.0,95503.7,-0.0057149777276988,TIME_EXIT,240.0,bear,low,low
baseline,2026-01-16 20:00:00+00:00,2026-01-17 00:00:00+00:00,-1.0,1.0,95503.7,94825.62372999999,0.007100000000000106,TP,4.0,bear,low,low
baseline,2026-01-17 12:00:00+00:00,2026-01-17 16:00:00+00:00,-1.0,1.0,95529.0,95258.3,0.0028336944802102026,TIME_EXIT,240.0,bear,low,low
baseline,2026-01-17 16:00:00+00:00,2026-01-17 20:00:00+00:00,-1.0,1.0,95258.3,95107.9,0.0015788650437810192,TIME_EXIT,240.0,bull,low,low
baseline,2026-01-17 20:00:00+00:00,2026-01-18 00:00:00+00:00,-1.0,1.0,95107.9,95155.0,-0.0004952270000704306,TIME_EXIT,240.0,bull,low,low
baseline,2026-01-18 00:00:00+00:00,2026-01-18 04:00:00+00:00,-1.0,1.0,95155.0,94989.9,0.0017350638432032106,TIME_EXIT,240.0,bull,low,low
baseline,2026-01-18 12:00:00+00:00,2026-01-18 16:00:00+00:00,-1.0,1.0,95067.8,95335.6,-0.0028169369649870823,TIME_EXIT,240.0,bull,low,low
baseline,2026-01-18 16:00:00+00:00,2026-01-18 20:00:00+00:00,-1.0,1.0,95335.6,93614.0,0.018058311900276514,TIME_EXIT,240.0,bull,low,low
baseline,2026-01-25 16:00:00+00:00,2026-01-25 20:00:00+00:00,1.0,1.0,86459.4,87073.26174,0.007100000000000106,TP,1.0,bear,low,low
baseline,2026-01-29 12:00:00+00:00,2026-01-29 16:00:00+00:00,-1.0,1.0,84898.0,86029.69034,-0.013330000000000064,SL,1.0,bull,low,low
baseline,2026-01-29 16:00:00+00:00,2026-01-29 20:00:00+00:00,1.0,1.0,83979.4,84575.65374000001,0.007100000000000106,TP,1.0,bear,low,low
baseline,2026-01-30 00:00:00+00:00,2026-01-30 04:00:00+00:00,1.0,1.0,82640.9,83227.65039000001,0.007100000000000106,TP,1.0,bear,low,low
baseline,2026-01-30 12:00:00+00:00,2026-01-30 16:00:00+00:00,1.0,1.0,82850.2,83438.43642000001,0.007100000000000106,TP,159.0,bear,low,low
baseline,2026-01-31 08:00:00+00:00,2026-01-31 12:00:00+00:00,-1.0,1.0,82983.2,81268.6,0.02066201351598862,TIME_EXIT,240.0,bear,low,low
baseline,2026-01-31 12:00:00+00:00,2026-01-31 16:00:00+00:00,1.0,1.0,81268.6,81845.60706000001,0.007100000000000106,TP,1.0,bear,low,low
baseline,2026-01-31 16:00:00+00:00,2026-01-31 20:00:00+00:00,1.0,0.5,77707.9,78259.62609,0.003550000000000053,TP,1.0,bear,low,mid
baseline,2026-01-31 20:00:00+00:00,2026-02-01 00:00:00+00:00,-1.0,1.0,78706.8,78147.98172,0.007100000000000106,TP,1.0,bear,low,low
baseline,2026-02-01 00:00:00+00:00,2026-02-01 04:00:00+00:00,1.0,0.5,78826.3,79385.96673000001,0.003550000000000053,TP,16.0,bear,low,mid
baseline,2026-02-01 04:00:00+00:00,2026-02-01 08:00:00+00:00,1.0,0.5,78320.8,78876.87768,0.003550000000000053,TP,12.0,bear,low,mid
baseline,2026-02-01 08:00:00+00:00,2026-02-01 12:00:00+00:00,1.0,1.0,78712.1,77563.8,-0.01458860835881648,TIME_EXIT,240.0,bear,low,low
baseline,2026-02-01 12:00:00+00:00,2026-02-01 16:00:00+00:00,1.0,1.0,77563.8,78114.50298,0.007100000000000106,TP,1.0,bear,low,low
baseline,2026-02-01 16:00:00+00:00,2026-02-01 20:00:00+00:00,1.0,1.0,77142.4,77690.11104,0.007100000000000106,TP,26.0,bear,low,low
baseline,2026-02-01 20:00:00+00:00,2026-02-02 00:00:00+00:00,1.0,1.0,76931.5,77477.71365,0.007100000000000106,TP,38.0,bear,low,low
baseline,2026-02-02 00:00:00+00:00,2026-02-02 04:00:00+00:00,1.0,0.5,76256.2,76797.61902,0.003550000000000053,TP,1.0,bear,low,mid
baseline,2026-02-02 04:00:00+00:00,2026-02-02 08:00:00+00:00,1.0,1.0,76612.6,75591.354042,-0.013329999999999953,SL,7.0,bear,low,low
baseline,2026-02-02 08:00:00+00:00,2026-02-02 12:00:00+00:00,-1.0,0.5,77716.1,77164.31569,0.0035499999999999976,TP,1.0,bear,low,mid
baseline,2026-02-02 12:00:00+00:00,2026-02-02 16:00:00+00:00,1.0,0.5,78800.6,77750.18800200001,-0.0066649999999999765,SL,1.0,bear,low,mid
baseline,2026-02-02 16:00:00+00:00,2026-02-02 20:00:00+00:00,1.0,1.0,78299.2,78855.12432,0.007100000000000106,TP,1.0,bull,low,low
baseline,2026-02-03 00:00:00+00:00,2026-02-03 04:00:00+00:00,-1.0,1.0,78710.7,78151.85403,0.007099999999999884,TP,168.0,bull,low,low
baseline,2026-02-03 04:00:00+00:00,2026-02-03 08:00:00+00:00,1.0,1.0,78749.9,78040.1,-0.009013344778850407,TIME_EXIT,240.0,bull,low,low
baseline,2026-02-03 08:00:00+00:00,2026-02-03 12:00:00+00:00,-1.0,1.0,78040.1,78094.1,-0.0006919519580317335,TIME_EXIT,240.0,bull,low,low
baseline,2026-02-03 12:00:00+00:00,2026-02-03 16:00:00+00:00,-1.0,1.0,78094.1,77539.63189,0.007099999999999995,TP,174.0,bull,low,low
baseline,2026-02-03 16:00:00+00:00,2026-02-03 20:00:00+00:00,1.0,1.0,74893.8,75425.54598000001,0.007100000000000106,TP,1.0,bull,low,low
baseline,2026-02-03 20:00:00+00:00,2026-02-04 00:00:00+00:00,-1.0,1.0,75732.4,75194.69996,0.007099999999999995,TP,1.0,bull,low,low
baseline,2026-02-04 00:00:00+00:00,2026-02-04 04:00:00+00:00,-1.0,1.0,76661.1,76116.80619,0.007099999999999995,TP,1.0,bull,low,low
baseline,2026-02-04 04:00:00+00:00,2026-02-04 08:00:00+00:00,1.0,1.0,76478.9,75987.6,-0.006423994068952221,TIME_EXIT,240.0,bull,low,low
baseline,2026-02-04 08:00:00+00:00,2026-02-04 12:00:00+00:00,-1.0,1.0,75987.6,74107.0,0.02474877480009907,TIME_EXIT,240.0,bull,low,low
baseline,2026-02-04 12:00:00+00:00,2026-02-04 16:00:00+00:00,-1.0,1.0,74107.0,75094.84631000001,-0.013330000000000064,SL,1.0,bull,low,low
baseline,2026-02-04 16:00:00+00:00,2026-02-04 20:00:00+00:00,-1.0,1.0,73895.3,73370.64337,0.007099999999999995,TP,22.0,bear,low,low
baseline,2026-02-04 20:00:00+00:00,2026-02-05 00:00:00+00:00,1.0,1.0,73137.4,73656.67554,0.007100000000000106,TP,1.0,bear,low,low
baseline,2026-02-05 00:00:00+00:00,2026-02-05 04:00:00+00:00,1.0,0.5,71198.9,71704.41219,0.003550000000000053,TP,1.0,bear,low,mid
baseline,2026-02-05 04:00:00+00:00,2026-02-05 08:00:00+00:00,1.0,0.5,70716.1,71218.18431000001,0.003550000000000053,TP,1.0,bear,low,mid
baseline,2026-02-05 08:00:00+00:00,2026-02-05 12:00:00+00:00,1.0,1.0,70279.0,70777.98090000001,0.007100000000000106,TP,1.0,bear,low,low
baseline,2026-02-05 12:00:00+00:00,2026-02-05 16:00:00+00:00,1.0,0.5,67451.9,67930.80849,0.003550000000000053,TP,1.0,bear,low,mid
baseline,2026-02-05 16:00:00+00:00,2026-02-05 20:00:00+00:00,1.0,0.5,65237.4,65700.58554000001,0.003550000000000053,TP,1.0,bear,low,mid
baseline,2026-02-05 20:00:00+00:00,2026-02-06 00:00:00+00:00,1.0,0.5,62868.1,63314.46351000001,0.003550000000000053,TP,1.0,bear,low,mid
baseline,2026-02-06 00:00:00+00:00,2026-02-06 04:00:00+00:00,1.0,0.5,64138.1,63283.139127,-0.0066649999999999765,SL,1.0,bear,low,mid
baseline,2026-02-06 04:00:00+00:00,2026-02-06 08:00:00+00:00,1.0,0.5,64811.2,63947.266704,-0.0066649999999999765,SL,1.0,bear,low,mid
baseline,2026-02-06 08:00:00+00:00,2026-02-06 12:00:00+00:00,1.0,0.5,66586.1,65698.50728700001,-0.006664999999999921,SL,1.0,bear,low,high
baseline,2026-02-06 16:00:00+00:00,2026-02-06 20:00:00+00:00,-1.0,0.5,70675.5,70173.70395,0.003550000000000053,TP,1.0,bull,low,mid
baseline,2026-02-06 20:00:00+00:00,2026-02-07 00:00:00+00:00,-1.0,1.0,70544.5,70043.63405,0.007100000000000106,TP,56.0,bull,low,low
baseline,2026-02-07 00:00:00+00:00,2026-02-07 04:00:00+00:00,-1.0,1.0,70887.1,70383.80159,0.007099999999999995,TP,1.0,bull,low,low
baseline,2026-02-07 04:00:00+00:00,2026-02-07 08:00:00+00:00,1.0,0.5,68050.5,68533.65855000001,0.003550000000000053,TP,1.0,bull,low,mid
baseline,2026-02-07 08:00:00+00:00,2026-02-07 12:00:00+00:00,1.0,1.0,67935.1,68417.43921000001,0.007100000000000106,TP,11.0,bull,low,low
baseline,2026-02-07 12:00:00+00:00,2026-02-07 16:00:00+00:00,-1.0,1.0,69122.1,68631.33309,0.007100000000000106,TP,1.0,bull,low,low
baseline,2026-02-07 16:00:00+00:00,2026-02-07 20:00:00+00:00,-1.0,1.0,69341.4,68849.07605999999,0.007099999999999995,TP,56.0,bull,low,low
baseline,2026-02-08 00:00:00+00:00,2026-02-08 04:00:00+00:00,1.0,1.0,69064.7,69555.05937,0.007100000000000106,TP,141.0,bull,low,low
baseline,2026-02-08 04:00:00+00:00,2026-02-08 08:00:00+00:00,1.0,1.0,69665.0,70954.0,0.018502834996052542,TIME_EXIT,240.0,bull,low,low
baseline,2026-02-08 08:00:00+00:00,2026-02-08 12:00:00+00:00,-1.0,1.0,70954.0,70450.2266,0.007100000000000106,TP,1.0,bull,low,low
baseline,2026-02-08 12:00:00+00:00,2026-02-08 16:00:00+00:00,-1.0,1.0,71152.6,71381.0,-0.00321000216436218,TIME_EXIT,240.0,bull,low,low
baseline,2026-02-08 16:00:00+00:00,2026-02-08 20:00:00+00:00,-1.0,1.0,71381.0,70874.1949,0.007099999999999995,TP,40.0,bull,low,low
baseline,2026-02-08 20:00:00+00:00,2026-02-09 00:00:00+00:00,-1.0,1.0,70288.1,71225.04037300001,-0.013330000000000064,SL,1.0,bull,low,low
baseline,2026-02-09 00:00:00+00:00,2026-02-09 04:00:00+00:00,-1.0,1.0,71269.9,70763.88371,0.007099999999999995,TP,1.0,bull,low,low
baseline,2026-02-09 04:00:00+00:00,2026-02-09 08:00:00+00:00,-1.0,1.0,70393.5,68899.9,0.02121786812702886,TIME_EXIT,240.0,bull,low,low
baseline,2026-02-09 08:00:00+00:00,2026-02-09 12:00:00+00:00,-1.0,1.0,68899.9,69818.33566699999,-0.013330000000000064,SL,1.0,bull,low,low
baseline,2026-02-09 12:00:00+00:00,2026-02-09 16:00:00+00:00,-1.0,1.0,69528.9,69035.24480999999,0.007100000000000106,TP,1.0,bull,low,low
baseline,2026-02-09 16:00:00+00:00,2026-02-09 20:00:00+00:00,-1.0,1.0,70912.7,70409.21983,0.007099999999999884,TP,1.0,bull,low,low
baseline,2026-02-09 20:00:00+00:00,2026-02-10 00:00:00+00:00,-1.0,1.0,70110.5,71045.072965,-0.013330000000000064,SL,8.0,bull,low,low
baseline,2026-02-10 00:00:00+00:00,2026-02-10 04:00:00+00:00,-1.0,1.0,69473.3,70399.37908900001,-0.013330000000000064,SL,87.0,bull,low,low
baseline,2026-02-10 04:00:00+00:00,2026-02-10 08:00:00+00:00,1.0,1.0,68882.1,69371.16291000001,0.007100000000000106,TP,1.0,bull,low,low
baseline,2026-02-10 08:00:00+00:00,2026-02-10 12:00:00+00:00,1.0,1.0,68489.9,68976.17829,0.007100000000000106,TP,23.0,bull,low,low
baseline,2026-02-10 12:00:00+00:00,2026-02-10 16:00:00+00:00,-1.0,1.0,69251.5,68759.81435,0.007099999999999995,TP,1.0,bull,low,low
baseline,2026-02-10 16:00:00+00:00,2026-02-10 20:00:00+00:00,-1.0,1.0,69031.4,69951.588562,-0.013330000000000064,SL,101.0,bull,low,low
baseline,2026-02-10 20:00:00+00:00,2026-02-11 00:00:00+00:00,-1.0,1.0,68805.3,68143.6,0.009616991714301082,TIME_EXIT,240.0,bull,low,low
baseline,2026-02-11 00:00:00+00:00,2026-02-11 04:00:00+00:00,-1.0,1.0,68143.6,69051.954188,-0.013330000000000064,SL,22.0,bull,low,low
baseline,2026-02-11 04:00:00+00:00,2026-02-11 08:00:00+00:00,1.0,0.5,67000.0,67475.70000000001,0.003550000000000053,TP,1.0,bull,low,high
baseline,2026-02-11 08:00:00+00:00,2026-02-11 12:00:00+00:00,1.0,1.0,67023.0,66489.3,-0.007962938095877448,TIME_EXIT,240.0,bull,low,low
baseline,2026-02-11 12:00:00+00:00,2026-02-11 16:00:00+00:00,-1.0,1.0,66489.3,67375.602369,-0.013330000000000064,SL,22.0,bull,low,low
baseline,2026-02-11 16:00:00+00:00,2026-02-11 20:00:00+00:00,-1.0,1.0,67547.7,67068.11133,0.007099999999999995,TP,1.0,bull,low,low
baseline,2026-02-11 20:00:00+00:00,2026-02-12 00:00:00+00:00,-1.0,1.0,67054.4,67948.235152,-0.013330000000000064,SL,84.0,bull,low,low
baseline,2026-02-12 00:00:00+00:00,2026-02-12 04:00:00+00:00,-1.0,1.0,67550.2,67070.59358,0.007099999999999995,TP,1.0,bull,low,low
baseline,2026-02-12 04:00:00+00:00,2026-02-12 08:00:00+00:00,1.0,1.0,67181.5,67658.48865000001,0.007100000000000106,TP,13.0,bull,low,low
baseline,2026-02-12 08:00:00+00:00,2026-02-12 12:00:00+00:00,-1.0,1.0,68031.8,67548.77422,0.007099999999999995,TP,1.0,bull,low,low
baseline,2026-02-12 12:00:00+00:00,2026-02-12 16:00:00+00:00,-1.0,1.0,67107.0,68001.53631000001,-0.013330000000000064,SL,1.0,bull,low,low
baseline,2026-02-12 16:00:00+00:00,2026-02-12 20:00:00+00:00,1.0,0.5,65760.7,66227.60097,0.003550000000000053,TP,1.0,bear,low,mid
baseline,2026-02-13 00:00:00+00:00,2026-02-13 04:00:00+00:00,-1.0,1.0,66519.6,66047.31084,0.007099999999999995,TP,25.0,bear,low,low
baseline,2026-02-13 04:00:00+00:00,2026-02-13 08:00:00+00:00,-1.0,1.0,66183.3,67137.8,-0.0144220671982207,TIME_EXIT,240.0,bear,low,low
baseline,2026-02-13 08:00:00+00:00,2026-02-13 12:00:00+00:00,-1.0,1.0,67137.8,66661.12162,0.007099999999999995,TP,1.0,bear,low,low
baseline,2026-02-13 12:00:00+00:00,2026-02-13 16:00:00+00:00,-1.0,1.0,68652.0,68164.5708,0.007099999999999995,TP,1.0,bear,low,low
baseline,2026-02-13 16:00:00+00:00,2026-02-13 20:00:00+00:00,-1.0,1.0,68904.2,68821.5,0.0012002171130351957,TIME_EXIT,240.0,bear,low,low
baseline,2026-02-13 20:00:00+00:00,2026-02-14 00:00:00+00:00,-1.0,1.0,68821.5,68947.7,-0.0018337292851797748,TIME_EXIT,240.0,bear,low,low
baseline,2026-02-14 08:00:00+00:00,2026-02-14 12:00:00+00:00,-1.0,1.0,70464.8,69964.49992,0.007099999999999995,TP,1.0,bear,low,low
baseline,2026-02-14 12:00:00+00:00,2026-02-14 16:00:00+00:00,-1.0,1.0,69754.2,69258.94518,0.007099999999999995,TP,83.0,bear,low,low
baseline,2026-02-15 04:00:00+00:00,2026-02-15 08:00:00+00:00,-1.0,0.5,70784.0,70281.4336,0.0035499999999999976,TP,1.0,bull,low,mid
baseline,2026-02-15 08:00:00+00:00,2026-02-15 12:00:00+00:00,-1.0,1.0,70268.7,69068.1,0.01708584334134533,TIME_EXIT,240.0,bull,low,low
baseline,2026-02-15 12:00:00+00:00,2026-02-15 16:00:00+00:00,-1.0,1.0,69068.1,69988.77777300001,-0.013330000000000064,SL,1.0,bull,low,low
baseline,2026-02-15 16:00:00+00:00,2026-02-15 20:00:00+00:00,1.0,1.0,68263.6,68748.27156000001,0.007100000000000106,TP,1.0,bull,low,low
baseline,2026-02-15 20:00:00+00:00,2026-02-16 00:00:00+00:00,1.0,1.0,68796.9,68392.6,-0.005876718282364246,TIME_EXIT,240.0,bull,low,low
baseline,2026-02-16 00:00:00+00:00,2026-02-16 04:00:00+00:00,-1.0,1.0,68392.6,68552.4,-0.002336510090272803,TIME_EXIT,240.0,bull,low,low
baseline,2026-02-16 08:00:00+00:00,2026-02-16 12:00:00+00:00,1.0,1.0,68769.4,67505.5,-0.018378813832896523,TIME_EXIT,240.0,bull,low,low
baseline,2026-02-16 12:00:00+00:00,2026-02-16 16:00:00+00:00,1.0,1.0,67505.5,67984.78905,0.007100000000000106,TP,1.0,bull,low,low
baseline,2026-02-16 20:00:00+00:00,2026-02-17 00:00:00+00:00,1.0,1.0,68862.5,67944.562875,-0.013329999999999953,SL,1.0,bull,low,low
baseline,2026-02-17 00:00:00+00:00,2026-02-17 04:00:00+00:00,-1.0,1.0,68443.6,68353.4,0.0013178734023343575,TIME_EXIT,240.0,bull,low,low
baseline,2026-02-17 04:00:00+00:00,2026-02-17 08:00:00+00:00,-1.0,1.0,68353.4,67868.09086,0.007099999999999995,TP,96.0,bull,low,low
baseline,2026-02-17 08:00:00+00:00,2026-02-17 12:00:00+00:00,-1.0,1.0,67824.4,67363.6,0.0067940151331967735,TIME_EXIT,240.0,bull,low,low
baseline,2026-02-17 12:00:00+00:00,2026-02-17 16:00:00+00:00,1.0,1.0,67363.6,67841.88156000001,0.007100000000000106,TP,2.0,bull,low,low
baseline,2026-02-17 16:00:00+00:00,2026-02-17 20:00:00+00:00,-1.0,1.0,67766.9,67285.75501,0.007099999999999995,TP,70.0,bull,low,low
baseline,2026-02-18 04:00:00+00:00,2026-02-18 08:00:00+00:00,-1.0,1.0,68078.4,67595.04336,0.007099999999999995,TP,1.0,bull,low,low
baseline,2026-02-18 08:00:00+00:00,2026-02-18 12:00:00+00:00,1.0,1.0,67345.4,67823.55234,0.007100000000000106,TP,1.0,bull,low,low
baseline,2026-02-18 12:00:00+00:00,2026-02-18 16:00:00+00:00,-1.0,1.0,67671.0,67190.5359,0.007099999999999995,TP,103.0,bull,low,low
baseline,2026-02-18 16:00:00+00:00,2026-02-18 20:00:00+00:00,-1.0,1.0,66138.2,67019.822206,-0.013330000000000064,SL,1.0,bear,low,low
baseline,2026-02-18 20:00:00+00:00,2026-02-19 00:00:00+00:00,-1.0,1.0,66422.8,66950.4,-0.00794305569774223,TIME_EXIT,240.0,bear,low,low
baseline,2026-02-19 08:00:00+00:00,2026-02-19 12:00:00+00:00,-1.0,1.0,66468.9,66362.7,0.0015977396948045897,TIME_EXIT,240.0,bear,low,low
baseline,2026-02-19 16:00:00+00:00,2026-02-19 20:00:00+00:00,1.0,1.0,67022.9,66129.484743,-0.013330000000000064,SL,3.0,bear,low,low
baseline,2026-02-19 20:00:00+00:00,2026-02-20 00:00:00+00:00,1.0,1.0,66974.0,67327.2,0.0052736882969510734,TIME_EXIT,240.0,bear,low,low
baseline,2026-02-20 00:00:00+00:00,2026-02-20 04:00:00+00:00,-1.0,1.0,67327.2,67794.7,-0.006943701802540447,TIME_EXIT,240.0,bear,low,low
baseline,2026-02-20 04:00:00+00:00,2026-02-20 08:00:00+00:00,-1.0,1.0,67794.7,67313.35763,0.007099999999999995,TP,1.0,bear,low,low
baseline,2026-02-20 08:00:00+00:00,2026-02-20 12:00:00+00:00,1.0,1.0,67290.5,67768.26255000001,0.007100000000000106,TP,1.0,bear,low,low
baseline,2026-02-20 12:00:00+00:00,2026-02-20 16:00:00+00:00,-1.0,1.0,67547.6,67068.01204,0.007100000000000106,TP,63.0,bear,low,low
baseline,2026-02-20 16:00:00+00:00,2026-02-20 20:00:00+00:00,-1.0,1.0,67616.5,67136.42285,0.007099999999999995,TP,74.0,bull,low,low
baseline,2026-02-21 12:00:00+00:00,2026-02-21 16:00:00+00:00,-1.0,1.0,68571.5,68084.64235,0.007100000000000106,TP,1.0,bull,low,low
baseline,2026-02-21 16:00:00+00:00,2026-02-21 20:00:00+00:00,-1.0,1.0,68516.3,67933.1,0.008511843167246291,TIME_EXIT,240.0,bull,low,low
baseline,2026-02-23 00:00:00+00:00,2026-02-23 04:00:00+00:00,-1.0,1.0,64894.0,65759.03702,-0.013330000000000064,SL,1.0,bull,low,low
baseline,2026-02-23 12:00:00+00:00,2026-02-23 16:00:00+00:00,1.0,1.0,65633.1,66099.09501000002,0.007100000000000106,TP,1.0,bull,low,low
baseline,2026-02-23 16:00:00+00:00,2026-02-23 20:00:00+00:00,1.0,1.0,64273.9,64730.24469000001,0.007100000000000106,TP,1.0,bull,low,low
baseline,2026-02-24 00:00:00+00:00,2026-02-24 04:00:00+00:00,1.0,1.0,63570.5,64021.85055000001,0.007100000000000106,TP,1.0,bull,low,low
baseline,2026-02-24 04:00:00+00:00,2026-02-24 08:00:00+00:00,1.0,1.0,63155.3,63192.2,0.0005842740039234684,TIME_EXIT,240.0,bull,low,low
baseline,2026-02-24 08:00:00+00:00,2026-02-24 12:00:00+00:00,1.0,1.0,63192.2,63933.4,0.011729295704216769,TIME_EXIT,240.0,bull,low,low
baseline,2026-02-24 16:00:00+00:00,2026-02-24 20:00:00+00:00,-1.0,1.0,64405.4,63948.121660000004,0.007099999999999995,TP,1.0,bull,low,low
baseline,2026-02-24 20:00:00+00:00,2026-02-25 00:00:00+00:00,-1.0,1.0,64031.3,65361.7,-0.020777338582849136,TIME_EXIT,240.0,bull,low,low
baseline,2026-02-25 00:00:00+00:00,2026-02-25 04:00:00+00:00,-1.0,1.0,65361.7,64897.631929999996,0.007099999999999995,TP,1.0,bull,low,low
baseline,2026-02-25 04:00:00+00:00,2026-02-25 08:00:00+00:00,-1.0,1.0,65001.1,65396.7,-0.006086050851447089,TIME_EXIT,240.0,bull,low,low
baseline,2026-02-25 08:00:00+00:00,2026-02-25 12:00:00+00:00,1.0,1.0,65396.7,67362.3,0.030056562487098093,TIME_EXIT,240.0,bull,low,low
baseline,2026-02-25 12:00:00+00:00,2026-02-25 16:00:00+00:00,-1.0,0.5,67362.3,66884.02767000001,0.003549999999999942,TP,1.0,bull,low,mid
baseline,2026-02-25 16:00:00+00:00,2026-02-25 20:00:00+00:00,-1.0,0.5,69005.2,68515.26308,0.003549999999999942,TP,1.0,bull,low,mid
baseline,2026-02-25 20:00:00+00:00,2026-02-26 00:00:00+00:00,-1.0,1.0,67952.5,68858.306825,-0.013330000000000064,SL,1.0,bull,low,low
baseline,2026-02-26 00:00:00+00:00,2026-02-26 04:00:00+00:00,-1.0,1.0,68187.5,67703.36875,0.007100000000000106,TP,2.0,bull,low,low
baseline,2026-02-26 08:00:00+00:00,2026-02-26 12:00:00+00:00,-1.0,1.0,68025.2,67353.4,0.009875751927227006,TIME_EXIT,240.0,bull,low,low
baseline,2026-02-26 12:00:00+00:00,2026-02-26 16:00:00+00:00,-1.0,1.0,67353.4,68251.220822,-0.013330000000000064,SL,23.0,bull,low,low
baseline,2026-02-26 16:00:00+00:00,2026-02-26 20:00:00+00:00,-1.0,1.0,67550.7,67071.09002999999,0.007100000000000106,TP,6.0,bull,low,low
baseline,2026-02-26 20:00:00+00:00,2026-02-27 00:00:00+00:00,-1.0,1.0,67448.2,67557.4,-0.0016190202258918873,TIME_EXIT,240.0,bull,low,low
baseline,2026-02-27 00:00:00+00:00,2026-02-27 04:00:00+00:00,-1.0,1.0,67557.4,67077.74246,0.007099999999999995,TP,38.0,bull,low,low
baseline,2026-02-27 04:00:00+00:00,2026-02-27 08:00:00+00:00,-1.0,1.0,67644.1,66094.1,0.022914045718695375,TIME_EXIT,240.0,bull,low,low
baseline,2026-02-27 08:00:00+00:00,2026-02-27 12:00:00+00:00,1.0,0.5,66094.1,66563.36811000001,0.003550000000000053,TP,1.0,bull,low,mid
baseline,2026-02-27 12:00:00+00:00,2026-02-27 16:00:00+00:00,-1.0,1.0,66072.6,65365.4,0.010703377799572089,TIME_EXIT,240.0,bull,low,low
baseline,2026-02-27 16:00:00+00:00,2026-02-27 20:00:00+00:00,1.0,1.0,65365.4,65829.49434,0.007100000000000106,TP,1.0,bull,low,low
baseline,2026-02-28 00:00:00+00:00,2026-02-28 04:00:00+00:00,-1.0,1.0,65763.8,63788.4,0.030037801951833698,TIME_EXIT,240.0,bull,low,low
baseline,2026-02-28 04:00:00+00:00,2026-02-28 08:00:00+00:00,1.0,1.0,63788.4,64241.29764000001,0.007100000000000106,TP,1.0,bull,low,low
baseline,2026-02-28 08:00:00+00:00,2026-02-28 12:00:00+00:00,1.0,1.0,63810.4,64263.45384000001,0.007100000000000106,TP,210.0,bull,low,low
baseline,2026-02-28 12:00:00+00:00,2026-02-28 16:00:00+00:00,-1.0,1.0,64800.0,64339.92,0.007099999999999995,TP,1.0,bull,low,low
baseline,2026-02-28 16:00:00+00:00,2026-02-28 20:00:00+00:00,-1.0,1.0,66318.1,65847.24149,0.007100000000000106,TP,1.0,bull,low,low
baseline,2026-02-28 20:00:00+00:00,2026-03-01 00:00:00+00:00,-1.0,1.0,66937.1,66461.84659,0.007100000000000106,TP,1.0,bull,low,low
baseline,2026-03-01 00:00:00+00:00,2026-03-01 04:00:00+00:00,-1.0,1.0,67474.7,66995.62963,0.007099999999999995,TP,1.0,bull,low,low
baseline,2026-03-01 04:00:00+00:00,2026-03-01 08:00:00+00:00,-1.0,1.0,67113.9,66439.0,0.010056039061952848,TIME_EXIT,240.0,bull,low,low
baseline,2026-03-01 08:00:00+00:00,2026-03-01 12:00:00+00:00,-1.0,1.0,66439.0,66810.8,-0.005596110718102398,TIME_EXIT,240.0,bull,low,low
baseline,2026-03-01 12:00:00+00:00,2026-03-01 16:00:00+00:00,-1.0,1.0,66810.8,66336.44332,0.007099999999999995,TP,33.0,bull,low,low
baseline,2026-03-01 16:00:00+00:00,2026-03-01 20:00:00+00:00,-1.0,1.0,65926.0,66804.79358,-0.013330000000000064,SL,1.0,bull,low,low
baseline,2026-03-01 20:00:00+00:00,2026-03-02 00:00:00+00:00,-1.0,1.0,65750.0,65283.175,0.007099999999999995,TP,29.0,bull,low,low
baseline,2026-03-02 00:00:00+00:00,2026-03-02 04:00:00+00:00,-1.0,1.0,66787.3,66313.11017,0.007099999999999995,TP,1.0,bull,low,low
baseline,2026-03-02 04:00:00+00:00,2026-03-02 08:00:00+00:00,-1.0,1.0,65981.3,66860.83072900001,-0.013330000000000064,SL,27.0,bull,low,low
baseline,2026-03-02 08:00:00+00:00,2026-03-02 12:00:00+00:00,1.0,1.0,66329.9,69089.1,0.041598132968691415,TIME_EXIT,240.0,bull,low,low
baseline,2026-03-02 12:00:00+00:00,2026-03-02 16:00:00+00:00,-1.0,0.5,69089.1,68598.56739000001,0.003549999999999942,TP,1.0,bull,low,mid
baseline,2026-03-02 20:00:00+00:00,2026-03-03 00:00:00+00:00,-1.0,1.0,68801.8,68349.3,0.006576862814635653,TIME_EXIT,240.0,bull,low,low
baseline,2026-03-03 00:00:00+00:00,2026-03-03 04:00:00+00:00,-1.0,1.0,68349.3,68138.3,0.00308708355462306,TIME_EXIT,240.0,bull,low,low
baseline,2026-03-03 04:00:00+00:00,2026-03-03 08:00:00+00:00,-1.0,1.0,68138.3,67000.0,0.016705729376870315,TIME_EXIT,240.0,bull,low,low
baseline,2026-03-03 08:00:00+00:00,2026-03-03 12:00:00+00:00,-1.0,1.0,67000.0,67893.11,-0.013330000000000064,SL,1.0,bull,low,low
baseline,2026-03-03 12:00:00+00:00,2026-03-03 16:00:00+00:00,-1.0,1.0,67692.5,67211.88325,0.007099999999999995,TP,1.0,bull,low,low
baseline,2026-03-03 16:00:00+00:00,2026-03-03 20:00:00+00:00,-1.0,1.0,68395.9,67910.28911,0.007099999999999995,TP,1.0,bull,low,low
baseline,2026-03-03 20:00:00+00:00,2026-03-04 00:00:00+00:00,-1.0,1.0,68295.3,67810.40337,0.007099999999999995,TP,65.0,bull,low,low
baseline,2026-03-04 00:00:00+00:00,2026-03-04 04:00:00+00:00,1.0,1.0,67700.1,68180.77071000001,0.007100000000000106,TP,1.0,bull,low,low
baseline,2026-03-04 04:00:00+00:00,2026-03-04 08:00:00+00:00,-1.0,0.5,69464.5,68971.30205,0.0035499999999999976,TP,1.0,bull,low,mid
baseline,2026-03-04 08:00:00+00:00,2026-03-04 12:00:00+00:00,1.0,0.5,71082.4,70134.871608,-0.0066649999999999765,SL,1.0,bull,low,high
baseline,2026-03-04 12:00:00+00:00,2026-03-04 16:00:00+00:00,-1.0,0.5,73339.7,72818.98813,0.0035499999999999976,TP,1.0,bull,low,high
baseline,2026-03-04 16:00:00+00:00,2026-03-04 20:00:00+00:00,-1.0,0.5,73580.2,73057.78057999999,0.003550000000000053,TP,7.0,bull,low,high
baseline,2026-03-05 00:00:00+00:00,2026-03-05 04:00:00+00:00,-1.0,1.0,72469.6,72025.5,0.006128086811573508,TIME_EXIT,240.0,bull,low,low
baseline,2026-03-05 04:00:00+00:00,2026-03-05 08:00:00+00:00,-1.0,1.0,72025.5,72985.599915,-0.013330000000000064,SL,45.0,bull,low,low
baseline,2026-03-05 08:00:00+00:00,2026-03-05 12:00:00+00:00,-1.0,1.0,72879.9,72362.45271,0.007099999999999995,TP,1.0,bull,low,low
baseline,2026-03-05 12:00:00+00:00,2026-03-05 16:00:00+00:00,-1.0,1.0,71611.7,72566.28396100001,-0.013330000000000064,SL,1.0,bull,low,low
baseline,2026-03-05 16:00:00+00:00,2026-03-05 20:00:00+00:00,-1.0,1.0,70875.5,70854.8,0.00029206143166538023,TIME_EXIT,240.0,bull,low,low
baseline,2026-03-05 20:00:00+00:00,2026-03-06 00:00:00+00:00,-1.0,1.0,70854.8,71045.4,-0.002690008298661395,TIME_EXIT,240.0,bull,low,low
baseline,2026-03-06 00:00:00+00:00,2026-03-06 04:00:00+00:00,-1.0,1.0,71045.4,70540.97765999999,0.007100000000000106,TP,86.0,bull,low,low
baseline,2026-03-06 04:00:00+00:00,2026-03-06 08:00:00+00:00,-1.0,1.0,71026.7,70522.41043,0.007099999999999884,TP,40.0,bull,low,low
baseline,2026-03-06 08:00:00+00:00,2026-03-06 12:00:00+00:00,-1.0,1.0,70185.6,68468.4,0.024466557242511455,TIME_EXIT,240.0,bull,low,low
baseline,2026-03-06 12:00:00+00:00,2026-03-06 16:00:00+00:00,1.0,1.0,68468.4,68954.52564,0.007100000000000106,TP,1.0,bull,low,low
baseline,2026-03-08 00:00:00+00:00,2026-03-08 04:00:00+00:00,1.0,1.0,66974.9,67450.42179000001,0.007100000000000106,TP,22.0,bull,low,low
baseline,2026-03-08 12:00:00+00:00,2026-03-08 16:00:00+00:00,-1.0,1.0,67174.7,67299.0,-0.0018503990341602883,TIME_EXIT,240.0,bull,low,low
baseline,2026-03-08 16:00:00+00:00,2026-03-08 20:00:00+00:00,1.0,1.0,67299.0,65934.3,-0.020278161636874237,TIME_EXIT,240.0,bull,low,low
baseline,2026-03-08 20:00:00+00:00,2026-03-09 00:00:00+00:00,1.0,0.5,65934.3,66402.43353000001,0.003550000000000053,TP,1.0,bull,low,mid
baseline,2026-03-09 00:00:00+00:00,2026-03-09 04:00:00+00:00,1.0,1.0,67165.3,66269.98655100001,-0.013329999999999953,SL,1.0,bull,low,low
baseline,2026-03-09 04:00:00+00:00,2026-03-09 08:00:00+00:00,1.0,1.0,67504.8,67984.08408000002,0.007100000000000106,TP,109.0,bull,low,low
baseline,2026-03-09 08:00:00+00:00,2026-03-09 12:00:00+00:00,1.0,1.0,67723.3,68204.13543000001,0.007100000000000106,TP,93.0,bull,low,low
baseline,2026-03-09 12:00:00+00:00,2026-03-09 16:00:00+00:00,1.0,0.5,68832.3,67914.76544100001,-0.006664999999999921,SL,1.0,bull,low,mid
baseline,2026-03-09 16:00:00+00:00,2026-03-09 20:00:00+00:00,-1.0,1.0,68951.8,68462.24222,0.007099999999999995,TP,98.0,bull,low,low
baseline,2026-03-10 00:00:00+00:00,2026-03-10 04:00:00+00:00,-1.0,1.0,69391.0,68898.3239,0.007099999999999995,TP,1.0,bull,low,low
baseline,2026-03-10 04:00:00+00:00,2026-03-10 08:00:00+00:00,-1.0,1.0,70374.7,69875.03963,0.007099999999999995,TP,1.0,bull,low,low
baseline,2026-03-10 08:00:00+00:00,2026-03-10 12:00:00+00:00,-1.0,1.0,70570.1,71296.9,-0.010298979312768353,TIME_EXIT,240.0,bull,low,low
baseline,2026-03-10 12:00:00+00:00,2026-03-10 16:00:00+00:00,-1.0,1.0,71296.9,70790.69201,0.007099999999999884,TP,1.0,bull,low,low
baseline,2026-03-10 16:00:00+00:00,2026-03-10 20:00:00+00:00,-1.0,1.0,70005.2,70938.369316,-0.013330000000000064,SL,1.0,bear,low,low
baseline,2026-03-10 20:00:00+00:00,2026-03-11 00:00:00+00:00,-1.0,1.0,69901.9,69405.59650999999,0.007100000000000106,TP,131.0,bear,low,low
baseline,2026-03-11 00:00:00+00:00,2026-03-11 04:00:00+00:00,1.0,1.0,69517.0,70010.57070000001,0.007100000000000106,TP,12.0,bear,low,low
baseline,2026-03-11 04:00:00+00:00,2026-03-11 08:00:00+00:00,1.0,1.0,69622.1,70116.41691000001,0.007100000000000106,TP,52.0,bear,low,low
baseline,2026-03-11 08:00:00+00:00,2026-03-11 12:00:00+00:00,1.0,1.0,69144.0,69634.92240000001,0.007100000000000106,TP,1.0,bear,low,low
baseline,2026-03-11 12:00:00+00:00,2026-03-11 16:00:00+00:00,-1.0,1.0,70186.9,69688.57301,0.007099999999999995,TP,1.0,bear,low,low
baseline,2026-03-11 16:00:00+00:00,2026-03-11 20:00:00+00:00,1.0,1.0,70600.8,71102.06568000001,0.007100000000000106,TP,84.0,bear,low,low
baseline,2026-03-12 00:00:00+00:00,2026-03-12 04:00:00+00:00,1.0,1.0,69402.6,69895.35846000002,0.007100000000000106,TP,1.0,bear,low,low
baseline,2026-03-12 08:00:00+00:00,2026-03-12 12:00:00+00:00,-1.0,1.0,70388.5,69888.74165,0.007100000000000106,TP,1.0,bear,low,low
baseline,2026-03-12 12:00:00+00:00,2026-03-12 16:00:00+00:00,1.0,1.0,70282.9,69346.028943,-0.013329999999999953,SL,162.0,bear,low,low
baseline,2026-03-12 16:00:00+00:00,2026-03-12 20:00:00+00:00,1.0,1.0,70393.7,70480.1,0.0012273825640647384,TIME_EXIT,240.0,bull,low,low
baseline,2026-03-13 00:00:00+00:00,2026-03-13 04:00:00+00:00,1.0,1.0,71366.3,70414.987221,-0.013329999999999953,SL,1.0,bull,low,low
baseline,2026-03-13 04:00:00+00:00,2026-03-13 08:00:00+00:00,-1.0,1.0,71585.3,72189.9,-0.008445868076266905,TIME_EXIT,240.0,bull,low,low
baseline,2026-03-13 08:00:00+00:00,2026-03-13 12:00:00+00:00,-1.0,0.5,72189.9,71677.35170999999,0.003550000000000053,TP,1.0,bull,low,high
baseline,2026-03-13 12:00:00+00:00,2026-03-13 16:00:00+00:00,-1.0,1.0,71800.0,72757.094,-0.013330000000000064,SL,48.0,bull,low,low
baseline,2026-03-13 16:00:00+00:00,2026-03-13 20:00:00+00:00,-1.0,1.0,71148.0,72096.40284000001,-0.013330000000000064,SL,73.0,bull,low,low
baseline,2026-03-13 20:00:00+00:00,2026-03-14 00:00:00+00:00,-1.0,1.0,70895.5,71034.3,-0.0019578111445719415,TIME_EXIT,240.0,bull,low,low
baseline,2026-03-14 00:00:00+00:00,2026-03-14 04:00:00+00:00,-1.0,1.0,71034.3,70529.95647,0.007099999999999995,TP,44.0,bull,low,low
baseline,2026-03-14 04:00:00+00:00,2026-03-14 08:00:00+00:00,1.0,1.0,70565.6,71066.61576000002,0.007100000000000106,TP,4.0,bull,low,low
baseline,2026-03-14 08:00:00+00:00,2026-03-14 12:00:00+00:00,1.0,1.0,70705.0,70554.6,-0.0021271480093344453,TIME_EXIT,240.0,bull,low,low
baseline,2026-03-14 12:00:00+00:00,2026-03-14 16:00:00+00:00,1.0,1.0,70554.6,70664.1,0.001551989523007613,TIME_EXIT,240.0,bull,low,low
baseline,2026-03-15 00:00:00+00:00,2026-03-15 04:00:00+00:00,-1.0,1.0,71314.8,71420.8,-0.0014863674861318454,TIME_EXIT,240.0,bull,low,low
baseline,2026-03-15 04:00:00+00:00,2026-03-15 08:00:00+00:00,-1.0,1.0,71420.8,71800.0,-0.005309377660289494,TIME_EXIT,240.0,bull,low,low
baseline,2026-03-15 08:00:00+00:00,2026-03-15 12:00:00+00:00,-1.0,1.0,71800.0,71444.4,0.004952646239554381,TIME_EXIT,240.0,bull,low,low
baseline,2026-03-15 12:00:00+00:00,2026-03-15 16:00:00+00:00,1.0,1.0,71444.4,71515.2,0.0009909803987435684,TIME_EXIT,240.0,bull,low,low
baseline,2026-03-15 16:00:00+00:00,2026-03-15 20:00:00+00:00,-1.0,1.0,71515.2,72778.9,-0.017670369376020734,TIME_EXIT,240.0,bull,low,low
baseline,2026-03-15 20:00:00+00:00,2026-03-16 00:00:00+00:00,-1.0,1.0,72778.9,72262.16980999999,0.007099999999999995,TP,1.0,bull,low,low
baseline,2026-03-16 00:00:00+00:00,2026-03-16 04:00:00+00:00,-1.0,1.0,73539.5,73017.36955,0.007099999999999995,TP,1.0,bull,low,low
baseline,2026-03-16 04:00:00+00:00,2026-03-16 08:00:00+00:00,-1.0,1.0,73427.7,74406.491241,-0.013330000000000064,SL,55.0,bull,low,low
baseline,2026-03-16 08:00:00+00:00,2026-03-16 12:00:00+00:00,-1.0,1.0,73515.3,72993.34137000001,0.007099999999999884,TP,44.0,bull,low,low
baseline,2026-03-16 12:00:00+00:00,2026-03-16 16:00:00+00:00,-1.0,1.0,73240.2,74216.491866,-0.013330000000000064,SL,94.0,bull,low,low
baseline,2026-03-16 16:00:00+00:00,2026-03-16 20:00:00+00:00,-1.0,1.0,73928.8,73403.90552,0.007099999999999995,TP,1.0,bull,low,low
baseline,2026-03-16 20:00:00+00:00,2026-03-17 00:00:00+00:00,-1.0,1.0,74846.4,74314.99055999999,0.007099999999999995,TP,1.0,bull,low,low
baseline,2026-03-17 00:00:00+00:00,2026-03-17 04:00:00+00:00,-1.0,1.0,74424.9,75416.983917,-0.013330000000000064,SL,13.0,bull,low,low
baseline,2026-03-17 04:00:00+00:00,2026-03-17 08:00:00+00:00,-1.0,1.0,74212.7,73997.1,0.0029051631324557015,TIME_EXIT,240.0,bull,low,low
baseline,2026-03-17 08:00:00+00:00,2026-03-17 12:00:00+00:00,-1.0,1.0,73997.1,73878.5,0.0016027655137836883,TIME_EXIT,240.0,bull,low,low
baseline,2026-03-17 12:00:00+00:00,2026-03-17 16:00:00+00:00,-1.0,1.0,73878.5,73353.96265,0.007099999999999995,TP,112.0,bull,low,low
baseline,2026-03-17 16:00:00+00:00,2026-03-17 20:00:00+00:00,1.0,1.0,74460.8,73872.4,-0.007902144484077667,TIME_EXIT,240.0,bull,low,low
baseline,2026-03-17 20:00:00+00:00,2026-03-18 00:00:00+00:00,1.0,1.0,73872.4,74396.89404,0.007100000000000106,TP,1.0,bull,low,low
baseline,2026-03-18 00:00:00+00:00,2026-03-18 04:00:00+00:00,-1.0,1.0,74414.6,73886.25634,0.007099999999999995,TP,2.0,bull,low,low
baseline,2026-03-18 04:00:00+00:00,2026-03-18 08:00:00+00:00,1.0,1.0,73840.0,74364.26400000001,0.007100000000000106,TP,1.0,bull,low,low
baseline,2026-03-18 08:00:00+00:00,2026-03-18 12:00:00+00:00,1.0,1.0,72906.4,73424.03544,0.007100000000000106,TP,1.0,bull,low,low
baseline,2026-03-18 12:00:00+00:00,2026-03-18 16:00:00+00:00,-1.0,0.5,71436.4,72388.647212,-0.006665000000000032,SL,1.0,bull,low,mid
baseline,2026-03-18 16:00:00+00:00,2026-03-18 20:00:00+00:00,-1.0,0.5,71030.3,71977.13389900001,-0.006665000000000032,SL,127.0,bull,low,mid
baseline,2026-03-19 04:00:00+00:00,2026-03-19 08:00:00+00:00,1.0,0.5,70145.1,70643.13021000002,0.003550000000000053,TP,1.0,bull,low,mid
baseline,2026-03-19 08:00:00+00:00,2026-03-19 12:00:00+00:00,1.0,0.5,69926.8,70423.28028,0.003550000000000053,TP,82.0,bull,low,mid
baseline,2026-03-20 12:00:00+00:00,2026-03-20 16:00:00+00:00,1.0,1.0,69829.5,70325.28945000001,0.007100000000000106,TP,1.0,bull,low,low
baseline,2026-03-20 16:00:00+00:00,2026-03-20 20:00:00+00:00,1.0,1.0,70141.9,70472.7,0.004716153967885051,TIME_EXIT,240.0,bull,low,low
baseline,2026-03-21 12:00:00+00:00,2026-03-21 16:00:00+00:00,1.0,1.0,70599.1,70365.9,-0.0033031582555587136,TIME_EXIT,240.0,bull,low,low
baseline,2026-03-21 16:00:00+00:00,2026-03-21 20:00:00+00:00,1.0,1.0,70365.9,68881.5,-0.0210954453790827,TIME_EXIT,240.0,bull,low,low
baseline,2026-03-21 20:00:00+00:00,2026-03-22 00:00:00+00:00,1.0,1.0,68881.5,69370.55865,0.007100000000000106,TP,1.0,bull,low,low
baseline,2026-03-22 04:00:00+00:00,2026-03-22 08:00:00+00:00,1.0,1.0,68884.5,69373.57995000001,0.007100000000000106,TP,3.0,bull,low,low
baseline,2026-03-22 08:00:00+00:00,2026-03-22 12:00:00+00:00,1.0,1.0,68177.0,68661.0567,0.007100000000000106,TP,1.0,bull,low,low
baseline,2026-03-22 16:00:00+00:00,2026-03-22 20:00:00+00:00,1.0,1.0,68170.6,68654.61126000002,0.007100000000000106,TP,1.0,bull,low,low
baseline,2026-03-22 20:00:00+00:00,2026-03-23 00:00:00+00:00,1.0,1.0,67830.6,68312.19726000002,0.007100000000000106,TP,12.0,bull,low,low
baseline,2026-03-23 00:00:00+00:00,2026-03-23 04:00:00+00:00,1.0,1.0,68045.1,68528.22021000001,0.007100000000000106,TP,182.0,bull,low,low
baseline,2026-03-23 04:00:00+00:00,2026-03-23 08:00:00+00:00,1.0,1.0,68306.0,68790.97260000001,0.007100000000000106,TP,76.0,bull,low,low
baseline,2026-03-23 08:00:00+00:00,2026-03-23 12:00:00+00:00,1.0,1.0,70097.3,69162.90299100001,-0.013329999999999953,SL,1.0,bull,low,low
baseline,2026-03-23 12:00:00+00:00,2026-03-23 16:00:00+00:00,-1.0,1.0,70112.2,71046.795626,-0.013330000000000064,SL,97.0,bull,low,low
baseline,2026-03-23 16:00:00+00:00,2026-03-23 20:00:00+00:00,-1.0,1.0,70647.1,70145.50559,0.007100000000000106,TP,1.0,bull,low,low
baseline,2026-03-24 04:00:00+00:00,2026-03-24 08:00:00+00:00,-1.0,1.0,71255.2,70749.28808,0.007099999999999995,TP,1.0,bull,low,low
baseline,2026-03-24 08:00:00+00:00,2026-03-24 12:00:00+00:00,-1.0,1.0,71116.4,69837.7,0.017980381459128947,TIME_EXIT,240.0,bull,low,low
baseline,2026-03-24 12:00:00+00:00,2026-03-24 16:00:00+00:00,-1.0,0.5,69837.7,70768.636541,-0.006665000000000032,SL,1.0,bull,low,mid
baseline,2026-03-24 16:00:00+00:00,2026-03-24 20:00:00+00:00,-1.0,1.0,69342.6,70523.9,-0.01703570388188491,TIME_EXIT,240.0,bull,low,low
baseline,2026-03-25 00:00:00+00:00,2026-03-25 04:00:00+00:00,-1.0,1.0,70689.3,70900.0,-0.0029806491222856835,TIME_EXIT,240.0,bull,low,low
baseline,2026-03-25 04:00:00+00:00,2026-03-25 08:00:00+00:00,-1.0,1.0,70900.0,71650.3,-0.010582510578279303,TIME_EXIT,240.0,bull,low,low
baseline,2026-03-25 08:00:00+00:00,2026-03-25 12:00:00+00:00,-1.0,1.0,71650.3,71141.58287,0.007100000000000106,TP,1.0,bull,low,low
baseline,2026-03-25 12:00:00+00:00,2026-03-25 16:00:00+00:00,-1.0,1.0,70792.4,71736.06269199999,-0.013330000000000064,SL,2.0,bull,low,low
baseline,2026-03-25 16:00:00+00:00,2026-03-25 20:00:00+00:00,-1.0,1.0,70853.2,71297.5,-0.006270711837997434,TIME_EXIT,240.0,bull,low,low
baseline,2026-03-25 20:00:00+00:00,2026-03-26 00:00:00+00:00,-1.0,1.0,71297.5,70791.28775,0.007099999999999995,TP,1.0,bull,low,low
baseline,2026-03-26 00:00:00+00:00,2026-03-26 04:00:00+00:00,-1.0,1.0,70881.9,70053.8,0.011682813242872903,TIME_EXIT,240.0,bull,low,low
baseline,2026-03-26 04:00:00+00:00,2026-03-26 08:00:00+00:00,-1.0,1.0,70053.8,69239.3,0.011626778276124905,TIME_EXIT,240.0,bull,low,low
baseline,2026-03-26 08:00:00+00:00,2026-03-26 12:00:00+00:00,1.0,1.0,69239.3,69730.89903000002,0.007100000000000106,TP,1.0,bull,low,low
baseline,2026-03-26 16:00:00+00:00,2026-03-26 20:00:00+00:00,1.0,1.0,68502.7,68989.06917,0.007100000000000106,TP,1.0,bull,low,low
baseline,2026-03-26 20:00:00+00:00,2026-03-27 00:00:00+00:00,1.0,1.0,68788.0,69276.39480000001,0.007100000000000106,TP,11.0,bull,low,low
baseline,2026-03-27 08:00:00+00:00,2026-03-27 12:00:00+00:00,1.0,0.5,66663.2,67136.50872,0.003550000000000053,TP,1.0,bull,low,mid
baseline,2026-03-27 12:00:00+00:00,2026-03-27 16:00:00+00:00,1.0,0.5,66092.0,66561.2532,0.003550000000000053,TP,1.0,bull,low,mid
baseline,2026-03-27 16:00:00+00:00,2026-03-27 20:00:00+00:00,1.0,1.0,66005.4,66364.2,0.005435918879364454,TIME_EXIT,240.0,bull,low,low
baseline,2026-03-28 00:00:00+00:00,2026-03-28 04:00:00+00:00,1.0,1.0,66191.8,66520.8,0.004970404189038602,TIME_EXIT,240.0,bull,low,low
baseline,2026-03-28 08:00:00+00:00,2026-03-28 12:00:00+00:00,1.0,1.0,66288.5,66982.3,0.010466370486585275,TIME_EXIT,240.0,bull,low,low
baseline,2026-03-28 20:00:00+00:00,2026-03-29 00:00:00+00:00,1.0,1.0,66334.8,66805.77708000001,0.007100000000000106,TP,1.0,bull,low,low
baseline,2026-03-29 04:00:00+00:00,2026-03-29 08:00:00+00:00,1.0,1.0,66632.5,66780.8,0.00222564064082853,TIME_EXIT,240.0,bull,low,low
baseline,2026-03-29 08:00:00+00:00,2026-03-29 12:00:00+00:00,1.0,1.0,66780.8,66500.0,-0.004204801380037426,TIME_EXIT,240.0,bull,low,low
baseline,2026-03-29 12:00:00+00:00,2026-03-29 16:00:00+00:00,1.0,1.0,66500.0,66320.2,-0.0027037593984963193,TIME_EXIT,240.0,bull,low,low
baseline,2026-03-29 16:00:00+00:00,2026-03-29 20:00:00+00:00,1.0,1.0,66320.2,65977.9,-0.005161323397697926,TIME_EXIT,240.0,bull,low,low
