entry_i,exit_i,side,entry,exit,exit_type,pnl_pct,regime,duration
19,32,LONG,16855.9,16717.25443268303,SL,-0.9025,Bullish Trend,13
32,34,LONG,16785.6,16948.286445822792,TP,0.8892,Bullish Trend,2
34,35,LONG,16834.2,17013.58795073496,TP,0.9856,Bullish Trend,1
35,47,LONG,16932.6,17120.55852568246,TP,1.03,Bullish Trend,12
47,48,LONG,16920.3,17061.614390917155,TP,0.7552,Bullish Trend,1
48,51,LONG,17124.7,17291.641505851647,TP,0.8949,Bullish Trend,3
51,58,LONG,17232.2,17405.716574109352,TP,0.9269,Bullish Trend,7
58,64,LONG,17317.5,17512.716535889303,TP,1.0473,Bullish Trend,6
64,65,LONG,17325.3,17524.679344609325,TP,1.0708,Bullish Trend,1
65,66,LONG,17540.6,17756.868962851517,TP,1.153,Bullish Trend,1
66,67,LONG,17935.7,18205.614179790697,TP,1.4249,Bullish Trend,1
67,69,LONG,18217.2,17964.96936863498,SL,-1.4646,Bullish Trend,2
69,70,LONG,18194.5,18510.293778790143,TP,1.6557,Bullish Trend,1
70,71,LONG,18077.7,18434.400580305133,TP,1.8932,Bullish Trend,1
71,76,LONG,18877.2,19345.689967426195,TP,2.4018,Bullish Trend,5
76,77,LONG,19252.5,19740.92525411394,TP,2.4569,Bullish Trend,1
77,78,LONG,19354.2,19854.312735962943,TP,2.504,Bullish Trend,1
78,79,LONG,19924.2,20481.794397679874,TP,2.7186,Bullish Trend,1
79,80,LONG,20996.3,20407.367280621405,SL,-2.8849,Bullish Trend,1
80,99,LONG,20913.1,21637.075781672953,TP,3.3818,Bullish Trend,19
99,106,LONG,21218.6,20650.926505316886,SL,-2.7554,Bullish Trend,7
106,119,LONG,21035.5,21755.439512885794,TP,3.3425,Bullish Trend,13
119,120,LONG,21494.2,22092.69832467507,TP,2.7045,Bullish Trend,1
120,124,LONG,22661.1,23386.435444341136,TP,3.1208,Bullish Trend,4
124,131,LONG,22996.2,22394.989790674455,SL,-2.6944,Bullish Trend,7
131,149,LONG,22720.0,23446.949464494675,TP,3.1196,Bullish Trend,18
149,161,LONG,22743.4,23405.98277988857,TP,2.8333,Bullish Trend,12
161,170,LONG,23246.7,23200.4,REGIME_FLIP,-0.2792,Bullish Trend,9
223,228,LONG,22870.9,23370.149224099045,TP,2.1029,Bullish Trend,5
228,232,LONG,23234.1,22828.114239258117,SL,-1.8274,Bullish Trend,4
232,234,LONG,22862.4,22482.960535647937,SL,-1.7397,Bullish Trend,2
234,235,LONG,22955.9,22569.653216961742,SL,-1.7626,Bullish Trend,1
235,238,LONG,22511.6,22088.624415750186,SL,-1.9589,Bullish Trend,3
238,239,LONG,22603.8,22186.24660765421,SL,-1.9273,Bullish Trend,1
239,243,LONG,22027.3,21558.936135678912,SL,-2.2063,Bullish Trend,4
243,267,LONG,21726.6,22297.067444460172,TP,2.5457,Bullish Trend,24
267,268,LONG,21798.9,22227.711792048998,TP,1.8871,Bullish Trend,1
268,273,LONG,22033.3,22544.18037833121,TP,2.2387,Bullish Trend,5
273,274,LONG,22433.0,22923.58004329619,TP,2.1069,Bullish Trend,1
274,275,LONG,22798.1,23320.058611632176,TP,2.2095,Bullish Trend,1
275,276,LONG,23310.6,23878.381853658448,TP,2.3557,Bullish Trend,1
276,279,LONG,24332.6,25012.929506968558,TP,2.716,Bullish Trend,3
279,280,LONG,24580.0,25263.563378210616,TP,2.701,Bullish Trend,1
280,281,LONG,25090.2,24501.497283631634,SL,-2.4263,Bullish Trend,1
281,282,LONG,24879.0,24260.561763372232,SL,-2.5658,Bullish Trend,1
296,298,SHORT,24576.7,25170.67441500909,SL,-2.4968,Bearish Trend,2
298,299,SHORT,24929.7,24208.743903407987,TP,2.812,Bearish Trend,1
299,308,SHORT,24512.5,25144.616851229945,SL,-2.6588,Bearish Trend,9
308,311,SHORT,25004.6,24263.455970764946,TP,2.884,Bearish Trend,3
311,315,SHORT,24607.7,23804.075088108817,TP,3.1857,Bearish Trend,4
315,327,SHORT,24156.4,23348.50253970939,TP,3.2644,Bearish Trend,12
327,328,SHORT,23876.4,23108.325316350063,TP,3.1369,Bearish Trend,1
328,331,SHORT,23337.2,23064.9,REGIME_FLIP,1.0868,Bearish Trend,3
331,345,LONG,23064.9,23846.51141258137,TP,3.3087,Bullish Trend,14
345,356,LONG,23420.0,23984.632937883292,TP,2.3309,Bullish Trend,11
356,363,LONG,23709.6,23203.090134119666,SL,-2.2163,Bullish Trend,7
363,366,LONG,23405.6,22919.217065644076,SL,-2.1581,Bullish Trend,3
366,367,LONG,23457.1,22998.04988819972,SL,-2.037,Bullish Trend,1
367,401,SHORT,22306.3,21555.195869193674,TP,3.2872,Bearish Trend,34
401,404,SHORT,21993.7,21521.24427031542,TP,2.0681,Bearish Trend,3
404,406,SHORT,21680.9,21197.246218251814,TP,2.1508,Bearish Trend,2
406,407,SHORT,21637.4,21160.52649430896,TP,2.1239,Bearish Trend,1
407,408,SHORT,20845.6,20279.074887572606,TP,2.6377,Bearish Trend,1
408,410,SHORT,20348.3,19706.829467031705,TP,3.0725,Bearish Trend,2
410,414,SHORT,19942.9,20473.153102006974,SL,-2.7389,Bearish Trend,4
414,424,SHORT,20140.3,20722.770888338742,SL,-2.9721,Bearish Trend,10
424,425,SHORT,20347.9,20854.232872637524,SL,-2.5684,Bearish Trend,1
425,426,SHORT,20770.5,21349.684096020555,SL,-2.8685,Bearish Trend,1
426,429,LONG,21986.2,22857.32739234405,TP,3.8822,Bullish Trend,3
429,430,LONG,22092.6,23011.951638841063,TP,4.0814,Bullish Trend,1
430,435,LONG,24009.0,25209.93066463813,TP,4.922,Bullish Trend,5
435,436,LONG,24747.3,25933.236193476834,TP,4.7122,Bullish Trend,1
436,437,LONG,25911.3,24813.92859891163,SL,-4.3151,Bullish Trend,1
437,452,LONG,25065.5,26592.924039273395,TP,6.0137,Bullish Trend,15
452,455,LONG,26046.9,27346.766277820232,TP,4.9105,Bullish Trend,3
455,466,LONG,26830.0,28177.545257788282,TP,4.9425,Bullish Trend,11
466,483,LONG,27534.3,28757.74604207784,TP,4.3634,Bullish Trend,17
483,484,LONG,28113.5,27269.691360333498,SL,-3.0814,Bullish Trend,1
484,485,LONG,28586.2,27731.124120309676,SL,-3.0712,Bullish Trend,1
485,488,SHORT,26654.1,27690.349031141013,SL,-3.9678,Bearish Trend,3
488,489,SHORT,27616.4,28603.238145560063,SL,-3.6534,Bearish Trend,1
489,490,SHORT,27573.4,28523.499706591487,SL,-3.5257,Bearish Trend,1
490,497,SHORT,28574.5,27259.03334328796,TP,4.5236,Bearish Trend,7
497,513,SHORT,27811.3,26573.969473817342,TP,4.369,Bearish Trend,16
513,514,SHORT,27879.9,27031.085923916355,TP,2.9645,Bearish Trend,1
514,523,SHORT,26887.3,27666.85039620677,SL,-2.9793,Bearish Trend,9
523,524,SHORT,27354.1,28064.54227529547,SL,-2.6772,Bearish Trend,1
524,528,SHORT,28077.7,28831.360684202937,SL,-2.7642,Bearish Trend,4
528,537,SHORT,28338.5,27916.0,REGIME_FLIP,1.4109,Bearish Trend,9
589,593,LONG,28012.0,28474.836247029176,TP,1.5723,Bullish Trend,4
593,598,LONG,28132.4,28602.04818610476,TP,1.5894,Bullish Trend,5
598,599,LONG,28427.7,28908.2293421331,TP,1.6104,Bullish Trend,1
599,600,LONG,29164.9,29736.804317695023,TP,1.8809,Bullish Trend,1
600,603,LONG,29623.1,30259.724009288235,TP,2.0691,Bullish Trend,3
603,618,LONG,30045.0,30736.093243952717,TP,2.2202,Bullish Trend,15
618,619,LONG,30362.7,31041.86625860717,TP,2.1568,Bullish Trend,1
619,621,LONG,30684.6,30113.687791275894,SL,-1.9406,Bullish Trend,2
621,622,LONG,30790.0,30240.16370778381,SL,-1.8658,Bullish Trend,1
622,638,LONG,30226.7,29634.71987151354,SL,-2.0385,Bullish Trend,16
638,639,LONG,29831.1,29400.550366432308,SL,-1.5233,Bullish Trend,1
639,642,LONG,29558.1,29090.825340258572,SL,-1.6609,Bullish Trend,3
642,644,LONG,29420.0,29986.37632638098,TP,1.8451,Bullish Trend,2
644,645,LONG,29756.8,30345.221919175438,TP,1.8974,Bullish Trend,1
645,650,LONG,30369.7,29861.077157070256,SL,-1.7548,Bullish Trend,5
650,651,LONG,30064.8,29553.94865956165,SL,-1.7792,Bullish Trend,1
651,653,LONG,29299.9,28689.77732673582,SL,-2.1623,Bullish Trend,2
653,654,LONG,29210.6,28602.531470501803,SL,-2.1617,Bullish Trend,1
654,658,LONG,28795.1,28149.850651180244,SL,-2.3208,Bullish Trend,4
658,661,LONG,28492.3,27841.914065711135,SL,-2.3627,Bullish Trend,3
661,664,LONG,28309.1,27659.228827393352,SL,-2.3756,Bullish Trend,3
664,665,LONG,28032.8,27394.296495547813,SL,-2.3577,Bullish Trend,1
665,689,LONG,27273.6,28141.93310020906,TP,3.1038,Bullish Trend,24
689,690,LONG,27596.1,28300.47074339308,TP,2.4724,Bullish Trend,1
690,692,LONG,28286.7,29046.571547436437,TP,2.6063,Bullish Trend,2
692,693,LONG,28365.0,29091.089650595703,TP,2.4798,Bullish Trend,1
693,694,LONG,28940.7,28321.032060218586,SL,-2.2212,Bullish Trend,1
694,695,LONG,29803.0,29108.92262734583,SL,-2.4089,Bullish Trend,1
695,696,SHORT,27871.9,28757.986131750302,SL,-3.2591,Bearish Trend,1
696,699,SHORT,28395.9,29382.52640805385,SL,-3.5545,Bearish Trend,3
699,709,SHORT,28921.2,29328.8,REGIME_FLIP,-1.4893,Bearish Trend,10
760,762,SHORT,28933.1,28208.87402241081,TP,2.4231,Bearish Trend,2
762,764,SHORT,28419.4,27683.567738711365,TP,2.5092,Bearish Trend,2
764,778,SHORT,27957.8,27184.419315521533,TP,2.6862,Bearish Trend,14
778,779,SHORT,28141.2,27428.38514647915,TP,2.453,Bearish Trend,1
779,784,SHORT,27683.6,26802.54149315921,TP,3.1026,Bearish Trend,5
784,787,SHORT,27166.3,26302.909427551695,TP,3.0982,Bearish Trend,3
787,804,SHORT,26574.8,27259.81339536447,SL,-2.6577,Bearish Trend,17
804,805,SHORT,26901.9,27390.54880837103,SL,-1.8964,Bearish Trend,1
805,811,SHORT,27216.3,27118.7,REGIME_FLIP,0.2786,Bearish Trend,6
913,933,SHORT,26985.1,26340.18109444266,TP,2.3099,Bearish Trend,20
933,934,SHORT,26760.1,26311.356799523368,TP,1.5969,Bearish Trend,1
934,939,SHORT,25991.9,25461.9583852717,TP,1.9589,Bearish Trend,5
939,940,SHORT,25676.0,26101.48101226706,SL,-1.7371,Bearish Trend,1
940,941,SHORT,26051.2,26533.868082819416,SL,-1.9328,Bearish Trend,1
941,944,SHORT,27073.2,26348.138843101286,TP,2.5982,Bearish Trend,3
944,961,SHORT,26786.7,26034.291867089476,TP,2.7289,Bearish Trend,17
961,962,SHORT,26312.6,25724.605145516784,TP,2.1547,Bearish Trend,1
962,964,SHORT,25637.2,25620.0,REGIME_FLIP,-0.0129,Bearish Trend,2
964,980,LONG,25620.0,26239.970438884702,TP,2.3399,Bullish Trend,16
980,989,LONG,26060.2,25613.079092437925,SL,-1.7957,Bullish Trend,9
989,990,LONG,25860.5,25447.83342215512,SL,-1.6757,Bullish Trend,1
990,995,LONG,25115.9,25743.993396078513,TP,2.4208,Bullish Trend,5
995,1000,LONG,25443.0,26052.823688452314,TP,2.3168,Bullish Trend,5
1000,1003,LONG,25832.4,26467.077780836345,TP,2.3769,Bullish Trend,3
1003,1018,LONG,26253.4,26899.233142674,TP,2.38,Bullish Trend,15
1018,1020,LONG,26431.1,26915.094088707967,TP,1.7512,Bullish Trend,2
1020,1024,LONG,26828.5,27373.316397916566,TP,1.9507,Bullish Trend,4
1024,1025,LONG,27054.2,27628.48303779402,TP,2.0427,Bullish Trend,1
1025,1026,LONG,27973.8,28663.89232080873,TP,2.3869,Bullish Trend,1
1026,1028,LONG,28290.6,29004.597012179536,TP,2.4438,Bullish Trend,2
1028,1029,LONG,28860.4,29627.37142376705,TP,2.5775,Bullish Trend,1
1029,1030,LONG,28913.5,29685.16875064083,TP,2.5889,Bullish Trend,1
1030,1041,LONG,29837.0,30710.163054166485,TP,2.8464,Bullish Trend,11
1041,1042,LONG,30125.3,30978.741834065368,TP,2.753,Bullish Trend,1
1042,1044,LONG,31232.9,30432.63555312643,SL,-2.6422,Bullish Trend,2
1044,1066,LONG,30673.4,30487.4,REGIME_FLIP,-0.6864,Bullish Trend,22
1117,1118,LONG,30477.7,31028.4164102407,TP,1.7269,Bullish Trend,1
1118,1119,LONG,30792.3,30340.778949369098,SL,-1.5463,Bullish Trend,1
1119,1120,LONG,30833.0,30319.23045298559,SL,-1.7463,Bullish Trend,1
1120,1122,LONG,30390.3,29805.935420629477,SL,-2.0029,Bullish Trend,2
1122,1144,LONG,29874.4,30618.189339444692,TP,2.4097,Bullish Trend,22
1144,1145,LONG,30297.6,30763.32832889671,TP,1.4572,Bullish Trend,1
1145,1146,LONG,30824.5,30416.294031992216,SL,-1.4043,Bullish Trend,1
1146,1161,LONG,30396.9,31001.400982569106,TP,1.9087,Bullish Trend,15
1161,1162,LONG,30530.6,31067.556306021314,TP,1.6787,Bullish Trend,1
1162,1163,LONG,30915.4,31516.45378416265,TP,1.8642,Bullish Trend,1
1163,1168,LONG,31600.6,31034.432245231605,SL,-1.8716,Bullish Trend,5
1168,1169,SHORT,31236.5,30523.690308832,TP,2.202,Bearish Trend,1
1169,1219,SHORT,30099.9,29832.5,REGIME_FLIP,0.8084,Bearish Trend,50
1321,1323,SHORT,29710.0,30077.39153725614,SL,-1.3166,Bearish Trend,2
1323,1324,SHORT,29877.1,29432.24626559529,TP,1.4089,Bearish Trend,1
1324,1336,SHORT,29749.4,29270.61703233849,TP,1.5294,Bearish Trend,12
1336,1366,SHORT,29383.0,28994.920562980617,TP,1.2408,Bearish Trend,30
1366,1367,SHORT,29098.0,28804.25862957837,TP,0.9295,Bearish Trend,1
1367,1368,SHORT,29105.5,28793.644156037055,TP,0.9915,Bearish Trend,1
1368,1371,SHORT,28714.4,28367.13407346298,TP,1.1294,Bearish Trend,3
1371,1372,SHORT,28540.0,28170.700355830235,TP,1.214,Bearish Trend,1
1372,1373,SHORT,27920.9,27481.548401842363,TP,1.4936,Bearish Trend,1
1373,1374,SHORT,27889.4,27430.400658853625,TP,1.5658,Bearish Trend,1
1374,1378,SHORT,26609.7,25733.288326078364,TP,3.2136,Bearish Trend,4
1378,1408,SHORT,25993.1,26679.540334505873,SL,-2.7209,Bearish Trend,30
1408,1409,SHORT,26134.3,26550.353933450933,SL,-1.672,Bearish Trend,1
1492,1498,LONG,25576.3,25939.074612721142,TP,1.3384,Bullish Trend,6
1498,1499,LONG,25766.7,26144.30209370643,TP,1.3855,Bullish Trend,1
1499,1500,LONG,25867.1,26246.31001558454,TP,1.386,Bullish Trend,1
1500,1502,LONG,26240.7,25896.126122301645,SL,-1.3931,Bullish Trend,2
1502,1503,LONG,26244.1,25899.312064637637,SL,-1.3938,Bullish Trend,1
1503,1521,LONG,25828.9,25441.464774306383,SL,-1.58,Bullish Trend,18
1521,1522,LONG,25591.9,25305.39124277029,SL,-1.1995,Bullish Trend,1
1522,1524,LONG,25102.5,25550.399745958763,TP,1.7043,Bullish Trend,2
1524,1525,LONG,25150.4,25613.36412789302,TP,1.7608,Bullish Trend,1
1525,1526,LONG,25788.2,26330.496261614942,TP,2.0229,Bullish Trend,1
1526,1527,LONG,25810.2,26366.248814356735,TP,2.0744,Bullish Trend,1
1527,1539,LONG,26087.2,26686.002541902682,TP,2.2154,Bullish Trend,12
1539,1540,LONG,26431.5,26679.9,REGIME_FLIP,0.8598,Bullish Trend,1
1636,1643,LONG,26986.2,27424.757810598698,TP,1.5451,Bullish Trend,7
1643,1644,LONG,27091.1,27457.143472864365,TP,1.2712,Bullish Trend,1
1644,1647,LONG,27981.4,28503.574510516915,TP,1.7861,Bullish Trend,3
1647,1648,LONG,28183.2,27725.960021979947,SL,-1.7024,Bullish Trend,1
1648,1649,LONG,28015.0,27521.634306124233,SL,-1.8411,Bullish Trend,1
1649,1650,LONG,27955.3,27443.56042711536,SL,-1.9106,Bullish Trend,1
1650,1673,LONG,27477.6,28170.889300275026,TP,2.4431,Bullish Trend,23
1673,1684,LONG,27939.1,27883.5,REGIME_FLIP,-0.279,Bullish Trend,11
1732,1741,LONG,28054.0,28889.65669160603,TP,2.8987,Bullish Trend,9
1741,1752,LONG,28498.0,29240.26788420668,TP,2.5246,Bullish Trend,11
1752,1753,LONG,28696.9,29366.04379176063,TP,2.2518,Bullish Trend,1
1753,1754,LONG,29222.8,29957.547806634866,TP,2.4343,Bullish Trend,1
1754,1761,LONG,29228.5,29950.64482044666,TP,2.3907,Bullish Trend,7
1761,1770,LONG,29794.7,30510.314794585287,TP,2.3218,Bullish Trend,9
1770,1771,LONG,29981.5,30643.779918583627,TP,2.129,Bullish Trend,1
1771,1775,LONG,30724.0,31467.03521011337,TP,2.3384,Bullish Trend,4
1775,1776,LONG,31339.9,32224.56604795002,TP,2.7428,Bullish Trend,1
1776,1777,LONG,33074.0,34527.23511595359,TP,4.3139,Bullish Trend,1
1777,1830,LONG,34071.1,35753.51010767119,TP,4.8579,Bullish Trend,53
1830,1833,LONG,35437.4,34718.25140513291,SL,-2.1093,Bullish Trend,3
1833,1834,LONG,35377.5,34646.28182838083,SL,-2.1469,Bullish Trend,1
1834,1865,LONG,34645.2,35626.93676079442,TP,2.7537,Bullish Trend,31
1865,1872,LONG,35473.4,36287.37800527789,TP,2.2146,Bullish Trend,7
1920,1937,LONG,36176.0,37411.00859138797,TP,3.3339,Bullish Trend,17
1937,1947,LONG,36961.9,36304.88204928844,SL,-1.8576,Bullish Trend,10
1947,1949,LONG,37189.5,36510.11183049128,SL,-1.9068,Bullish Trend,2
1949,1950,LONG,36989.9,36201.52831302564,SL,-2.2113,Bullish Trend,1
1950,1954,LONG,35737.0,36857.84487376,TP,3.0564,Bullish Trend,4
1954,1955,LONG,36480.5,37530.97983757964,TP,2.7996,Bullish Trend,1
1955,1965,LONG,37297.0,38417.81356346681,TP,2.9251,Bullish Trend,10
1965,1982,LONG,37749.7,36992.149046237275,SL,-2.0868,Bullish Trend,17
1982,1984,LONG,37272.1,36723.15035979186,SL,-1.5528,Bullish Trend,2
1984,1989,LONG,36743.2,37468.14157339755,TP,1.893,Bullish Trend,5
1989,1990,LONG,37250.1,37959.8234872328,TP,1.8253,Bullish Trend,1
1990,1991,LONG,37502.2,38219.08995243046,TP,1.8316,Bullish Trend,1
1991,2001,LONG,38105.0,37481.011883129475,SL,-1.7175,Bullish Trend,10
2001,2006,LONG,37867.1,38662.01081283973,TP,2.0192,Bullish Trend,5
2006,2014,LONG,38234.9,38997.33724936169,TP,1.9141,Bullish Trend,8
2014,2015,LONG,38787.0,39456.61473208079,TP,1.6464,Bullish Trend,1
2015,2021,LONG,39416.4,40201.791608360734,TP,1.9126,Bullish Trend,6
2021,2022,LONG,39555.1,40282.016106336174,TP,1.7577,Bullish Trend,1
2022,2023,LONG,39979.7,40771.968027312156,TP,1.9017,Bullish Trend,1
2023,2024,LONG,40720.7,41583.93895393272,TP,2.0399,Bullish Trend,1
2024,2027,LONG,41471.9,42421.77652865181,TP,2.2104,Bullish Trend,3
2027,2032,LONG,42001.0,43081.99413864724,TP,2.4937,Bullish Trend,5
2032,2033,LONG,42266.7,43343.05907580686,TP,2.4666,Bullish Trend,1
2033,2042,LONG,43834.0,42819.30056771603,SL,-2.3949,Bullish Trend,9
2042,2043,LONG,43899.4,42993.03733197962,SL,-2.1446,Bullish Trend,1
2043,2051,LONG,43206.4,44414.871821583845,TP,2.717,Bullish Trend,8
2051,2064,LONG,43967.6,43078.021972769704,SL,-2.1033,Bullish Trend,13
2064,2065,LONG,43810.0,43127.88364049962,SL,-1.637,Bullish Trend,1
2127,2147,SHORT,43969.7,42769.998421489545,TP,2.6485,Bearish Trend,20
2147,2148,SHORT,43645.3,42810.39179951715,TP,1.8329,Bearish Trend,1
2148,2151,SHORT,43008.4,43741.78801622886,SL,-1.7852,Bearish Trend,3
2151,2156,SHORT,43200.3,42348.14633189321,TP,1.8926,Bearish Trend,5
2156,2158,SHORT,42798.7,41888.652863540156,TP,2.0463,Bearish Trend,2
2158,2162,SHORT,42423.1,43183.718509320184,SL,-1.8729,Bearish Trend,4
2162,2165,SHORT,42495.9,43266.93295878524,SL,-1.8944,Bearish Trend,3
2165,2172,SHORT,43183.9,42200.2918089765,TP,2.1977,Bearish Trend,7
2172,2177,SHORT,42600.1,41596.494205255585,TP,2.2759,Bearish Trend,5
2177,2189,SHORT,42152.8,42659.9,EOD,-1.283,Bearish Trend,12
0,4,SHORT,62766.0,63707.49,SL,-1.58,Bearish Trend,4
4,12,SHORT,63119.9,61794.3821,TP,2.02,Bearish Trend,8
12,13,SHORT,62123.6,60819.0044,TP,2.02,Bearish Trend,1
13,17,SHORT,60983.5,59303.755,TP,2.6744,Bearish Trend,4
17,18,SHORT,59661.2,57894.105513197625,TP,2.8819,Bearish Trend,1
18,19,SHORT,60208.0,58407.76654796922,TP,2.91,Bearish Trend,1
19,20,SHORT,59092.4,56987.40465168571,TP,3.4822,Bearish Trend,1
20,24,SHORT,58214.0,56102.56646227959,TP,3.547,Bearish Trend,4
24,25,SHORT,57045.9,54617.16493307912,TP,4.1775,Bearish Trend,1
33,42,LONG,56713.2,54950.03196873003,SL,-3.1889,Bullish Trend,9
42,44,LONG,55830.9,58031.67447683863,TP,3.8619,Bullish Trend,2
44,51,LONG,55828.4,58111.983349927184,TP,4.0104,Bullish Trend,7
51,79,LONG,57407.1,59891.04009666923,TP,4.2469,Bullish Trend,28
79,83,LONG,59435.0,61310.20421202707,TP,3.0751,Bullish Trend,4
83,84,LONG,59886.3,61610.327691579165,TP,2.7988,Bullish Trend,1
84,85,LONG,60766.0,62601.24285646637,TP,2.9402,Bullish Trend,1
85,89,LONG,62617.3,64644.61408100449,TP,3.1576,Bullish Trend,4
89,95,LONG,63309.9,65291.41584671931,TP,3.0499,Bullish Trend,6
95,105,LONG,65125.2,63408.283490527225,SL,-2.7163,Bullish Trend,10
105,106,LONG,64728.9,63211.75151017149,SL,-2.4239,Bullish Trend,1
106,111,LONG,63500.1,65733.36303677707,TP,3.4369,Bullish Trend,5
111,112,LONG,64095.2,66185.1323759521,TP,3.1807,Bullish Trend,1
112,125,LONG,65791.5,68011.13649195553,TP,3.2937,Bullish Trend,13
125,135,LONG,67391.4,66027.40024476548,SL,-2.104,Bullish Trend,10
135,143,LONG,66641.0,65222.531285147976,SL,-2.2085,Bullish Trend,8
143,144,LONG,65631.8,64245.447475241184,SL,-2.1923,Bullish Trend,1
144,145,LONG,65350.8,63954.272655581095,SL,-2.217,Bullish Trend,1
145,150,LONG,64074.0,66156.93554774458,TP,3.1708,Bullish Trend,5
150,153,LONG,65773.0,67924.46507967054,TP,3.191,Bullish Trend,3
153,159,SHORT,67293.9,68785.12536964707,SL,-2.296,Bearish Trend,6
159,168,SHORT,68184.7,69500.12735479196,SL,-2.0092,Bearish Trend,9
168,169,SHORT,68215.5,69626.8025824698,SL,-2.1489,Bearish Trend,1
169,172,SHORT,69323.1,67240.59164278928,TP,2.9241,Bearish Trend,3
172,174,SHORT,68067.2,65884.24524752478,TP,3.1271,Bearish Trend,2
174,186,SHORT,66750.0,64481.08518791679,TP,3.3191,Bearish Trend,12
186,190,SHORT,64601.8,62443.360537728666,TP,3.2611,Bearish Trend,4
190,191,SHORT,62892.6,64501.712392565816,SL,-2.6385,Bearish Trend,1
191,192,SHORT,63403.0,65026.690078811116,SL,-2.6409,Bearish Trend,1
192,195,SHORT,65328.9,62867.40289754555,TP,3.6879,Bearish Trend,3
195,197,SHORT,64640.0,62160.81161294008,TP,3.7554,Bearish Trend,2
197,203,SHORT,62619.7,59870.20496217792,TP,4.3108,Bearish Trend,6
203,208,SHORT,60216.7,57546.2044582568,TP,4.3548,Bearish Trend,5
208,210,SHORT,59070.0,56478.46260717176,TP,4.3072,Bearish Trend,2
210,211,SHORT,58144.5,55331.729390877685,TP,4.7576,Bearish Trend,1
211,213,SHORT,53864.1,50342.50657724356,TP,6.4579,Bearish Trend,2
213,214,SHORT,51316.8,54327.4608908376,SL,-5.9468,Bearish Trend,1
214,220,SHORT,54289.8,56370.0,REGIME_FLIP,-3.9117,Bearish Trend,6
220,233,LONG,56370.0,60873.534988473504,TP,7.9092,Bullish Trend,13
233,274,LONG,59389.1,56868.209093444515,SL,-4.3247,Bullish Trend,41
274,275,LONG,59643.7,57862.01171613463,SL,-3.0672,Bullish Trend,1
275,288,LONG,57002.4,59796.644769024984,TP,4.822,Bullish Trend,13
288,296,LONG,59468.5,57990.301604939435,SL,-2.5657,Bullish Trend,8
296,300,LONG,58475.5,60301.26104017104,TP,3.0423,Bullish Trend,4
300,301,LONG,59398.5,61219.1660562871,TP,2.9852,Bullish Trend,1
301,303,LONG,60588.6,59213.572513687126,SL,-2.3494,Bullish Trend,2
303,304,LONG,60494.9,59164.7002796588,SL,-2.2789,Bullish Trend,1
304,310,LONG,58783.7,60851.52463644356,TP,3.4377,Bullish Trend,6
310,311,LONG,59486.0,61506.65727329513,TP,3.3169,Bullish Trend,1
311,312,LONG,61538.1,59955.71456363078,SL,-2.6514,Bullish Trend,1
312,322,LONG,61120.0,63316.40606727998,TP,3.5136,Bullish Trend,10
322,323,LONG,61499.0,63517.681110565914,TP,3.2025,Bullish Trend,1
323,345,LONG,63577.2,61971.064569522605,SL,-2.6063,Bullish Trend,22
345,347,LONG,62392.5,61265.54361008174,SL,-1.8862,Bullish Trend,2
347,348,LONG,62071.8,60921.785816856194,SL,-1.9327,Bullish Trend,1
348,357,SHORT,59384.5,60896.67031291925,SL,-2.6264,Bearish Trend,9
357,364,SHORT,60040.0,57784.5331991452,TP,3.6766,Bearish Trend,7
364,384,SHORT,58073.1,59733.582908442935,SL,-2.9393,Bearish Trend,20
384,390,SHORT,59112.1,57308.40087560938,TP,2.9713,Bearish Trend,6
390,400,SHORT,57451.9,55947.0,REGIME_FLIP,2.5394,Bearish Trend,10
400,405,LONG,55947.0,54459.72602671906,SL,-2.7384,Bullish Trend,5
405,406,LONG,55972.1,54521.36042439274,SL,-2.6719,Bullish Trend,1
406,424,LONG,54022.1,56390.926448289436,TP,4.3049,Bullish Trend,18
424,425,LONG,55360.3,57112.86912012107,TP,3.0858,Bullish Trend,1
425,435,LONG,57060.1,55701.69599175643,SL,-2.4607,Bullish Trend,10
435,447,LONG,56768.9,58613.214688187945,TP,3.1688,Bullish Trend,12
447,448,LONG,57852.6,59553.11536893268,TP,2.8594,Bullish Trend,1
448,462,LONG,59623.5,58269.31072468751,SL,-2.3512,Bullish Trend,14
462,465,LONG,59100.5,58078.97522086713,SL,-1.8085,Bullish Trend,3
465,466,LONG,58630.0,57570.49413638669,SL,-1.8871,Bullish Trend,1
466,471,LONG,57860.7,59420.4576226973,TP,2.6157,Bullish Trend,5
471,472,LONG,59055.1,60623.06383265556,TP,2.5751,Bullish Trend,1
472,473,LONG,61103.0,59795.702559973346,SL,-2.2195,Bullish Trend,1
473,480,LONG,59946.0,61891.57667203465,TP,3.1655,Bullish Trend,7
480,487,LONG,61735.3,64002.59049374708,TP,3.5926,Bullish Trend,7
487,504,LONG,63723.3,63558.4,REGIME_FLIP,-0.3388,Bullish Trend,17
556,557,SHORT,62613.8,61045.357196874655,TP,2.4249,Bearish Trend,1
557,562,SHORT,61739.7,60034.28882566932,TP,2.6823,Bearish Trend,5
562,567,SHORT,61833.9,59904.34155171439,TP,3.0406,Bearish Trend,5
567,574,SHORT,60733.0,62206.74581268927,SL,-2.5066,Bearish Trend,7
574,588,SHORT,61843.1,63217.63462564968,SL,-2.3026,Bearish Trend,14
588,591,SHORT,62789.3,63704.66466812873,SL,-1.5378,Bearish Trend,3
591,603,SHORT,63114.1,61700.47457863326,TP,2.1598,Bearish Trend,12
603,605,SHORT,62177.8,60692.31636404816,TP,2.3091,Bearish Trend,2
605,608,SHORT,61013.7,60871.0,REGIME_FLIP,0.1539,Bearish Trend,3
608,610,LONG,60871.0,59769.03806546184,SL,-1.8903,Bullish Trend,2
610,611,LONG,60769.9,59656.03384215843,SL,-1.9129,Bullish Trend,1
611,615,LONG,59696.9,61462.92600519405,TP,2.8783,Bullish Trend,4
615,616,LONG,61140.0,62772.62779894698,TP,2.5903,Bullish Trend,1
616,630,LONG,62218.0,63935.13152759362,TP,2.6799,Bullish Trend,14
630,631,LONG,62839.8,64252.36291030727,TP,2.1679,Bullish Trend,1
631,633,LONG,64281.6,65886.90555957102,TP,2.4173,Bullish Trend,2
633,639,LONG,64899.4,66549.4575998342,TP,2.4625,Bullish Trend,6
639,640,LONG,65385.3,67080.75477451972,TP,2.513,Bullish Trend,1
640,644,LONG,65994.6,68046.25086205403,TP,3.0288,Bullish Trend,4
644,658,LONG,66948.8,68984.55216839664,TP,2.9608,Bullish Trend,14
658,660,LONG,68710.0,68407.8,REGIME_FLIP,-0.5198,Bullish Trend,2
712,717,LONG,67759.9,69178.15051452153,TP,2.0131,Bullish Trend,5
717,719,LONG,68731.1,70148.7485303524,TP,1.9826,Bullish Trend,2
719,720,LONG,69566.1,71133.00056953855,TP,2.1724,Bullish Trend,1
720,722,LONG,69940.0,71522.58410028579,TP,2.1828,Bullish Trend,2
722,724,LONG,71004.2,72710.93149463418,TP,2.3237,Bullish Trend,2
724,735,LONG,72374.9,71091.70166693449,SL,-1.853,Bullish Trend,11
735,736,LONG,72213.3,71004.19179079898,SL,-1.7544,Bullish Trend,1
736,738,LONG,70638.7,69321.28880574192,SL,-1.945,Bullish Trend,2
738,742,LONG,70321.9,68995.81330699175,SL,-1.9657,Bullish Trend,4
742,753,LONG,69381.0,67820.51176231235,SL,-2.3292,Bullish Trend,11
753,761,LONG,68345.4,67091.43655074714,SL,-1.9147,Bullish Trend,8
761,765,LONG,67845.7,69804.977138669,TP,2.8078,Bullish Trend,4
765,768,LONG,68788.4,70687.52052888185,TP,2.6808,Bullish Trend,3
768,769,LONG,69353.1,71514.26243146992,TP,3.0362,Bullish Trend,1
769,792,LONG,74367.1,77331.40368636492,TP,3.906,Bullish Trend,23
792,793,LONG,76675.1,78688.28283751094,TP,2.5456,Bullish Trend,1
793,794,LONG,77204.0,79229.68406340301,TP,2.5438,Bullish Trend,1
794,796,LONG,78858.2,81151.6173445885,TP,2.8283,Bullish Trend,2
796,800,LONG,79735.1,82046.43061854826,TP,2.8188,Bullish Trend,4
800,801,LONG,81147.9,83923.47162058404,TP,3.3404,Bullish Trend,1
801,802,LONG,82168.7,84952.98650482803,TP,3.3085,Bullish Trend,1
802,803,LONG,84114.2,87133.43889734033,TP,3.5095,Bullish Trend,1
803,804,LONG,86181.0,89445.64897610173,TP,3.7081,Bullish Trend,1
804,806,LONG,88728.9,86169.61802605497,SL,-2.9644,Bullish Trend,2
806,807,LONG,89095.4,86350.44156328209,SL,-3.1609,Bullish Trend,1
807,813,LONG,87229.5,91411.47596773328,TP,4.7142,Bullish Trend,6
813,814,LONG,87710.7,92007.6012265349,TP,4.8189,Bullish Trend,1
814,815,LONG,92608.1,89194.8644926044,SL,-3.7657,Bullish Trend,1
815,858,LONG,90218.8,95168.30115961428,TP,5.4061,Bullish Trend,43
858,859,LONG,94288.0,97511.76102780193,TP,3.3391,Bullish Trend,1
859,862,LONG,95790.2,99081.09738295893,TP,3.3555,Bullish Trend,3
862,887,LONG,96684.0,94154.30187672825,SL,-2.6965,Bullish Trend,25
887,890,LONG,94723.6,92533.7107188587,SL,-2.3919,Bullish Trend,3
890,893,LONG,93842.1,91458.24684742441,SL,-2.6203,Bullish Trend,3
893,897,LONG,91760.0,95447.71399296357,TP,3.9389,Bullish Trend,4
897,899,LONG,93423.8,96817.02969890235,TP,3.5521,Bullish Trend,2
899,933,LONG,96670.0,94126.0015338393,SL,-2.7116,Bullish Trend,34
933,941,LONG,95045.8,97714.78432127635,TP,2.7281,Bullish Trend,8
941,942,LONG,97283.4,100176.66520907235,TP,2.8941,Bullish Trend,1
942,943,LONG,98669.8,101642.99340842433,TP,2.9333,Bullish Trend,1
1035,1036,LONG,92715.1,97480.41522860155,TP,5.0597,Bullish Trend,1
1036,1053,LONG,96961.3,93234.6603075602,SL,-3.9234,Bullish Trend,17
1053,1054,LONG,95899.4,93102.45687267557,SL,-2.9965,Bullish Trend,1
1054,1059,LONG,93217.6,97351.16106552175,TP,4.3543,Bullish Trend,5
1059,1060,LONG,94369.0,98180.72832711216,TP,3.9592,Bullish Trend,1
1060,1069,LONG,98243.5,98957.7,REGIME_FLIP,0.647,Bullish Trend,9
1069,1070,SHORT,98957.7,95418.43123396796,TP,3.4965,Bearish Trend,1
1070,1077,SHORT,97669.6,94186.56114582739,TP,3.4861,Bearish Trend,7
1077,1078,SHORT,96900.3,93460.73755701537,TP,3.4696,Bearish Trend,1
1078,1103,SHORT,94539.9,94155.8,EOD,0.3263,Bearish Trend,25
0,6,LONG,93548.9,95513.42689999999,TP,2.02,Bullish Trend,6
6,8,LONG,94580.9,96567.0989,TP,2.02,Bullish Trend,2
8,16,LONG,95815.3,97827.4213,TP,2.02,Bullish Trend,8
16,20,LONG,97479.5,98244.2,REGIME_FLIP,0.7045,Bullish Trend,4
25,33,LONG,98160.1,99980.91282206381,TP,1.7749,Bullish Trend,8
33,34,LONG,99219.3,101062.8537586263,TP,1.7781,Bullish Trend,1
34,38,LONG,102104.5,100477.38832336011,SL,-1.6736,Bullish Trend,4
38,39,LONG,101649.3,100087.18679986172,SL,-1.6168,Bullish Trend,1
39,40,LONG,100787.0,99171.71274272875,SL,-1.6827,Bullish Trend,1
40,43,SHORT,97915.3,95243.29656554737,TP,2.6489,Bearish Trend,3
43,45,SHORT,96504.1,95093.9,REGIME_FLIP,1.3813,Bearish Trend,2
79,87,LONG,94821.2,98115.82209515666,TP,3.3946,Bullish Trend,8
87,88,LONG,96725.4,99731.14916924841,TP,3.0275,Bullish Trend,1
88,98,LONG,98943.4,102221.44280001638,TP,3.233,Bullish Trend,10
98,100,LONG,101406.9,104556.14544438977,TP,3.0256,Bullish Trend,2
100,113,LONG,103946.2,101669.42288592612,SL,-2.2703,Bullish Trend,13
113,114,LONG,106247.9,103908.91992216592,SL,-2.2814,Bullish Trend,1
114,115,SHORT,101311.5,104217.33864370307,SL,-2.9482,Bearish Trend,1
115,116,SHORT,101874.5,104872.67159772429,SL,-3.023,Bearish Trend,1
116,118,SHORT,107178.8,102009.10192295843,TP,4.7434,Bearish Trend,2
118,124,SHORT,105008.7,103929.1,REGIME_FLIP,0.9481,Bearish Trend,6
124,126,LONG,103929.1,106114.5,REGIME_FLIP,2.0228,Bullish Trend,2
126,134,SHORT,106114.5,102668.4,REGIME_FLIP,3.1675,Bearish Trend,8
187,193,SHORT,102203.9,99102.04774503996,TP,2.955,Bearish Trend,6
193,197,SHORT,99160.8,96294.12273087859,TP,2.8109,Bearish Trend,4
197,198,SHORT,98232.0,95161.8757519425,TP,3.0454,Bearish Trend,1
198,199,SHORT,97664.5,94428.87534108947,TP,3.233,Bearish Trend,1
199,201,SHORT,94001.6,96856.71686560393,SL,-3.1173,Bearish Trend,2
201,202,SHORT,95070.8,97934.86862391359,SL,-3.0926,Bearish Trend,1
202,203,SHORT,98802.7,102039.73515077689,SL,-3.3563,Bearish Trend,1
203,209,SHORT,101831.9,97047.94930399003,TP,4.6179,Bearish Trend,6
209,240,SHORT,98811.8,96423.6,REGIME_FLIP,2.3369,Bearish Trend,31
293,294,SHORT,94062.1,95582.13759604737,SL,-1.696,Bearish Trend,1
294,300,SHORT,95622.0,97242.27419632969,SL,-1.7745,Bearish Trend,6
300,304,SHORT,96598.0,98152.728260747,SL,-1.6895,Bearish Trend,4
304,305,SHORT,96870.5,98354.52200008316,SL,-1.612,Bearish Trend,1
305,310,SHORT,98370.0,96194.48639989189,TP,2.1316,Bearish Trend,5
310,311,SHORT,98057.6,95904.83301646089,TP,2.1154,Bearish Trend,1
311,329,SHORT,95247.5,92720.68208671367,TP,2.5729,Bearish Trend,18
329,330,SHORT,93916.1,91838.69354771914,TP,2.132,Bearish Trend,1
330,331,SHORT,91514.5,89097.81472288205,TP,2.5608,Bearish Trend,1
331,332,SHORT,92125.3,89633.73509981905,TP,2.6245,Bearish Trend,1
332,333,SHORT,89262.9,86325.99402126054,TP,3.2102,Bearish Trend,1
333,339,SHORT,89186.8,85986.87301974194,TP,3.5079,Bearish Trend,6
339,340,SHORT,88570.0,85259.06402472046,TP,3.6582,Bearish Trend,1
340,341,SHORT,87536.4,83972.38945152613,TP,3.9915,Bearish Trend,1
341,343,SHORT,83832.0,86680.08454745715,SL,-3.4774,Bearish Trend,2
343,348,SHORT,85174.0,81086.2472248553,TP,4.7193,Bearish Trend,5
348,349,SHORT,84668.1,80565.0701481864,TP,4.766,Bearish Trend,1
349,352,LONG,80429.2,85042.94629096979,TP,5.6564,Bullish Trend,3
352,364,LONG,83948.1,88935.32259885591,TP,5.8608,Bullish Trend,12
364,365,LONG,87390.1,91182.43097120631,TP,4.2595,Bullish Trend,1
365,370,SHORT,93467.3,88785.59981245128,TP,4.9289,Bearish Trend,5
370,371,SHORT,90009.5,85174.27090061893,TP,5.2919,Bearish Trend,1
371,377,SHORT,85552.0,88165.3,REGIME_FLIP,-3.1346,Bearish Trend,6
377,379,LONG,88165.3,86813.6,REGIME_FLIP,-1.6131,Bullish Trend,2
379,381,SHORT,86813.6,90879.7949119723,SL,-4.7638,Bearish Trend,2
381,405,SHORT,89777.6,84269.27185626203,TP,6.0555,Bearish Trend,24
405,407,SHORT,84990.1,81234.06269608879,TP,4.3394,Bearish Trend,2
407,412,SHORT,82604.9,78798.12956958674,TP,4.5284,Bearish Trend,5
412,418,SHORT,80009.7,83260.36428260576,SL,-4.1428,Bearish Trend,6
418,435,SHORT,81190.7,84514.61701166048,SL,-4.174,Bearish Trend,17
435,436,SHORT,83202.8,84692.2,REGIME_FLIP,-1.8701,Bearish Trend,1
436,449,LONG,84692.2,82050.40502428175,SL,-3.1993,Bullish Trend,13
449,459,LONG,83064.3,81117.63346232039,SL,-2.4236,Bullish Trend,10
459,466,LONG,82550.0,85100.85675912684,TP,3.0101,Bullish Trend,7
466,468,LONG,84693.3,87108.57358227951,TP,2.7718,Bullish Trend,2
468,470,LONG,86809.8,84887.03405464564,SL,-2.2949,Bullish Trend,2
470,472,LONG,85764.7,83852.70487364853,SL,-2.3093,Bullish Trend,2
472,493,LONG,84642.1,86502.6,REGIME_FLIP,2.1181,Bullish Trend,21
552,574,SHORT,82485.1,79228.61239864214,TP,3.868,Bearish Trend,22
574,575,SHORT,82497.4,80187.12721485607,TP,2.7204,Bearish Trend,1
575,577,SHORT,79572.6,76843.86169950922,TP,3.3492,Bearish Trend,2
577,579,SHORT,77669.6,79837.90788186205,SL,-2.8717,Bearish Trend,2
579,580,SHORT,76655.9,79140.76955119736,SL,-3.3216,Bearish Trend,1
580,592,SHORT,78444.6,81334.67529754042,SL,-3.7642,Bearish Trend,12
592,593,SHORT,77237.6,80221.09313781606,SL,-3.9427,Bearish Trend,1
593,597,LONG,82291.4,78892.79208631367,SL,-4.21,Bullish Trend,4
597,598,LONG,81839.2,78868.15474742827,SL,-3.7103,Bullish Trend,1
598,603,LONG,78731.7,83183.40882834324,TP,5.5743,Bullish Trend,5
603,627,LONG,82096.6,86143.15045078324,TP,4.849,Bullish Trend,24
627,629,LONG,85549.3,83619.29281435655,SL,-2.336,Bullish Trend,2
629,660,LONG,83954.6,86729.75938838389,TP,3.2255,Bullish Trend,31
660,661,LONG,85138.8,86539.15237901855,TP,1.5648,Bullish Trend,1
661,666,LONG,87166.6,88845.19720908866,TP,1.8457,Bullish Trend,5
666,669,LONG,87466.0,89433.61562259057,TP,2.1696,Bullish Trend,3
669,670,LONG,88572.7,90528.86241721263,TP,2.1285,Bullish Trend,1
670,671,LONG,90881.2,93138.65153026888,TP,2.404,Bullish Trend,1
671,672,LONG,91356.4,93621.33999239253,TP,2.3992,Bullish Trend,1
672,693,LONG,93404.9,94095.6,REGIME_FLIP,0.6595,Bullish Trend,21
743,744,LONG,95533.9,94400.57627734604,SL,-1.2663,Bullish Trend,1
744,755,LONG,94230.2,95941.06083945013,TP,1.7356,Bullish Trend,11
755,756,LONG,94910.8,96803.31825652058,TP,1.914,Bullish Trend,1
756,762,LONG,96798.9,98928.16338105481,TP,2.1197,Bullish Trend,6
762,763,LONG,96988.4,99097.98154843085,TP,2.0951,Bullish Trend,1
763,765,LONG,99097.9,101412.05715211436,TP,2.2552,Bullish Trend,2
765,766,LONG,99369.8,101566.57734034352,TP,2.1307,Bullish Trend,1
766,767,LONG,100730.8,103137.12967317611,TP,2.3089,Bullish Trend,1
767,769,LONG,101254.2,103659.15398223496,TP,2.2952,Bullish Trend,2
769,786,LONG,102419.5,105056.2978724373,TP,2.4945,Bullish Trend,17
786,790,LONG,104072.7,102302.04637173374,SL,-1.7814,Bullish Trend,4
790,825,LONG,102481.7,105287.37368356095,TP,2.6577,Bullish Trend,35
825,826,LONG,103769.0,105551.89018056799,TP,1.6381,Bullish Trend,1
826,827,LONG,105484.2,104086.89222717429,SL,-1.4047,Bullish Trend,1
827,828,LONG,103834.0,105980.45510467343,TP,1.9872,Bullish Trend,1
828,829,LONG,106407.6,104618.29508363498,SL,-1.7616,Bullish Trend,1
829,834,LONG,103569.4,106437.28139127453,TP,2.689,Bullish Trend,5
834,843,LONG,105531.6,108417.27454079867,TP,2.6544,Bullish Trend,9
893,934,SHORT,105699.2,102921.20846021375,TP,2.5482,Bearish Trend,41
934,935,SHORT,104490.5,102409.41011536322,TP,1.9117,Bearish Trend,1
935,938,SHORT,101872.9,103579.77543368765,SL,-1.7555,Bearish Trend,3
938,939,SHORT,103096.8,104898.74811509176,SL,-1.8278,Bearish Trend,1
939,943,SHORT,103866.0,104822.4,REGIME_FLIP,-1.0008,Bearish Trend,4
993,997,SHORT,104924.5,106420.42211368185,SL,-1.5057,Bearish Trend,4
997,999,SHORT,105865.6,107349.07068119709,SL,-1.4813,Bearish Trend,2
999,1000,SHORT,106842.5,108334.85762817504,SL,-1.4768,Bearish Trend,1
1000,1005,SHORT,107374.9,105237.85508337244,TP,1.9103,Bearish Trend,5
1005,1024,SHORT,105592.9,103078.83555971955,TP,2.3009,Bearish Trend,19
1024,1031,SHORT,104168.5,101789.88209358335,TP,2.2034,Bearish Trend,7
1031,1035,SHORT,102207.5,100027.71809020427,TP,2.0527,Bearish Trend,4
1035,1036,SHORT,102693.7,100413.0372632321,TP,2.1408,Bearish Trend,1
1036,1037,SHORT,98849.9,100791.45589683585,SL,-2.0441,Bearish Trend,1
1037,1038,SHORT,98829.7,100818.98047563329,SL,-2.0928,Bearish Trend,1
1038,1042,SHORT,100904.7,103060.25687023092,SL,-2.2162,Bearish Trend,4
1042,1043,SHORT,101369.7,103480.53208222265,SL,-2.1623,Bearish Trend,1
1043,1050,LONG,103114.2,106417.19670688943,TP,3.1232,Bullish Trend,7
1050,1096,LONG,106034.9,109012.71229495658,TP,2.7283,Bullish Trend,46
1096,1108,LONG,108695.3,107302.92371160148,SL,-1.361,Bullish Trend,12
1108,1121,LONG,107534.7,109485.39415231782,TP,1.734,Bullish Trend,13
1121,1126,LONG,108493.8,107503.11192153713,SL,-0.9931,Bullish Trend,5
1126,1138,LONG,108249.0,109748.1057075612,TP,1.3049,Bullish Trend,12
1138,1139,LONG,109020.0,110660.61453631695,TP,1.4249,Bullish Trend,1
1139,1144,LONG,111718.8,113701.36278372289,TP,1.6946,Bullish Trend,5
1144,1145,LONG,111350.0,113247.65730035628,TP,1.6242,Bullish Trend,1
1145,1146,LONG,113246.1,115382.05535033085,TP,1.8061,Bullish Trend,1
1146,1148,LONG,115979.2,118606.32711102148,TP,2.1852,Bullish Trend,2
1148,1164,LONG,117522.7,120327.94944776854,TP,2.307,Bullish Trend,16
1164,1165,LONG,119038.3,121223.15395598343,TP,1.7554,Bullish Trend,1
1165,1170,LONG,120733.2,118969.34074348037,SL,-1.541,Bullish Trend,5
1170,1171,LONG,119816.5,117792.96928887343,SL,-1.7689,Bullish Trend,1
1171,1187,LONG,117209.2,120297.19992446454,TP,2.5546,Bullish Trend,16
1187,1193,LONG,118948.8,117361.6,REGIME_FLIP,-1.4144,Bullish Trend,6
1243,1248,SHORT,118162.0,119766.70634426743,SL,-1.4381,Bearish Trend,5
1248,1257,SHORT,119423.4,117386.31107967491,TP,1.6258,Bearish Trend,9
1257,1264,SHORT,118560.0,116528.20834190158,TP,1.6337,Bearish Trend,7
1264,1271,SHORT,117950.0,115767.71383123934,TP,1.7702,Bearish Trend,7
1271,1272,SHORT,116718.9,114401.8550785751,TP,1.9051,Bearish Trend,1
1272,1276,SHORT,115697.3,113312.67328724831,TP,1.9811,Bearish Trend,4
1276,1277,SHORT,115305.3,112668.74590944136,TP,2.2066,Bearish Trend,1
1277,1293,SHORT,113278.5,115293.2812845542,SL,-1.8586,Bearish Trend,16
1293,1299,LONG,114450.0,112973.41703728883,SL,-1.3702,Bullish Trend,6
1299,1300,LONG,114782.0,113304.98366797624,SL,-1.3668,Bullish Trend,1
1300,1305,LONG,112871.8,115133.5762316309,TP,1.9238,Bullish Trend,5
1305,1310,LONG,114188.0,116323.8404696907,TP,1.7905,Bullish Trend,5
1310,1312,LONG,114751.1,116812.45612548506,TP,1.7164,Bullish Trend,2
1312,1329,LONG,116634.6,118814.73094493354,TP,1.7892,Bullish Trend,17
1329,1332,LONG,118295.9,120365.05989736668,TP,1.6691,Bullish Trend,3
1332,1333,LONG,119255.3,121293.50579975023,TP,1.6291,Bullish Trend,1
1333,1335,LONG,121700.1,120003.72166343099,SL,-1.4739,Bullish Trend,2
1335,1336,LONG,120545.0,118814.61995469304,SL,-1.5155,Bullish Trend,1
1336,1337,LONG,120271.2,118524.06138650067,SL,-1.5327,Bullish Trend,1
1337,1343,LONG,119035.3,119600.3,REGIME_FLIP,0.3946,Bullish Trend,6
1343,1347,SHORT,119600.3,121357.67532192763,SL,-1.5494,Bearish Trend,4
1347,1348,SHORT,120538.5,122256.37080303974,SL,-1.5052,Bearish Trend,1
1348,1349,SHORT,120897.2,122722.95860282262,SL,-1.5902,Bearish Trend,1
1349,1353,SHORT,122719.9,120056.32881633058,TP,2.0904,Bearish Trend,4
1353,1354,SHORT,120947.9,118123.89613346569,TP,2.2549,Bearish Trend,1
1354,1374,SHORT,118185.9,115001.905695361,TP,2.6141,Bearish Trend,20
1374,1375,SHORT,117353.8,115437.53943287852,TP,1.5529,Bearish Trend,1
1375,1379,SHORT,115264.9,116809.00700880506,SL,-1.4196,Bearish Trend,4
1379,1383,SHORT,116273.4,114127.64313671715,TP,1.7654,Bearish Trend,4
1383,1384,SHORT,115461.0,113206.32661827828,TP,1.8728,Bearish Trend,1
1384,1401,SHORT,113730.0,115476.31091644807,SL,-1.6155,Bearish Trend,17
1401,1402,SHORT,112272.8,113840.59915091384,SL,-1.4764,Bearish Trend,1
1402,1414,SHORT,116319.3,113435.01110381202,TP,2.3996,Bearish Trend,12
1414,1415,SHORT,114372.6,112350.13745446836,TP,1.6883,Bearish Trend,1
1415,1421,SHORT,112556.4,110013.77906486347,TP,2.179,Bearish Trend,6
1421,1435,SHORT,110650.4,112771.07867124835,SL,-1.9966,Bearish Trend,14
1435,1443,SHORT,111954.1,109163.83360296347,TP,2.4123,Bearish Trend,8
1443,1446,SHORT,110047.8,107408.30548512925,TP,2.3185,Bearish Trend,3
1446,1451,SHORT,108332.4,108769.4,REGIME_FLIP,-0.4834,Bearish Trend,5
1451,1467,LONG,108769.4,111120.19640927495,TP,2.0813,Bullish Trend,16
1467,1473,LONG,109698.6,112143.5370977334,TP,2.1488,Bullish Trend,6
1473,1479,LONG,111391.6,109638.18807706996,SL,-1.6541,Bullish Trend,6
1479,1485,LONG,110763.9,113068.17398369282,TP,2.0003,Bullish Trend,6
1485,1486,LONG,112299.6,110493.543638955,SL,-1.6882,Bullish Trend,1
1486,1515,LONG,110674.1,113487.61826935851,TP,2.4622,Bullish Trend,29
1515,1518,LONG,112266.4,114222.5763893225,TP,1.6624,Bullish Trend,3
1518,1524,LONG,113896.8,115935.31209815653,TP,1.7098,Bullish Trend,6
1524,1549,LONG,115427.0,115250.9,REGIME_FLIP,-0.2326,Bullish Trend,25
1549,1552,SHORT,115250.9,116393.20049771118,SL,-1.0711,Bearish Trend,3
1552,1555,SHORT,115877.9,117110.14872211059,SL,-1.1434,Bearish Trend,3
1555,1560,SHORT,116320.1,117543.44354682107,SL,-1.1317,Bearish Trend,5
1560,1584,SHORT,116402.5,114338.28142771285,TP,1.6933,Bearish Trend,24
1584,1585,SHORT,115183.9,113942.14457453122,TP,0.9981,Bearish Trend,1
1585,1586,SHORT,114602.9,113255.65139063614,TP,1.0956,Bearish Trend,1
1586,1598,SHORT,112454.4,112544.7,REGIME_FLIP,-0.1603,Bearish Trend,12
1598,1605,LONG,112544.7,111070.45541517081,SL,-1.3899,Bullish Trend,7
1605,1606,LONG,111316.1,109859.98018154665,SL,-1.3881,Bullish Trend,1
1606,1607,LONG,111538.4,110065.4744542933,SL,-1.4006,Bullish Trend,1
1607,1625,LONG,109320.5,111694.6782094187,TP,2.0918,Bullish Trend,18
1625,1626,LONG,110281.6,111764.14366384166,TP,1.2643,Bullish Trend,1
1626,1629,LONG,112119.6,113805.75768785297,TP,1.4239,Bullish Trend,3
1629,1630,LONG,112052.0,113634.28702631668,TP,1.3321,Bullish Trend,1
1630,1640,LONG,113752.0,115572.82152443692,TP,1.5207,Bullish Trend,10
1640,1641,LONG,114480.8,116327.8579859094,TP,1.5334,Bullish Trend,1
1641,1644,LONG,116736.8,118800.58527263015,TP,1.6879,Bullish Trend,3
1644,1647,LONG,118552.4,118716.0,REGIME_FLIP,0.058,Bullish Trend,3
1698,1735,SHORT,112714.9,107035.44814882167,TP,4.9588,Bearish Trend,37
1735,1736,SHORT,109121.8,105334.00872126005,TP,3.3912,Bearish Trend,1
1736,1749,SHORT,105578.3,108489.77125630711,SL,-2.8376,Bearish Trend,13
1749,1752,SHORT,107730.6,109901.19645938875,SL,-2.0948,Bearish Trend,3
1752,1753,SHORT,108586.2,110667.01283574237,SL,-1.9963,Bearish Trend,1
1753,1761,SHORT,110100.4,112356.9154903322,SL,-2.1295,Bearish Trend,8
1761,1762,SHORT,108519.4,110649.20115297775,SL,-2.0426,Bearish Trend,1
1762,1763,LONG,113355.2,110755.77750080636,SL,-2.3732,Bullish Trend,1
1763,1764,LONG,111720.7,109019.36839360591,SL,-2.4979,Bullish Trend,1
1764,1790,LONG,108253.7,112327.58608831231,TP,3.6833,Bullish Trend,26
1790,1791,LONG,111672.8,113903.22699921814,TP,1.9173,Bullish Trend,1
1791,1795,LONG,113235.2,115575.14078498827,TP,1.9864,Bullish Trend,4
1795,1805,LONG,114927.7,113178.64199161714,SL,-1.6019,Bullish Trend,10
1805,1809,LONG,113629.0,111826.26681163628,SL,-1.6665,Bullish Trend,4
1809,1810,LONG,113084.5,111325.26196395105,SL,-1.6357,Bullish Trend,1
1810,1813,SHORT,111460.6,108833.61555313638,TP,2.2769,Bearish Trend,3
1813,1815,SHORT,110694.5,107731.6896611664,TP,2.5966,Bearish Trend,2
1815,1816,SHORT,109666.0,106325.10690172,TP,2.9664,Bearish Trend,1
1816,1819,SHORT,107670.6,110152.44848355306,SL,-2.385,Bearish Trend,3
1819,1839,SHORT,109186.2,105594.91565389486,TP,3.2091,Bearish Trend,20
1839,1843,SHORT,107737.4,105125.36737878682,TP,2.3444,Bearish Trend,4
1843,1844,SHORT,107097.2,104089.79612936096,TP,2.7281,Bearish Trend,1
1844,1846,SHORT,104442.9,101181.93569154946,TP,3.0422,Bearish Trend,2
1846,1847,SHORT,103157.7,99902.40016261152,TP,3.0757,Bearish Trend,1
1847,1851,SHORT,100507.0,103040.49530030868,SL,-2.6007,Bearish Trend,4
1851,1876,SHORT,102019.4,104664.5107460984,SL,-2.6728,Bearish Trend,25
1876,1878,SHORT,103715.8,105693.2806516043,SL,-1.9866,Bearish Trend,2
1878,1884,SHORT,104670.6,106678.17209245474,SL,-1.998,Bearish Trend,6
1884,1887,SHORT,105966.3,103140.21247442298,TP,2.587,Bearish Trend,3
1887,1893,SHORT,105256.2,102361.0305963219,TP,2.6706,Bearish Trend,6
1893,1894,SHORT,104979.9,102180.37989321278,TP,2.5867,Bearish Trend,1
1894,1900,SHORT,102124.9,99015.79561512616,TP,2.9644,Bearish Trend,6
1900,1901,SHORT,101338.0,98043.43766659613,TP,3.1711,Bearish Trend,1
1901,1905,SHORT,98643.1,95074.50854755355,TP,3.5377,Bearish Trend,4
1905,1924,SHORT,96134.6,92272.54985335997,TP,3.9373,Bearish Trend,19
1924,1926,SHORT,93915.7,90705.33778047915,TP,3.3383,Bearish Trend,2
1926,1936,SHORT,92169.7,88838.18155561724,TP,3.5345,Bearish Trend,10
1936,1938,SHORT,89901.0,92337.64242393231,SL,-2.7904,Bearish Trend,2
1938,1942,SHORT,91508.9,87895.74414539599,TP,3.8684,Bearish Trend,4
1942,1944,SHORT,89835.4,86219.40967348643,TP,3.9451,Bearish Trend,2
1944,1945,SHORT,86601.3,82663.12471846535,TP,4.4675,Bearish Trend,1
1945,1946,SHORT,85782.5,81799.01295286068,TP,4.5637,Bearish Trend,1
1946,1954,SHORT,84006.7,84239.9,REGIME_FLIP,-0.3576,Bearish Trend,8
1954,1966,LONG,84239.9,88628.60026471529,TP,5.1298,Bullish Trend,12
1966,1978,LONG,86571.0,90034.15328272221,TP,3.9204,Bullish Trend,12
1978,1979,LONG,86926.2,90004.25848676276,TP,3.461,Bullish Trend,1
1979,2004,LONG,89923.3,87512.25916694307,SL,-2.7612,Bullish Trend,25
2004,2005,LONG,90320.6,88857.10983110518,SL,-1.7003,Bullish Trend,1
2005,2007,LONG,86319.2,84502.64841459766,SL,-2.1845,Bullish Trend,2
2007,2008,LONG,86100.1,84352.9022044235,SL,-2.1093,Bullish Trend,1
2008,2010,LONG,84650.0,87347.20713424946,TP,3.1063,Bullish Trend,2
2010,2013,LONG,86241.6,89056.17701881714,TP,3.1836,Bullish Trend,3
2013,2014,LONG,87326.9,90005.14737621765,TP,2.9869,Bullish Trend,1
2014,2017,LONG,90809.2,93927.0889922021,TP,3.3535,Bullish Trend,3
2017,2031,LONG,92589.2,90252.00737821011,SL,-2.6043,Bullish Trend,14
2031,2032,LONG,91307.9,89270.40984950656,SL,-2.3115,Bullish Trend,1
2032,2043,LONG,90414.0,88352.52343168468,SL,-2.36,Bullish Trend,11
2043,2044,LONG,89109.4,91254.4046127461,TP,2.3272,Bullish Trend,1
2044,2047,LONG,89505.0,91798.58999754996,TP,2.4825,Bullish Trend,3
2047,2056,LONG,91039.4,93855.7412334611,TP,3.0135,Bullish Trend,9
2056,2058,LONG,92676.9,92638.4,REGIME_FLIP,-0.1215,Bullish Trend,2
2058,2064,SHORT,92638.4,89653.84618669146,TP,3.1417,Bearish Trend,6
2064,2084,SHORT,91977.5,89037.74000662964,TP,3.1162,Bearish Trend,20
2084,2087,SHORT,90205.1,88216.36918676783,TP,2.1247,Bearish Trend,3
2087,2092,SHORT,88598.7,86516.37012511985,TP,2.2703,Bearish Trend,5
2092,2103,SHORT,86996.6,88744.96911747799,SL,-2.0897,Bearish Trend,11
2103,2109,SHORT,86939.3,88702.05818523139,SL,-2.1076,Bearish Trend,6
2109,2110,SHORT,87268.1,84620.24794451373,TP,2.9542,Bearish Trend,1
2110,2111,SHORT,88480.8,85665.09523419132,TP,3.1023,Bearish Trend,1
2163,2172,LONG,87433.6,89316.88256260248,TP,2.074,Bullish Trend,9
2172,2173,LONG,87920.5,89258.44674509755,TP,1.4418,Bullish Trend,1
2173,2174,LONG,90091.6,88949.40062825163,SL,-1.3478,Bullish Trend,1
2174,2175,LONG,89583.0,88423.24701194794,SL,-1.3746,Bullish Trend,1
2175,2198,LONG,87529.0,89377.38888446768,TP,2.0317,Bullish Trend,23
2198,2200,LONG,88829.3,90300.28044570313,TP,1.576,Bullish Trend,2
2200,2208,LONG,89373.1,91056.24038430526,TP,1.8033,Bullish Trend,8
2208,2214,LONG,90595.8,92241.14696650568,TP,1.7361,Bullish Trend,6
2214,2216,LONG,91497.1,92997.36062917586,TP,1.5597,Bullish Trend,2
2216,2218,LONG,92492.1,94173.8706445445,TP,1.7383,Bullish Trend,2
2218,2224,LONG,93899.9,92606.13549953346,SL,-1.4578,Bullish Trend,6
2224,2225,LONG,93608.2,92273.60282947283,SL,-1.5057,Bullish Trend,1
2225,2233,LONG,92062.2,90552.94191308192,SL,-1.7194,Bullish Trend,8
2233,2265,LONG,90780.1,93011.97046557562,TP,2.3785,Bullish Trend,32
2265,2266,LONG,91962.1,93844.45024687781,TP,1.9669,Bullish Trend,1
2266,2267,LONG,93407.9,95411.9066578151,TP,2.0654,Bullish Trend,1
2267,2268,SHORT,94179.5,95635.03094651001,SL,-1.6255,Bearish Trend,1
2268,2271,SHORT,95375.2,97032.33587890216,SL,-1.8175,Bearish Trend,3
2271,2272,SHORT,94763.6,96341.19268438341,SL,-1.7448,Bearish Trend,1
2272,2283,SHORT,96691.9,94272.47951030158,TP,2.4222,Bearish Trend,11
2283,2298,SHORT,95382.6,93100.10419897299,TP,2.313,Bearish Trend,15
2298,2305,SHORT,93614.0,91982.18026000739,TP,1.6631,Bearish Trend,7
2305,2306,SHORT,92397.0,90737.14386586323,TP,1.7164,Bearish Trend,1
2306,2308,SHORT,91136.1,89337.28501830157,TP,1.8938,Bearish Trend,2
2308,2309,SHORT,90644.2,88753.87131680083,TP,2.0054,Bearish Trend,1
2309,2314,SHORT,89694.1,87684.6497941722,TP,2.1603,Bearish Trend,5
2314,2338,SHORT,90237.1,87835.88234468448,TP,2.581,Bearish Trend,24
2338,2339,SHORT,88406.0,86804.20331910755,TP,1.7319,Bearish Trend,1
2339,2340,SHORT,86459.4,87769.31616589805,SL,-1.5951,Bearish Trend,1
2340,2341,SHORT,86628.9,87946.46858261962,SL,-1.6009,Bearish Trend,1
2341,2343,SHORT,87233.1,88612.85654100394,SL,-1.6617,Bearish Trend,2
2343,2351,SHORT,87810.0,89173.22349709013,SL,-1.6325,Bearish Trend,8
2351,2354,SHORT,88378.1,89858.9293405372,SL,-1.7556,Bearish Trend,3
2354,2356,SHORT,89106.8,90513.99021908171,SL,-1.6592,Bearish Trend,2
2356,2361,SHORT,89444.4,87327.19787839422,TP,2.2871,Bearish Trend,5
2361,2362,SHORT,87795.2,85624.72824413308,TP,2.3922,Bearish Trend,1
2362,2364,SHORT,84898.0,82312.89194098071,TP,2.965,Bearish Trend,2
2364,2368,SHORT,84604.7,81924.07947972316,TP,3.0884,Bearish Trend,4
2368,2374,SHORT,82850.2,79866.9518206053,TP,3.5208,Bearish Trend,6
2374,2375,SHORT,81268.6,78305.04469886911,TP,3.5666,Bearish Trend,1
2375,2392,SHORT,77707.9,73951.02722037844,TP,4.7546,Bearish Trend,17
2392,2393,SHORT,78094.1,74705.17122954263,TP,4.2595,Bearish Trend,1
2393,2401,SHORT,74893.8,70965.09257028958,TP,5.1657,Bearish Trend,8
2401,2403,SHORT,71198.9,67262.94479722597,TP,5.4481,Bearish Trend,2
2403,2404,SHORT,70279.0,66361.90663638362,TP,5.4936,Bearish Trend,1
2404,2405,SHORT,67451.9,63187.20901949907,TP,6.2426,Bearish Trend,1
2405,2406,LONG,65237.4,62032.98557415755,SL,-4.9919,Bullish Trend,1
2406,2409,LONG,62868.1,67550.55875359519,TP,7.3681,Bullish Trend,3
2409,2423,LONG,66586.1,71881.37692844338,TP,7.8725,Bullish Trend,14
2423,2426,LONG,71381.0,68488.85638385313,SL,-4.1317,Bullish Trend,3
2426,2437,LONG,70393.5,67601.43681680952,SL,-4.0464,Bullish Trend,11
2437,2439,LONG,68143.6,65752.56829472583,SL,-3.5888,Bullish Trend,2
2439,2456,LONG,67023.0,70269.59755850954,TP,4.764,Bullish Trend,17
2456,2457,LONG,69182.2,70464.8,REGIME_FLIP,1.7739,Bullish Trend,1
2457,2469,SHORT,70464.8,67766.46630184544,TP,3.7493,Bearish Trend,12
2469,2482,SHORT,68769.4,66522.23460026323,TP,3.1877,Bearish Trend,13
2482,2508,SHORT,67671.0,65281.89403228101,TP,3.4505,Bearish Trend,26
2508,2509,SHORT,67613.5,66052.13420614654,TP,2.2293,Bearish Trend,1
