entry_time,exit_time,side,entry_price,exit_price,sl,tp,risk_usd,pnl_usd,equity,exit_type,gate,fgi,regime
2025-01-01T00:00:00+00:00,2025-01-02T04:00:00+00:00,SHORT,93810.0,95958.13,95958.13,90802.62,400.0,-400.32,9599.68,SL,ACTIVE,66.0,bear
2025-01-02T16:00:00+00:00,2025-01-06T12:00:00+00:00,LONG,97292.7,100003.37,95356.51,100003.37,383.99,537.27,10136.95,TP,ACTIVE,70.0,bull
2025-01-06T08:00:00+00:00,2025-01-06T16:00:00+00:00,LONG,99219.3,101153.57,97837.68,101153.57,405.48,567.35,10704.3,TP,ACTIVE,76.0,bull
2025-01-06T12:00:00+00:00,2025-01-07T12:00:00+00:00,LONG,102104.5,100417.22,100417.22,104466.69,428.17,-428.51,10275.79,SL,ACTIVE,76.0,bull
2025-01-07T08:00:00+00:00,2025-01-07T16:00:00+00:00,LONG,100787.0,99130.17,99130.17,103106.56,411.03,-411.36,9864.43,SL,ACTIVE,78.0,bull
2025-01-07T12:00:00+00:00,2025-01-08T04:00:00+00:00,LONG,97915.3,95968.16,95968.16,100641.3,394.58,-394.89,9469.53,SL,ACTIVE,78.0,bull
2025-01-08T00:00:00+00:00,2025-01-08T08:00:00+00:00,LONG,96504.1,94544.81,94544.81,99247.1,378.78,-379.08,9090.45,SL,ACTIVE,70.0,bull
2025-01-08T04:00:00+00:00,2025-01-08T16:00:00+00:00,LONG,95628.4,93659.67,93659.67,98384.62,363.62,-363.91,8726.54,SL,ACTIVE,70.0,bull
2025-01-08T12:00:00+00:00,2025-01-09T00:00:00+00:00,LONG,95450.0,93433.27,93433.27,98273.42,349.06,-349.34,8377.2,SL,ACTIVE,70.0,bull
2025-01-10T08:00:00+00:00,2025-01-13T08:00:00+00:00,SHORT,95030.5,91727.34,97389.9,91727.34,335.09,468.86,8846.05,TP,ACTIVE,50.0,bear
2025-01-13T04:00:00+00:00,2025-01-13T12:00:00+00:00,SHORT,93557.9,90974.52,95403.17,90974.52,353.84,495.1,9341.15,TP,ACTIVE,61.0,bear
2025-01-13T08:00:00+00:00,2025-01-13T20:00:00+00:00,SHORT,90827.5,92842.71,92842.71,88006.2,373.65,-373.94,8967.2,SL,ACTIVE,61.0,bear
2025-01-13T16:00:00+00:00,2025-01-14T00:00:00+00:00,SHORT,92274.8,94563.5,94563.5,89070.62,358.69,-358.98,8608.23,SL,ACTIVE,61.0,bear
2025-01-13T20:00:00+00:00,2025-01-14T08:00:00+00:00,SHORT,94485.3,96911.79,96911.79,91088.22,344.33,-344.6,8263.62,SL,ACTIVE,61.0,bear
2025-01-14T04:00:00+00:00,2025-01-14T12:00:00+00:00,SHORT,94823.3,97088.48,97088.48,91652.05,330.54,-330.81,7932.82,SL,ACTIVE,63.0,bear
2025-01-14T16:00:00+00:00,2025-01-15T12:00:00+00:00,SHORT,96496.5,98882.43,98882.43,93156.19,317.31,-317.57,7615.25,SL,ACTIVE,63.0,bear
2025-01-16T16:00:00+00:00,2025-01-17T12:00:00+00:00,LONG,100382.0,103545.14,98122.62,103545.14,304.61,426.21,8041.46,TP,ACTIVE,75.0,bull
2025-01-17T08:00:00+00:00,2025-01-17T16:00:00+00:00,LONG,102181.6,105281.9,99967.1,105281.9,321.66,450.06,8491.52,TP,ACTIVE,75.0,bull
2025-01-17T12:00:00+00:00,2025-01-19T20:00:00+00:00,LONG,103946.2,101668.97,101668.97,107134.32,339.66,-339.93,8151.59,SL,ACTIVE,75.0,bull
2025-01-19T16:00:00+00:00,2025-01-20T00:00:00+00:00,LONG,106247.9,103908.75,103908.75,109522.71,326.06,-326.32,7825.27,SL,ACTIVE,77.0,bull
2025-01-19T20:00:00+00:00,2025-01-20T04:00:00+00:00,SHORT,101311.5,104508.1,104508.1,97824.3,313.01,-313.26,7512.01,SL,ACTIVE,77.0,bear
2025-01-20T00:00:00+00:00,2025-01-20T08:00:00+00:00,SHORT,101874.5,104872.82,104872.82,97676.85,300.48,-300.72,7211.28,SL,ADVISORY,76.0,bear
2025-01-20T04:00:00+00:00,2025-01-20T16:00:00+00:00,LONG,107178.8,103116.74,103116.74,111610.14,288.45,-288.68,6922.6,SL,ACTIVE,76.0,bull
2025-01-20T12:00:00+00:00,2025-01-21T00:00:00+00:00,LONG,105008.7,101153.58,101153.58,110405.87,276.9,-277.13,6645.48,SL,ADVISORY,76.0,bull
2025-01-21T08:00:00+00:00,2025-01-27T04:00:00+00:00,LONG,103725.0,99567.75,99567.75,109545.15,265.82,-266.03,6379.45,SL,ADVISORY,76.0,bull
2025-01-27T00:00:00+00:00,2025-01-27T08:00:00+00:00,SHORT,101349.2,98222.38,103582.64,98222.38,255.18,357.04,6736.49,TP,ACTIVE,71.0,bear
2025-01-27T04:00:00+00:00,2025-01-27T12:00:00+00:00,SHORT,98996.3,101463.35,101463.35,95542.43,269.46,-269.68,6466.81,SL,ACTIVE,71.0,bear
2025-01-27T08:00:00+00:00,2025-01-27T16:00:00+00:00,SHORT,98700.0,101129.58,101129.58,95298.59,258.67,-258.88,6207.94,SL,ACTIVE,71.0,bear
2025-01-27T12:00:00+00:00,2025-01-28T12:00:00+00:00,SHORT,101070.8,103712.75,103712.75,97372.07,248.32,-248.52,5959.42,SL,ACTIVE,71.0,bear
2025-01-28T08:00:00+00:00,2025-01-30T04:00:00+00:00,SHORT,102717.9,105295.07,105295.07,99109.86,238.38,-238.57,5720.85,SL,ACTIVE,72.0,bear
2025-01-31T16:00:00+00:00,2025-02-02T08:00:00+00:00,SHORT,102275.8,98934.46,104662.47,98934.46,228.83,320.18,6041.04,TP,ACTIVE,76.0,bear
2025-02-02T04:00:00+00:00,2025-02-02T20:00:00+00:00,SHORT,99586.2,96702.12,101646.26,96702.12,241.64,338.1,6379.14,TP,ACTIVE,60.0,bear
2025-02-02T16:00:00+00:00,2025-02-03T00:00:00+00:00,SHORT,98232.0,95161.88,100424.95,95161.88,255.17,357.03,6736.17,TP,ACTIVE,60.0,bear
2025-02-02T20:00:00+00:00,2025-02-03T04:00:00+00:00,SHORT,97664.5,94428.87,99975.66,94428.87,269.45,377.01,7113.18,TP,ACTIVE,60.0,bear
2025-02-03T00:00:00+00:00,2025-02-03T12:00:00+00:00,SHORT,94001.6,96856.72,96856.72,90004.44,284.53,-284.75,6828.42,SL,ACTIVE,44.0,bear
2025-02-03T08:00:00+00:00,2025-02-03T16:00:00+00:00,SHORT,95070.8,97934.87,97934.87,91061.1,273.14,-273.36,6555.07,SL,ACTIVE,44.0,bear
2025-02-03T16:00:00+00:00,2025-02-04T04:00:00+00:00,LONG,101831.9,98414.79,98414.79,106615.85,262.2,-262.41,6292.66,SL,ADVISORY,44.0,bull
2025-02-04T04:00:00+00:00,2025-02-18T16:00:00+00:00,SHORT,98405.1,93814.3,101684.24,93814.3,251.71,352.19,6644.84,TP,ACTIVE,72.0,bear
2025-02-18T16:00:00+00:00,2025-02-19T00:00:00+00:00,SHORT,94062.1,95582.14,95582.14,91934.05,265.79,-266.01,6378.84,SL,ACTIVE,47.0,bear
2025-02-24T12:00:00+00:00,2025-02-24T20:00:00+00:00,SHORT,94295.9,92312.21,95712.82,92312.21,255.15,357.01,6735.85,TP,ACTIVE,49.0,bear
2025-02-24T16:00:00+00:00,2025-02-25T00:00:00+00:00,SHORT,93916.1,91838.69,95399.96,91838.69,269.43,376.99,7112.84,TP,ACTIVE,49.0,bear
2025-02-24T20:00:00+00:00,2025-02-25T04:00:00+00:00,SHORT,91514.5,89097.81,93240.7,89097.81,284.51,398.09,7510.93,TP,ACTIVE,49.0,bear
2025-02-25T00:00:00+00:00,2025-02-25T08:00:00+00:00,SHORT,92125.3,89633.74,93904.99,89633.74,300.44,420.37,7931.3,TP,ACTIVE,25.0,bear
2025-02-25T04:00:00+00:00,2025-02-25T12:00:00+00:00,SHORT,89262.9,86325.99,91360.69,86325.99,317.25,443.9,8375.2,TP,ACTIVE,25.0,bear
2025-02-25T08:00:00+00:00,2025-02-26T12:00:00+00:00,SHORT,89186.8,85986.87,91472.46,85986.87,335.01,468.74,8843.95,TP,ACTIVE,25.0,bear
2025-02-26T08:00:00+00:00,2025-02-26T16:00:00+00:00,SHORT,88570.0,85259.06,90934.95,85259.06,353.76,494.98,9338.92,TP,ACTIVE,21.0,bear
2025-02-26T12:00:00+00:00,2025-02-26T20:00:00+00:00,SHORT,87536.4,83972.39,90082.12,83972.39,373.56,522.68,9861.6,TP,ACTIVE,21.0,bear
2025-02-26T16:00:00+00:00,2025-02-27T04:00:00+00:00,SHORT,83832.0,86680.08,86680.08,79844.68,394.46,-394.78,9466.82,SL,ACTIVE,21.0,bear
2025-02-27T00:00:00+00:00,2025-02-28T00:00:00+00:00,SHORT,85174.0,81086.25,88093.82,81086.25,378.67,529.84,9996.66,TP,ACTIVE,10.0,bear
2025-02-27T20:00:00+00:00,2025-02-28T04:00:00+00:00,SHORT,84668.1,80565.07,87598.84,80565.07,399.87,559.49,10556.16,TP,ACTIVE,10.0,bear
2025-02-28T00:00:00+00:00,2025-02-28T12:00:00+00:00,SHORT,80429.2,84054.29,84054.29,76474.56,422.25,-422.58,10133.57,SL,ADVISORY,16.0,bear
2025-03-01T16:00:00+00:00,2025-03-02T16:00:00+00:00,LONG,85431.2,89508.86,82518.58,89508.86,405.34,567.16,10700.73,TP,ADVISORY,20.0,bull
2025-03-02T12:00:00+00:00,2025-03-02T20:00:00+00:00,LONG,87390.1,91182.43,84681.29,91182.43,428.03,598.9,11299.63,TP,ADVISORY,26.0,bull
2025-03-02T20:00:00+00:00,2025-03-03T12:00:00+00:00,LONG,94222.8,90972.4,90972.4,98773.36,451.99,-452.35,10847.28,SL,ADVISORY,26.0,bull
2025-03-03T08:00:00+00:00,2025-03-03T16:00:00+00:00,LONG,92700.0,89507.44,89507.44,97169.59,433.89,-434.24,10413.04,SL,ADVISORY,33.0,bull
2025-03-06T08:00:00+00:00,2025-03-07T00:00:00+00:00,LONG,91319.2,87769.33,87769.33,96289.01,416.52,-416.85,9996.19,SL,ADVISORY,25.0,bull
2025-03-09T20:00:00+00:00,2025-03-10T08:00:00+00:00,SHORT,80688.8,83597.44,83597.44,76616.7,399.85,-400.17,9596.02,SL,ACTIVE,27.0,bear
2025-03-10T12:00:00+00:00,2025-03-11T16:00:00+00:00,SHORT,80009.7,83260.36,83260.36,75458.77,383.84,-384.15,9211.87,SL,ADVISORY,20.0,bear
2025-03-12T16:00:00+00:00,2025-03-19T20:00:00+00:00,SHORT,82877.3,86011.74,86011.74,78489.09,368.47,-368.77,8843.1,SL,ADVISORY,34.0,bear
2025-03-19T16:00:00+00:00,2025-03-21T12:00:00+00:00,LONG,85382.5,83522.53,83522.53,87986.45,353.72,-354.01,8489.1,SL,ACTIVE,32.0,bull
2025-03-22T12:00:00+00:00,2025-03-23T20:00:00+00:00,LONG,84073.5,86071.06,82646.67,86071.06,339.56,475.12,8964.21,TP,ACTIVE,32.0,bull
2025-03-23T16:00:00+00:00,2025-03-24T04:00:00+00:00,LONG,84966.7,86621.99,83784.35,86621.99,358.57,501.71,9465.92,TP,ACTIVE,30.0,bull
2025-03-24T00:00:00+00:00,2025-03-24T12:00:00+00:00,LONG,86502.6,88274.1,85237.24,88274.1,378.64,529.79,9995.71,TP,ACTIVE,45.0,bull
2025-03-24T08:00:00+00:00,2025-03-25T00:00:00+00:00,LONG,87643.5,86358.47,86358.47,89442.55,399.83,-400.15,9595.56,SL,ACTIVE,45.0,bull
2025-03-24T20:00:00+00:00,2025-03-26T16:00:00+00:00,LONG,87463.4,86043.09,86043.09,89451.84,383.82,-384.13,9211.43,SL,ACTIVE,45.0,bull
2025-03-26T12:00:00+00:00,2025-03-28T04:00:00+00:00,LONG,86696.9,85168.56,85168.56,88836.58,368.46,-368.75,8842.68,SL,ACTIVE,47.0,bull
2025-03-28T00:00:00+00:00,2025-03-28T08:00:00+00:00,LONG,86746.8,85291.79,85291.79,88783.82,353.71,-353.99,8488.69,SL,ACTIVE,44.0,bull
2025-03-28T04:00:00+00:00,2025-03-28T16:00:00+00:00,LONG,85175.1,83644.91,83644.91,87317.37,339.55,-339.82,8148.87,SL,ACTIVE,44.0,bull
2025-03-31T00:00:00+00:00,2025-03-31T12:00:00+00:00,SHORT,81491.5,82916.0,82916.0,79497.21,325.95,-326.22,7822.66,SL,ACTIVE,34.0,bear
2025-04-02T20:00:00+00:00,2025-04-06T16:00:00+00:00,SHORT,82485.1,79693.82,85043.77,79693.82,312.91,341.1,8163.76,TP,ACTIVE,44.0,bear
2025-04-06T12:00:00+00:00,2025-04-06T20:00:00+00:00,SHORT,82497.4,80187.13,84147.59,80187.13,326.55,456.91,8620.67,TP,ACTIVE,34.0,bear
2025-04-06T16:00:00+00:00,2025-04-07T04:00:00+00:00,SHORT,79572.6,76843.86,81521.7,76843.86,344.83,482.48,9103.15,TP,ACTIVE,34.0,bear
2025-04-07T00:00:00+00:00,2025-04-07T12:00:00+00:00,SHORT,77669.6,79837.91,79837.91,74633.97,364.13,-364.42,8738.73,SL,ACTIVE,23.0,bear
2025-04-07T08:00:00+00:00,2025-04-07T16:00:00+00:00,SHORT,76655.9,79140.77,79140.77,73177.08,349.55,-349.83,8388.9,SL,ACTIVE,23.0,bear
2025-04-07T12:00:00+00:00,2025-04-09T16:00:00+00:00,SHORT,78444.6,81334.68,81334.68,74398.49,335.56,-335.82,8053.08,SL,ACTIVE,23.0,bear
2025-04-09T12:00:00+00:00,2025-04-09T20:00:00+00:00,SHORT,77237.6,80221.09,80221.09,73060.71,322.12,-322.38,7730.7,SL,ADVISORY,18.0,bear
2025-04-11T20:00:00+00:00,2025-04-21T00:00:00+00:00,LONG,83378.3,87361.6,80533.08,87361.6,309.23,432.67,8163.37,TP,ADVISORY,25.0,bull
2025-04-21T00:00:00+00:00,2025-04-22T00:00:00+00:00,LONG,87166.6,88845.2,85967.6,88845.2,326.53,456.89,8620.26,TP,ACTIVE,39.0,bull
2025-04-21T20:00:00+00:00,2025-04-22T12:00:00+00:00,LONG,87466.0,89433.62,86060.56,89433.62,344.81,482.46,9102.71,TP,ACTIVE,39.0,bull
2025-04-22T08:00:00+00:00,2025-04-22T16:00:00+00:00,LONG,88572.7,90528.86,87175.44,90528.86,364.11,509.46,9612.18,TP,ACTIVE,47.0,bull
2025-04-22T12:00:00+00:00,2025-04-22T20:00:00+00:00,LONG,90881.2,93138.65,89268.73,93138.65,384.49,537.97,10150.15,TP,ACTIVE,47.0,bull
2025-04-22T16:00:00+00:00,2025-04-23T00:00:00+00:00,LONG,91356.4,93621.34,89738.59,93621.34,406.01,568.08,10718.23,TP,ACTIVE,47.0,bull
2025-04-22T20:00:00+00:00,2025-05-01T08:00:00+00:00,LONG,93404.9,95979.54,91565.87,95979.54,428.73,599.88,11318.11,TP,ACTIVE,47.0,bull
2025-05-01T04:00:00+00:00,2025-05-01T12:00:00+00:00,LONG,94978.6,97081.48,93476.54,97081.48,452.72,633.45,11951.56,TP,ACTIVE,53.0,bull
2025-05-01T08:00:00+00:00,2025-05-04T20:00:00+00:00,LONG,96129.9,94576.01,94576.01,98305.35,478.06,-478.44,11473.12,SL,ACTIVE,53.0,bull
2025-05-06T20:00:00+00:00,2025-05-08T00:00:00+00:00,LONG,96798.9,98928.16,95278.0,98928.16,458.92,642.13,12115.25,TP,ACTIVE,59.0,bull
2025-05-07T20:00:00+00:00,2025-05-08T04:00:00+00:00,LONG,96988.4,99097.98,95481.56,99097.98,484.61,678.07,12793.31,TP,ACTIVE,67.0,bull
2025-05-08T00:00:00+00:00,2025-05-08T12:00:00+00:00,LONG,99097.9,101412.06,97444.93,101412.06,511.73,716.02,13509.33,TP,ACTIVE,65.0,bull
2025-05-08T08:00:00+00:00,2025-05-08T16:00:00+00:00,LONG,99369.8,101566.58,97800.67,101566.58,540.37,756.09,14265.42,TP,ACTIVE,65.0,bull
2025-05-08T12:00:00+00:00,2025-05-08T20:00:00+00:00,LONG,100730.8,103137.13,99011.99,103137.13,570.62,798.41,15063.82,TP,ACTIVE,65.0,bull
2025-05-08T16:00:00+00:00,2025-05-09T04:00:00+00:00,LONG,101254.2,103659.15,99536.38,103659.15,602.55,843.09,15906.92,TP,ACTIVE,65.0,bull
2025-05-09T00:00:00+00:00,2025-05-12T00:00:00+00:00,LONG,102419.5,105056.3,100536.07,105056.3,636.28,890.28,16797.2,TP,ACTIVE,73.0,bull
2025-05-11T20:00:00+00:00,2025-05-12T16:00:00+00:00,LONG,104072.7,102302.05,102302.05,106551.62,671.89,-672.43,16124.77,SL,ACTIVE,70.0,bull
2025-05-12T12:00:00+00:00,2025-05-18T12:00:00+00:00,LONG,102481.7,105287.37,100477.65,105287.37,644.99,902.47,17027.24,TP,ACTIVE,70.0,bull
2025-05-18T12:00:00+00:00,2025-05-18T20:00:00+00:00,LONG,105484.2,104086.89,104086.89,107440.43,681.09,-681.63,16345.61,SL,ACTIVE,74.0,bull
2025-05-18T20:00:00+00:00,2025-05-19T04:00:00+00:00,LONG,106407.6,104618.3,104618.3,108912.63,653.82,-654.35,15691.26,SL,ACTIVE,74.0,bull
2025-05-19T16:00:00+00:00,2025-05-21T12:00:00+00:00,LONG,105457.8,108433.55,103332.26,108433.55,627.65,878.21,16569.47,TP,ACTIVE,74.0,bull
2025-05-21T08:00:00+00:00,2025-05-21T16:00:00+00:00,LONG,106490.9,109271.31,104504.89,109271.31,662.78,927.36,17496.83,TP,ACTIVE,70.0,bull
2025-05-21T12:00:00+00:00,2025-05-23T20:00:00+00:00,LONG,108936.6,106754.71,106754.71,111991.24,699.87,-700.43,16796.39,SL,ACTIVE,70.0,bull
2025-05-23T16:00:00+00:00,2025-05-29T16:00:00+00:00,LONG,108659.4,106188.68,106188.68,112118.41,671.86,-672.39,16124.0,SL,ACTIVE,78.0,bull
2025-05-30T08:00:00+00:00,2025-06-05T16:00:00+00:00,SHORT,105827.4,102957.92,107877.03,102957.92,644.96,902.43,17026.43,TP,ACTIVE,60.0,bear
2025-06-05T12:00:00+00:00,2025-06-05T20:00:00+00:00,SHORT,104490.5,102409.41,105976.99,102409.41,681.06,952.94,17979.36,TP,ACTIVE,57.0,bear
2025-06-05T16:00:00+00:00,2025-06-06T08:00:00+00:00,SHORT,101872.9,103579.78,103579.78,99483.27,719.17,-719.75,17259.61,SL,ACTIVE,57.0,bear
2025-06-06T04:00:00+00:00,2025-06-06T12:00:00+00:00,SHORT,103096.8,104898.75,104898.75,100574.07,690.38,-690.94,16568.68,SL,ACTIVE,45.0,bear
2025-06-06T08:00:00+00:00,2025-06-07T12:00:00+00:00,SHORT,103866.0,105631.08,105631.08,101394.89,662.75,-663.28,15905.4,SL,ACTIVE,45.0,bear
2025-06-09T08:00:00+00:00,2025-06-09T20:00:00+00:00,LONG,107707.9,109634.04,106332.08,109634.04,636.22,890.19,16795.59,TP,ACTIVE,62.0,bull
2025-06-09T16:00:00+00:00,2025-06-12T08:00:00+00:00,LONG,108515.1,107079.33,107079.33,110525.18,671.82,-672.36,16123.23,SL,ACTIVE,62.0,bull
2025-06-12T04:00:00+00:00,2025-06-12T20:00:00+00:00,LONG,107577.0,106028.82,106028.82,109744.45,644.93,-645.45,15477.79,SL,ACTIVE,71.0,bull
2025-06-14T16:00:00+00:00,2025-06-16T04:00:00+00:00,SHORT,104582.3,106181.96,106181.96,102342.78,619.11,-619.61,14858.18,SL,ACTIVE,63.0,bear
2025-06-16T00:00:00+00:00,2025-06-16T12:00:00+00:00,SHORT,105865.6,107349.07,107349.07,103788.74,594.33,-594.8,14263.38,SL,ACTIVE,61.0,bear
2025-06-16T08:00:00+00:00,2025-06-16T16:00:00+00:00,SHORT,106842.5,108334.86,108334.86,104753.2,570.54,-570.99,13692.39,SL,ACTIVE,61.0,bear
2025-06-16T12:00:00+00:00,2025-06-17T12:00:00+00:00,SHORT,107374.9,105237.86,108901.36,105237.86,547.7,766.34,14458.72,TP,ACTIVE,61.0,bear
2025-06-17T08:00:00+00:00,2025-06-20T16:00:00+00:00,SHORT,105592.9,103078.84,107388.66,103078.84,578.35,809.23,15267.95,TP,ACTIVE,68.0,bear
2025-06-21T16:00:00+00:00,2025-06-22T12:00:00+00:00,SHORT,102207.5,100027.72,103764.49,100027.72,610.72,854.52,16122.46,TP,ACTIVE,49.0,bear
2025-06-22T08:00:00+00:00,2025-06-22T16:00:00+00:00,SHORT,102693.7,100413.04,104322.74,100413.04,644.9,902.34,17024.81,TP,ACTIVE,42.0,bear
2025-06-22T12:00:00+00:00,2025-06-22T20:00:00+00:00,SHORT,98849.9,100985.61,100985.61,96520.03,680.99,-681.54,16343.27,SL,ACTIVE,42.0,bear
2025-06-22T16:00:00+00:00,2025-06-23T00:00:00+00:00,SHORT,98829.7,100818.98,100818.98,96044.71,653.73,-654.25,15689.02,SL,ACTIVE,42.0,bear
2025-06-22T20:00:00+00:00,2025-06-23T16:00:00+00:00,SHORT,100904.7,103060.26,103060.26,97886.92,627.56,-628.06,15060.95,SL,ACTIVE,42.0,bear
2025-06-23T12:00:00+00:00,2025-06-23T20:00:00+00:00,SHORT,101369.7,103480.53,103480.53,98414.54,602.44,-602.92,14458.03,SL,ACTIVE,47.0,bear
2025-06-23T20:00:00+00:00,2025-06-29T08:00:00+00:00,LONG,105290.9,108335.31,102500.19,108335.31,578.32,630.43,15088.47,TP,ACTIVE,47.0,bull
2025-06-29T04:00:00+00:00,2025-07-01T08:00:00+00:00,LONG,107367.2,106257.95,106257.95,108920.15,603.54,-604.02,14484.44,SL,ACTIVE,68.0,bull
2025-07-01T16:00:00+00:00,2025-07-02T04:00:00+00:00,SHORT,105340.1,106604.98,106604.98,103569.26,579.38,-579.84,13904.6,SL,ACTIVE,64.0,bear
2025-07-02T04:00:00+00:00,2025-07-02T16:00:00+00:00,LONG,107026.0,108879.52,105702.06,108879.52,556.18,778.21,14682.82,TP,ACTIVE,63.0,bull
2025-07-02T12:00:00+00:00,2025-07-04T16:00:00+00:00,LONG,108695.3,107302.92,107302.92,110644.63,587.31,-587.78,14095.03,SL,ACTIVE,63.0,bull
2025-07-06T12:00:00+00:00,2025-07-07T16:00:00+00:00,LONG,108856.8,107871.53,107871.53,110236.18,563.8,-564.25,13530.78,SL,ACTIVE,66.0,bull
2025-07-07T12:00:00+00:00,2025-07-09T16:00:00+00:00,LONG,108249.0,109748.11,107178.21,109748.11,541.23,757.29,14288.07,TP,ACTIVE,73.0,bull
2025-07-09T12:00:00+00:00,2025-07-09T20:00:00+00:00,LONG,109020.0,110660.61,107848.13,110660.61,571.52,799.67,15087.75,TP,ACTIVE,66.0,bull
2025-07-09T16:00:00+00:00,2025-07-10T16:00:00+00:00,LONG,111718.8,113418.14,110161.07,113418.14,603.51,657.89,15745.64,TP,ACTIVE,66.0,bull
2025-07-10T12:00:00+00:00,2025-07-10T20:00:00+00:00,LONG,111350.0,113247.66,109994.53,113247.66,629.83,881.25,16626.89,TP,ACTIVE,71.0,bull
2025-07-10T16:00:00+00:00,2025-07-11T00:00:00+00:00,LONG,113246.1,115382.06,111720.42,115382.06,665.08,930.57,17557.46,TP,ACTIVE,71.0,bull
2025-07-10T20:00:00+00:00,2025-07-11T08:00:00+00:00,LONG,115979.2,118606.33,114102.68,118606.33,702.3,982.66,18540.12,TP,ACTIVE,71.0,bull
2025-07-11T04:00:00+00:00,2025-07-14T00:00:00+00:00,LONG,117522.7,120327.95,115518.95,120327.95,741.6,1037.65,19577.77,TP,ACTIVE,71.0,bull
2025-07-13T20:00:00+00:00,2025-07-14T04:00:00+00:00,LONG,119038.3,121223.15,117477.69,121223.15,783.11,1095.73,20673.5,TP,ACTIVE,74.0,bull
2025-07-14T00:00:00+00:00,2025-07-15T00:00:00+00:00,LONG,120733.2,118969.34,118969.34,123202.6,826.94,-827.6,19845.9,SL,ACTIVE,74.0,bull
2025-07-14T20:00:00+00:00,2025-07-15T04:00:00+00:00,LONG,119816.5,117792.97,117792.97,122649.44,793.84,-794.47,19051.43,SL,ACTIVE,74.0,bull
2025-07-15T00:00:00+00:00,2025-07-17T20:00:00+00:00,LONG,117209.2,120297.2,115003.49,120297.2,762.06,1066.27,20117.7,TP,ACTIVE,73.0,bull
2025-07-18T00:00:00+00:00,2025-07-18T12:00:00+00:00,LONG,120212.8,117849.89,117849.89,123520.87,804.71,-805.35,19312.35,SL,ACTIVE,73.0,bull
2025-07-18T12:00:00+00:00,2025-07-22T16:00:00+00:00,SHORT,117830.0,120219.27,120219.27,114485.02,772.49,-773.11,18539.24,SL,ACTIVE,73.0,bear
2025-07-22T12:00:00+00:00,2025-07-25T00:00:00+00:00,LONG,118899.8,116718.15,116718.15,121954.11,741.57,-742.16,17797.07,SL,ACTIVE,72.0,bull
2025-07-25T00:00:00+00:00,2025-07-25T20:00:00+00:00,SHORT,115384.6,117509.69,117509.69,112409.47,711.88,-712.45,17084.62,SL,ACTIVE,70.0,bear
2025-07-25T16:00:00+00:00,2025-07-27T16:00:00+00:00,SHORT,116649.6,118861.32,118861.32,113553.19,683.38,-683.93,16400.69,SL,ACTIVE,70.0,bear
2025-07-27T20:00:00+00:00,2025-07-28T12:00:00+00:00,LONG,119423.4,117968.34,117968.34,121460.49,656.03,-656.55,15744.14,SL,ACTIVE,73.0,bull
2025-07-31T20:00:00+00:00,2025-08-01T16:00:00+00:00,SHORT,115697.3,113312.67,117400.6,113312.67,629.77,881.17,16625.31,TP,ACTIVE,72.0,bear
2025-08-01T12:00:00+00:00,2025-08-01T20:00:00+00:00,SHORT,115305.3,112668.75,117188.55,112668.75,665.01,930.49,17555.79,TP,ACTIVE,65.0,bear
2025-08-01T16:00:00+00:00,2025-08-04T12:00:00+00:00,SHORT,113278.5,115293.28,115293.28,110457.81,702.23,-702.79,16853.0,SL,ACTIVE,65.0,bear
2025-08-04T08:00:00+00:00,2025-08-07T08:00:00+00:00,SHORT,114450.0,115926.58,115926.58,112382.78,674.12,-674.66,16178.34,SL,ACTIVE,64.0,bear
2025-08-07T04:00:00+00:00,2025-08-07T12:00:00+00:00,SHORT,114751.1,116223.5,116223.5,112689.74,647.13,-647.65,15530.69,SL,ACTIVE,62.0,bear
2025-08-09T00:00:00+00:00,2025-08-10T00:00:00+00:00,LONG,116331.5,118328.48,114905.09,118328.48,621.23,869.22,16399.91,TP,ACTIVE,67.0,bull
2025-08-10T12:00:00+00:00,2025-08-11T00:00:00+00:00,LONG,118766.0,120822.57,117297.02,120822.57,656.0,917.87,17317.78,TP,ACTIVE,69.0,bull
2025-08-10T20:00:00+00:00,2025-08-11T04:00:00+00:00,LONG,119255.3,121293.51,117799.44,121293.51,692.71,969.24,18287.02,TP,ACTIVE,69.0,bull
2025-08-11T00:00:00+00:00,2025-08-11T12:00:00+00:00,LONG,121700.1,120003.72,120003.72,124075.03,731.48,-732.07,17554.95,SL,ACTIVE,70.0,bull
2025-08-11T08:00:00+00:00,2025-08-11T16:00:00+00:00,LONG,120545.0,118814.62,118814.62,122967.53,702.2,-702.76,16852.19,SL,ACTIVE,70.0,bull
2025-08-11T12:00:00+00:00,2025-08-11T20:00:00+00:00,LONG,120271.2,118524.06,118524.06,122717.19,674.09,-674.63,16177.57,SL,ACTIVE,70.0,bull
2025-08-11T16:00:00+00:00,2025-08-13T12:00:00+00:00,LONG,119035.3,121651.58,117166.53,121651.58,647.1,905.43,17082.99,TP,ACTIVE,70.0,bull
2025-08-13T08:00:00+00:00,2025-08-13T20:00:00+00:00,LONG,120538.5,122943.52,118820.63,122943.52,683.32,956.1,18039.09,TP,ACTIVE,73.0,bull
2025-08-13T16:00:00+00:00,2025-08-14T08:00:00+00:00,LONG,122719.9,120817.35,120817.35,125383.47,721.56,-722.14,17316.95,SL,ACTIVE,73.0,bull
2025-08-14T04:00:00+00:00,2025-08-14T12:00:00+00:00,LONG,121742.4,119730.75,119730.75,124558.71,692.68,-693.23,16623.72,SL,ACTIVE,75.0,bull
2025-08-14T08:00:00+00:00,2025-08-14T16:00:00+00:00,LONG,120947.9,118930.75,118930.75,123771.9,664.95,-665.48,15958.24,SL,ACTIVE,75.0,bull
2025-08-14T12:00:00+00:00,2025-08-18T00:00:00+00:00,LONG,118185.9,115911.62,115911.62,121369.89,638.33,-638.84,15319.4,SL,ACTIVE,75.0,bull
2025-08-17T20:00:00+00:00,2025-08-18T04:00:00+00:00,SHORT,117353.8,115437.54,118722.56,115437.54,612.78,857.4,16176.8,TP,ACTIVE,64.0,bear
2025-08-18T00:00:00+00:00,2025-08-18T20:00:00+00:00,SHORT,115264.9,116809.01,116809.01,113103.15,647.07,-647.59,15529.21,SL,ACTIVE,60.0,bear
2025-08-18T16:00:00+00:00,2025-08-19T12:00:00+00:00,SHORT,116273.4,114127.64,117806.08,114127.64,621.17,869.14,16398.34,TP,ACTIVE,60.0,bear
2025-08-19T08:00:00+00:00,2025-08-19T16:00:00+00:00,SHORT,115461.0,113206.33,117071.48,113206.33,655.93,917.78,17316.13,TP,ACTIVE,56.0,bear
2025-08-19T12:00:00+00:00,2025-08-22T12:00:00+00:00,SHORT,113730.0,115476.31,115476.31,111285.16,692.65,-693.2,16622.93,SL,ACTIVE,56.0,bear
2025-08-22T08:00:00+00:00,2025-08-22T16:00:00+00:00,SHORT,112272.8,113840.6,113840.6,110077.88,664.92,-665.45,15957.48,SL,ACTIVE,50.0,bear
2025-08-22T12:00:00+00:00,2025-08-24T16:00:00+00:00,LONG,116319.3,114053.07,114053.07,118791.55,638.3,-638.81,15318.67,SL,ACTIVE,50.0,bull
2025-08-25T08:00:00+00:00,2025-08-28T04:00:00+00:00,SHORT,111183.7,113127.0,113127.0,108463.08,612.75,-613.24,14705.43,SL,ACTIVE,47.0,bear
2025-08-29T04:00:00+00:00,2025-09-01T04:00:00+00:00,SHORT,109969.0,107271.03,111896.12,107271.03,588.22,823.03,15528.47,TP,ACTIVE,50.0,bear
2025-09-01T00:00:00+00:00,2025-09-01T08:00:00+00:00,SHORT,107619.1,109090.88,109090.88,105558.6,621.14,-621.64,14906.83,SL,ACTIVE,46.0,bear
2025-09-01T04:00:00+00:00,2025-09-02T12:00:00+00:00,SHORT,109390.3,110990.4,110990.4,107150.16,596.27,-596.75,14310.08,SL,ACTIVE,46.0,bear
2025-09-02T08:00:00+00:00,2025-09-02T20:00:00+00:00,SHORT,109698.6,111444.98,111444.98,107253.66,572.4,-572.86,13737.22,SL,ACTIVE,49.0,bear
2025-09-02T20:00:00+00:00,2025-09-04T12:00:00+00:00,LONG,111188.0,109289.77,109289.77,113845.52,549.49,-549.93,13187.29,SL,ACTIVE,49.0,bull
2025-09-04T08:00:00+00:00,2025-09-05T12:00:00+00:00,LONG,110763.9,113068.17,109117.99,113068.17,527.49,738.07,13925.36,TP,ACTIVE,51.0,bull
2025-09-05T08:00:00+00:00,2025-09-05T16:00:00+00:00,LONG,112299.6,110493.54,110493.54,114828.08,557.01,-557.46,13367.9,SL,ACTIVE,48.0,bull
2025-09-05T12:00:00+00:00,2025-09-10T12:00:00+00:00,LONG,110674.1,113487.62,108664.44,113487.62,534.72,748.17,14116.07,TP,ACTIVE,48.0,bull
2025-09-10T08:00:00+00:00,2025-09-11T00:00:00+00:00,LONG,112266.4,114222.58,110869.13,114222.58,564.64,790.05,14906.12,TP,ACTIVE,49.0,bull
2025-09-10T20:00:00+00:00,2025-09-12T00:00:00+00:00,LONG,113896.8,115935.31,112440.72,115935.31,596.24,834.27,15740.39,TP,ACTIVE,49.0,bull
2025-09-11T20:00:00+00:00,2025-09-18T00:00:00+00:00,LONG,115427.0,117367.95,114040.6,117367.95,629.62,880.96,16621.34,TP,ACTIVE,54.0,bull
2025-09-17T20:00:00+00:00,2025-09-22T00:00:00+00:00,LONG,116402.5,114928.06,114928.06,118466.72,664.85,-665.39,15955.96,SL,ACTIVE,53.0,bull
2025-09-22T04:00:00+00:00,2025-09-24T12:00:00+00:00,SHORT,112454.4,113683.95,113683.95,110733.03,638.24,-638.75,15317.21,SL,ACTIVE,45.0,bear
2025-09-24T08:00:00+00:00,2025-09-25T12:00:00+00:00,SHORT,112982.0,110950.67,114432.95,110950.67,612.69,857.27,16174.48,TP,ACTIVE,44.0,bear
2025-09-25T08:00:00+00:00,2025-09-25T16:00:00+00:00,SHORT,111316.1,109277.53,112772.22,109277.53,646.98,905.25,17079.74,TP,ACTIVE,44.0,bear
2025-09-25T12:00:00+00:00,2025-09-25T20:00:00+00:00,SHORT,111538.4,109476.3,113011.33,109476.3,683.19,955.92,18035.65,TP,ACTIVE,44.0,bear
2025-09-25T16:00:00+00:00,2025-09-28T20:00:00+00:00,SHORT,109320.5,111016.34,111016.34,106946.32,721.43,-722.0,17313.65,SL,ACTIVE,44.0,bear
2025-09-28T16:00:00+00:00,2025-09-29T00:00:00+00:00,SHORT,110281.6,111340.56,111340.56,108799.06,692.55,-693.1,16620.55,SL,ACTIVE,37.0,bear
2025-09-28T20:00:00+00:00,2025-09-29T12:00:00+00:00,SHORT,112119.6,113324.0,113324.0,110433.44,664.82,-665.35,15955.2,SL,ACTIVE,37.0,bear
2025-09-29T08:00:00+00:00,2025-09-29T16:00:00+00:00,SHORT,112052.0,113182.21,113182.21,110469.71,638.21,-638.72,15316.48,SL,ACTIVE,50.0,bear
2025-09-29T12:00:00+00:00,2025-10-01T08:00:00+00:00,SHORT,113752.0,115052.59,115052.59,111931.18,612.66,-613.15,14703.33,SL,ACTIVE,50.0,bear
2025-10-01T08:00:00+00:00,2025-10-02T00:00:00+00:00,LONG,116736.8,118800.59,115262.67,118800.59,588.13,822.92,15526.25,TP,ACTIVE,49.0,bull
2025-10-01T20:00:00+00:00,2025-10-02T16:00:00+00:00,LONG,118552.4,120816.05,116935.51,120816.05,621.05,868.97,16395.22,TP,ACTIVE,49.0,bull
2025-10-02T12:00:00+00:00,2025-10-03T12:00:00+00:00,LONG,119875.1,122074.28,118304.26,122074.28,655.81,917.61,17312.83,TP,ACTIVE,64.0,bull
2025-10-03T08:00:00+00:00,2025-10-03T16:00:00+00:00,LONG,120307.2,122502.68,118739.0,122502.68,692.51,968.96,18281.79,TP,ACTIVE,63.0,bull
2025-10-03T12:00:00+00:00,2025-10-05T04:00:00+00:00,LONG,122238.5,124664.08,120505.94,124664.08,731.27,1023.2,19304.98,TP,ACTIVE,63.0,bull
2025-10-05T00:00:00+00:00,2025-10-06T16:00:00+00:00,LONG,123735.7,126031.24,122096.03,126031.24,772.2,1080.46,20385.45,TP,ACTIVE,74.0,bull
2025-10-06T12:00:00+00:00,2025-10-07T12:00:00+00:00,LONG,124946.2,122963.53,122963.53,127109.11,815.42,-816.07,19569.38,SL,ACTIVE,71.0,bull
2025-10-07T08:00:00+00:00,2025-10-07T16:00:00+00:00,LONG,124397.2,122613.65,122613.65,126894.17,782.78,-783.4,18785.97,SL,ACTIVE,70.0,bull
2025-10-07T12:00:00+00:00,2025-10-09T16:00:00+00:00,LONG,121788.3,119704.0,119704.0,124706.32,751.44,-752.04,18033.93,SL,ACTIVE,70.0,bull
2025-10-09T12:00:00+00:00,2025-10-10T12:00:00+00:00,LONG,121079.4,118814.16,118814.16,124250.74,721.36,-721.93,17312.0,SL,ACTIVE,70.0,bull
2025-10-10T08:00:00+00:00,2025-10-10T16:00:00+00:00,LONG,121493.2,119429.93,119429.93,124381.78,692.48,-693.03,16618.97,SL,ACTIVE,64.0,bull
2025-10-10T12:00:00+00:00,2025-10-10T20:00:00+00:00,LONG,118965.3,116613.05,116613.05,122258.45,664.76,-665.29,15953.68,SL,ACTIVE,64.0,bull
2025-10-10T16:00:00+00:00,2025-10-11T00:00:00+00:00,SHORT,116605.3,113526.72,119427.33,113526.72,638.15,695.65,16649.33,TP,ACTIVE,64.0,bear
2025-10-10T20:00:00+00:00,2025-10-17T04:00:00+00:00,SHORT,112714.9,107035.45,116771.65,107035.45,665.97,931.83,17581.16,TP,ACTIVE,64.0,bear
2025-10-17T00:00:00+00:00,2025-10-17T08:00:00+00:00,SHORT,109121.8,105334.01,111827.37,105334.01,703.25,983.98,18565.14,TP,ACTIVE,22.0,bear
2025-10-17T04:00:00+00:00,2025-10-19T16:00:00+00:00,SHORT,105578.3,108780.92,108780.92,102084.53,742.61,-743.2,17821.94,SL,ACTIVE,22.0,bear
2025-10-19T12:00:00+00:00,2025-10-20T04:00:00+00:00,LONG,108429.5,111010.6,106063.49,111010.6,712.88,777.11,18599.05,TP,ACTIVE,29.0,bull
2025-10-20T00:00:00+00:00,2025-10-21T04:00:00+00:00,LONG,110100.4,107843.88,107843.88,113259.52,743.96,-744.56,17854.49,SL,ACTIVE,29.0,bull
2025-10-21T12:00:00+00:00,2025-10-21T20:00:00+00:00,LONG,113355.2,110495.84,110495.84,116474.51,714.18,-714.75,17139.74,SL,ACTIVE,34.0,bull
2025-10-21T16:00:00+00:00,2025-10-22T00:00:00+00:00,LONG,111720.7,109019.37,109019.37,115502.56,685.59,-686.14,16453.61,SL,ACTIVE,34.0,bull
2025-10-22T08:00:00+00:00,2025-10-23T04:00:00+00:00,SHORT,107501.7,110223.29,110223.29,103691.47,658.14,-658.67,15794.93,SL,ACTIVE,25.0,bear
2025-10-23T04:00:00+00:00,2025-10-26T08:00:00+00:00,LONG,109228.6,112871.63,106626.43,112871.63,631.8,884.01,16678.95,TP,ACTIVE,27.0,bull
2025-10-26T04:00:00+00:00,2025-10-26T12:00:00+00:00,LONG,111672.8,113903.23,110079.64,113903.23,667.16,933.49,17612.43,TP,ACTIVE,40.0,bull
2025-10-26T08:00:00+00:00,2025-10-27T04:00:00+00:00,LONG,113235.2,115575.14,111563.81,115575.14,704.5,985.73,18598.17,TP,ACTIVE,40.0,bull
2025-10-27T00:00:00+00:00,2025-10-28T20:00:00+00:00,LONG,114927.7,113178.64,113178.64,117376.38,743.93,-744.52,17853.64,SL,ACTIVE,51.0,bull
2025-10-28T16:00:00+00:00,2025-10-29T12:00:00+00:00,LONG,113629.0,111826.27,111826.27,116152.83,714.15,-714.72,17138.93,SL,ACTIVE,50.0,bull
2025-10-29T08:00:00+00:00,2025-10-29T16:00:00+00:00,LONG,113084.5,111325.26,111325.26,115547.43,685.56,-686.11,16452.82,SL,ACTIVE,51.0,bull
2025-10-29T12:00:00+00:00,2025-10-30T04:00:00+00:00,LONG,111460.6,109584.18,109584.18,114087.58,658.11,-658.64,15794.18,SL,ACTIVE,51.0,bull
2025-10-30T04:00:00+00:00,2025-10-30T12:00:00+00:00,LONG,111313.5,108946.82,108946.82,114626.85,631.77,-632.27,15161.91,SL,ACTIVE,34.0,bull
2025-10-30T12:00:00+00:00,2025-10-31T04:00:00+00:00,SHORT,107670.6,110152.45,110152.45,104196.01,606.48,-606.96,14554.95,SL,ACTIVE,34.0,bear
2025-10-31T20:00:00+00:00,2025-11-03T12:00:00+00:00,SHORT,109557.3,106229.35,111934.4,106229.35,582.2,814.61,15369.56,TP,ACTIVE,29.0,bear
2025-11-03T08:00:00+00:00,2025-11-04T04:00:00+00:00,SHORT,107737.4,105125.37,109603.14,105125.37,614.78,860.2,16229.76,TP,ACTIVE,42.0,bear
2025-11-04T00:00:00+00:00,2025-11-04T08:00:00+00:00,SHORT,107097.2,104089.8,109245.35,104089.8,649.19,908.35,17138.11,TP,ACTIVE,21.0,bear
2025-11-04T04:00:00+00:00,2025-11-04T16:00:00+00:00,SHORT,104442.9,101181.94,106772.16,101181.94,685.52,959.19,18097.3,TP,ACTIVE,21.0,bear
2025-11-04T12:00:00+00:00,2025-11-04T20:00:00+00:00,SHORT,103157.7,99902.4,105482.91,99902.4,723.89,1012.87,19110.16,TP,ACTIVE,21.0,bear
2025-11-04T16:00:00+00:00,2025-11-05T12:00:00+00:00,SHORT,100507.0,103040.5,103040.5,96960.11,764.41,-765.02,18345.15,SL,ACTIVE,21.0,bear
2025-11-05T08:00:00+00:00,2025-11-09T16:00:00+00:00,SHORT,102019.4,104664.51,104664.51,98316.24,733.81,-734.39,17610.75,SL,ACTIVE,23.0,bear
2025-11-09T12:00:00+00:00,2025-11-10T00:00:00+00:00,SHORT,103715.8,105693.28,105693.28,100947.33,704.43,-704.99,16905.76,SL,ACTIVE,22.0,bear
2025-11-09T20:00:00+00:00,2025-11-11T00:00:00+00:00,SHORT,104670.6,106678.17,106678.17,101860.0,676.23,-676.77,16228.99,SL,ACTIVE,22.0,bear
2025-11-10T20:00:00+00:00,2025-11-11T12:00:00+00:00,SHORT,105966.3,103140.21,107984.93,103140.21,649.16,908.3,17137.29,TP,ACTIVE,29.0,bear
2025-11-11T08:00:00+00:00,2025-11-12T12:00:00+00:00,SHORT,105256.2,102361.03,107324.18,102361.03,685.49,959.14,18096.43,TP,ACTIVE,26.0,bear
2025-11-12T08:00:00+00:00,2025-11-12T16:00:00+00:00,SHORT,104979.9,102180.38,106979.56,102180.38,723.86,1012.82,19109.25,TP,ACTIVE,24.0,bear
2025-11-12T12:00:00+00:00,2025-11-13T16:00:00+00:00,SHORT,102124.9,99015.8,104345.69,99015.8,764.37,1069.51,20178.76,TP,ACTIVE,24.0,bear
2025-11-13T12:00:00+00:00,2025-11-13T20:00:00+00:00,SHORT,101338.0,98043.44,103691.26,98043.44,807.15,1129.36,21308.13,TP,ACTIVE,15.0,bear
2025-11-13T16:00:00+00:00,2025-11-14T12:00:00+00:00,SHORT,98643.1,95074.51,101192.09,95074.51,852.33,1192.57,22500.7,TP,ACTIVE,15.0,bear
2025-11-14T08:00:00+00:00,2025-11-17T16:00:00+00:00,SHORT,96134.6,92272.55,98893.21,92272.55,900.03,1259.32,23760.02,TP,ACTIVE,16.0,bear
2025-11-17T12:00:00+00:00,2025-11-18T00:00:00+00:00,SHORT,93915.7,90705.34,96208.82,90705.34,950.4,1329.8,25089.82,TP,ACTIVE,14.0,bear
2025-11-17T20:00:00+00:00,2025-11-19T16:00:00+00:00,SHORT,92169.7,88838.18,94549.36,88838.18,1003.59,1404.23,26494.05,TP,ACTIVE,14.0,bear
2025-11-19T12:00:00+00:00,2025-11-20T00:00:00+00:00,SHORT,89901.0,92337.64,92337.64,86489.7,1059.76,-1060.61,25433.44,SL,ACTIVE,15.0,bear
2025-11-19T20:00:00+00:00,2025-11-20T16:00:00+00:00,SHORT,91508.9,87895.74,94089.73,87895.74,1017.34,1423.46,26856.89,TP,ACTIVE,15.0,bear
2025-11-20T12:00:00+00:00,2025-11-21T00:00:00+00:00,SHORT,89835.4,86219.41,92418.25,86219.41,1074.28,1503.13,28360.02,TP,ACTIVE,11.0,bear
2025-11-20T20:00:00+00:00,2025-11-21T04:00:00+00:00,SHORT,86601.3,82663.12,89414.28,82663.12,1134.4,1587.25,29947.27,TP,ACTIVE,11.0,bear
2025-11-21T00:00:00+00:00,2025-11-21T08:00:00+00:00,SHORT,85782.5,81799.01,88627.85,81799.01,1197.89,1676.09,31623.36,TP,ACTIVE,14.0,bear
2025-11-21T04:00:00+00:00,2025-11-23T12:00:00+00:00,SHORT,84006.7,87206.19,87206.19,79527.42,1264.93,-1265.95,30357.42,SL,ADVISORY,14.0,bear
2025-11-23T08:00:00+00:00,2025-11-24T20:00:00+00:00,SHORT,86290.3,88979.39,88979.39,82525.58,1214.3,-1215.27,29142.15,SL,ACTIVE,13.0,bear
2025-11-24T16:00:00+00:00,2025-11-27T00:00:00+00:00,SHORT,88277.0,90811.53,90811.53,84728.66,1165.69,-1166.62,27975.53,SL,ACTIVE,19.0,bear
2025-11-27T08:00:00+00:00,2025-12-01T00:00:00+00:00,SHORT,91334.9,88238.13,93546.88,88238.13,1119.02,1565.73,29541.26,TP,ACTIVE,22.0,bear
2025-11-30T20:00:00+00:00,2025-12-01T04:00:00+00:00,LONG,90320.6,88857.11,88857.11,92369.49,1181.65,-1182.6,28358.67,SL,ACTIVE,28.0,bull
2025-12-01T00:00:00+00:00,2025-12-01T12:00:00+00:00,SHORT,86319.2,84139.34,88317.41,84139.34,1134.35,1236.56,29595.23,TP,ACTIVE,24.0,bear
2025-12-01T08:00:00+00:00,2025-12-02T12:00:00+00:00,SHORT,86100.1,87847.3,87847.3,83654.02,1183.81,-1184.76,28410.47,SL,ACTIVE,24.0,bear
2025-12-02T08:00:00+00:00,2025-12-02T16:00:00+00:00,SHORT,87326.9,89239.93,89239.93,84648.65,1136.42,-1137.33,27273.15,SL,ACTIVE,23.0,bear
2025-12-02T12:00:00+00:00,2025-12-03T04:00:00+00:00,LONG,90809.2,93481.68,88359.43,93481.68,1090.93,1189.23,28462.37,TP,ADVISORY,23.0,bull
2025-12-03T00:00:00+00:00,2025-12-05T12:00:00+00:00,LONG,92589.2,90252.01,90252.01,95861.27,1138.49,-1139.41,27322.97,SL,ADVISORY,28.0,bull
2025-12-05T08:00:00+00:00,2025-12-05T16:00:00+00:00,LONG,91307.9,89270.41,89270.41,94160.39,1092.92,-1093.79,26229.18,SL,ACTIVE,28.0,bull
2025-12-08T04:00:00+00:00,2025-12-08T12:00:00+00:00,LONG,91519.8,89556.59,89556.59,94268.29,1049.17,-1050.01,25179.17,SL,ACTIVE,20.0,bull
2025-12-08T08:00:00+00:00,2025-12-08T16:00:00+00:00,LONG,91923.5,90011.7,90011.7,94600.02,1007.17,-1007.97,24171.2,SL,ACTIVE,20.0,bull
2025-12-09T00:00:00+00:00,2025-12-09T12:00:00+00:00,SHORT,90364.0,92319.06,92319.06,87626.92,966.85,-967.62,23203.58,SL,ACTIVE,22.0,bear
2025-12-09T08:00:00+00:00,2025-12-09T16:00:00+00:00,SHORT,90341.9,92215.56,92215.56,87718.78,928.14,-928.89,22274.69,SL,ACTIVE,22.0,bear
2025-12-09T16:00:00+00:00,2025-12-10T12:00:00+00:00,LONG,93761.9,91653.02,91653.02,96714.33,890.99,-891.7,21382.99,SL,ACTIVE,22.0,bull
2025-12-10T08:00:00+00:00,2025-12-11T00:00:00+00:00,LONG,92085.5,90092.57,90092.57,94875.6,855.32,-856.0,20526.99,SL,ACTIVE,26.0,bull
2025-12-10T20:00:00+00:00,2025-12-11T04:00:00+00:00,LONG,91977.5,89877.67,89877.67,94917.26,821.08,-821.74,19705.25,SL,ACTIVE,26.0,bull
2025-12-11T16:00:00+00:00,2025-12-14T08:00:00+00:00,LONG,90793.5,88627.65,88627.65,93825.69,788.21,-788.84,18916.41,SL,ACTIVE,29.0,bull
2025-12-14T12:00:00+00:00,2025-12-15T12:00:00+00:00,SHORT,88985.2,86894.67,90478.44,86894.67,756.66,1058.71,19975.12,TP,ACTIVE,21.0,bear
2025-12-15T12:00:00+00:00,2025-12-17T12:00:00+00:00,SHORT,86996.6,88744.97,88744.97,84548.88,799.0,-799.64,19175.48,SL,ACTIVE,16.0,bear
2025-12-17T08:00:00+00:00,2025-12-18T12:00:00+00:00,SHORT,86939.3,88702.06,88702.06,84471.44,767.02,-767.63,18407.85,SL,ACTIVE,16.0,bear
2025-12-18T08:00:00+00:00,2025-12-18T16:00:00+00:00,SHORT,87268.1,84620.25,89159.42,84620.25,736.31,1030.25,19438.1,TP,ACTIVE,17.0,bear
2025-12-18T12:00:00+00:00,2025-12-18T20:00:00+00:00,SHORT,88480.8,85665.1,90492.02,85665.1,777.52,1087.91,20526.01,TP,ACTIVE,17.0,bear
2025-12-18T16:00:00+00:00,2025-12-19T00:00:00+00:00,SHORT,84447.0,86981.01,86981.01,81682.63,821.04,-821.7,19704.31,SL,ACTIVE,17.0,bear
2025-12-18T20:00:00+00:00,2025-12-19T04:00:00+00:00,SHORT,85469.7,87757.87,87757.87,82266.26,788.17,-788.8,18915.51,SL,ACTIVE,17.0,bear
2025-12-19T00:00:00+00:00,2025-12-19T12:00:00+00:00,SHORT,86863.1,89254.33,89254.33,83515.38,756.62,-757.23,18158.28,SL,ACTIVE,16.0,bear
2025-12-21T00:00:00+00:00,2025-12-22T08:00:00+00:00,SHORT,88043.2,89853.2,89853.2,86068.66,726.33,-726.91,17431.37,SL,ACTIVE,20.0,bear
2025-12-22T04:00:00+00:00,2025-12-23T04:00:00+00:00,LONG,89127.7,87604.12,87604.12,91260.72,697.25,-697.81,16733.56,SL,ACTIVE,25.0,bull
2025-12-24T04:00:00+00:00,2025-12-25T12:00:00+00:00,SHORT,86868.1,88501.21,88501.21,84581.75,669.34,-669.88,16063.68,SL,ACTIVE,24.0,bear
2025-12-29T00:00:00+00:00,2025-12-29T08:00:00+00:00,LONG,90091.6,88949.4,88949.4,91690.68,642.55,-643.06,15420.62,SL,ACTIVE,24.0,bull
2025-12-29T04:00:00+00:00,2025-12-29T12:00:00+00:00,LONG,89583.0,88423.25,88423.25,91206.65,616.82,-617.32,14803.3,SL,ACTIVE,24.0,bull
2025-12-30T20:00:00+00:00,2026-01-02T16:00:00+00:00,LONG,88455.3,90316.18,87126.1,90316.18,592.13,828.51,15631.81,TP,ACTIVE,23.0,bull
2026-01-02T12:00:00+00:00,2026-01-04T00:00:00+00:00,LONG,89373.1,91056.24,88170.86,91056.24,625.27,874.88,16506.69,TP,ACTIVE,28.0,bull
2026-01-03T20:00:00+00:00,2026-01-05T00:00:00+00:00,LONG,90595.8,92241.15,89420.55,92241.15,660.27,923.85,17430.54,TP,ACTIVE,29.0,bull
2026-01-04T20:00:00+00:00,2026-01-05T08:00:00+00:00,LONG,91497.1,92997.36,90425.49,92997.36,697.22,975.55,18406.09,TP,ACTIVE,25.0,bull
2026-01-05T04:00:00+00:00,2026-01-05T16:00:00+00:00,LONG,92492.1,94173.87,91290.84,94173.87,736.24,1030.15,19436.24,TP,ACTIVE,26.0,bull
2026-01-05T12:00:00+00:00,2026-01-06T16:00:00+00:00,LONG,93899.9,92606.14,92606.14,95711.17,777.45,-778.07,18658.17,SL,ACTIVE,26.0,bull
2026-01-06T12:00:00+00:00,2026-01-06T20:00:00+00:00,LONG,93608.2,92273.6,92273.6,95476.64,746.33,-746.92,17911.25,SL,ACTIVE,44.0,bull
2026-01-06T16:00:00+00:00,2026-01-08T04:00:00+00:00,LONG,92062.2,90552.94,90552.94,94175.16,716.45,-717.02,17194.22,SL,ACTIVE,44.0,bull
2026-01-08T00:00:00+00:00,2026-01-13T12:00:00+00:00,LONG,90780.1,93011.97,89185.91,93011.97,687.77,962.33,18156.55,TP,ACTIVE,28.0,bull
2026-01-13T08:00:00+00:00,2026-01-13T16:00:00+00:00,LONG,91962.1,93844.45,90617.56,93844.45,726.26,1016.19,19172.74,TP,ACTIVE,26.0,bull
2026-01-13T12:00:00+00:00,2026-01-13T20:00:00+00:00,LONG,93407.9,95411.91,91976.47,95411.91,766.91,1073.06,20245.8,TP,ACTIVE,26.0,bull
2026-01-13T16:00:00+00:00,2026-01-14T12:00:00+00:00,LONG,94179.5,96217.24,92723.97,96217.24,809.83,1133.12,21378.91,TP,ACTIVE,26.0,bull
2026-01-14T08:00:00+00:00,2026-01-14T16:00:00+00:00,LONG,94763.6,96972.23,93186.01,96972.23,855.16,1196.53,22575.45,TP,ACTIVE,48.0,bull
2026-01-14T12:00:00+00:00,2026-01-16T12:00:00+00:00,LONG,96691.9,94963.74,94963.74,99111.32,903.02,-903.74,21671.71,SL,ACTIVE,48.0,bull
2026-01-16T08:00:00+00:00,2026-01-18T20:00:00+00:00,LONG,95382.6,93752.25,93752.25,97665.1,866.87,-867.56,20804.15,SL,ACTIVE,49.0,bull
2026-01-18T16:00:00+00:00,2026-01-19T00:00:00+00:00,LONG,95335.6,94304.17,94304.17,96779.61,832.17,-832.83,19971.31,SL,ACTIVE,49.0,bull
2026-01-18T20:00:00+00:00,2026-01-19T04:00:00+00:00,LONG,93614.0,92448.41,92448.41,95245.82,798.85,-799.49,19171.82,SL,ACTIVE,49.0,bull
2026-01-19T00:00:00+00:00,2026-01-20T04:00:00+00:00,LONG,92656.6,91379.9,91379.9,94443.98,766.87,-767.49,18404.34,SL,ACTIVE,44.0,bull
2026-01-20T00:00:00+00:00,2026-01-20T08:00:00+00:00,LONG,92397.0,91211.39,91211.39,94056.86,736.17,-736.76,17667.57,SL,ACTIVE,32.0,bull
2026-01-20T20:00:00+00:00,2026-01-21T04:00:00+00:00,SHORT,88390.6,89941.63,89941.63,86219.16,706.7,-707.27,16960.31,SL,ACTIVE,32.0,bear
2026-01-21T20:00:00+00:00,2026-01-25T16:00:00+00:00,SHORT,89411.4,86737.5,91321.33,86737.5,678.41,949.23,17909.54,TP,ACTIVE,24.0,bear
2026-01-25T12:00:00+00:00,2026-01-25T20:00:00+00:00,SHORT,88406.0,86804.2,89550.14,86804.2,716.38,1002.36,18911.9,TP,ACTIVE,25.0,bear
2026-01-25T16:00:00+00:00,2026-01-26T00:00:00+00:00,SHORT,86459.4,87769.32,87769.32,84625.52,756.48,-757.08,18154.82,SL,ACTIVE,25.0,bear
2026-01-25T20:00:00+00:00,2026-01-26T04:00:00+00:00,SHORT,86628.9,87946.47,87946.47,84784.3,726.19,-726.77,17428.05,SL,ACTIVE,25.0,bear
2026-01-26T00:00:00+00:00,2026-01-26T12:00:00+00:00,SHORT,87233.1,88612.86,88612.86,85301.44,697.12,-697.68,16730.37,SL,ACTIVE,20.0,bear
2026-01-26T08:00:00+00:00,2026-01-27T20:00:00+00:00,SHORT,87810.0,89173.22,89173.22,85901.49,669.21,-669.75,16060.62,SL,ACTIVE,20.0,bear
2026-01-27T16:00:00+00:00,2026-01-28T08:00:00+00:00,SHORT,88378.1,89858.93,89858.93,86304.94,642.42,-642.94,15417.68,SL,ACTIVE,29.0,bear
2026-01-28T04:00:00+00:00,2026-01-28T16:00:00+00:00,SHORT,89106.8,90513.99,90513.99,87136.73,616.71,-617.2,14800.48,SL,ACTIVE,29.0,bear
2026-01-28T12:00:00+00:00,2026-01-29T12:00:00+00:00,SHORT,89444.4,87327.2,90956.69,87327.2,592.02,828.35,15628.83,TP,ACTIVE,29.0,bear
2026-01-29T08:00:00+00:00,2026-01-29T16:00:00+00:00,SHORT,87795.2,85624.73,89345.54,85624.73,625.15,874.71,16503.54,TP,ACTIVE,26.0,bear
2026-01-29T12:00:00+00:00,2026-01-30T00:00:00+00:00,SHORT,84898.0,82312.89,86744.51,82312.89,660.14,923.67,17427.22,TP,ACTIVE,26.0,bear
2026-01-29T20:00:00+00:00,2026-01-30T16:00:00+00:00,SHORT,84604.7,81924.08,86519.43,81924.08,697.09,975.37,18402.58,TP,ACTIVE,26.0,bear
2026-01-30T12:00:00+00:00,2026-01-31T16:00:00+00:00,SHORT,82850.2,79866.95,84981.09,79866.95,736.1,1029.96,19432.54,TP,ACTIVE,16.0,bear
2026-01-31T12:00:00+00:00,2026-01-31T20:00:00+00:00,SHORT,81268.6,78305.04,83385.43,78305.04,777.3,1087.6,20520.14,TP,ACTIVE,20.0,bear
2026-01-31T16:00:00+00:00,2026-02-03T16:00:00+00:00,SHORT,77707.9,74487.72,80659.73,74487.72,820.81,894.77,21414.9,TP,ACTIVE,20.0,bear
2026-02-03T12:00:00+00:00,2026-02-03T20:00:00+00:00,SHORT,78094.1,74705.17,80514.76,74705.17,856.6,1198.55,22613.45,TP,ACTIVE,17.0,bear
2026-02-03T16:00:00+00:00,2026-02-05T00:00:00+00:00,SHORT,74893.8,71526.34,77980.64,71526.34,904.54,986.05,23599.5,TP,ADVISORY,17.0,bear
2026-02-04T20:00:00+00:00,2026-02-05T12:00:00+00:00,SHORT,73137.4,69254.92,75910.6,69254.92,943.98,1320.82,24920.32,TP,ADVISORY,14.0,bear
2026-02-05T08:00:00+00:00,2026-02-05T16:00:00+00:00,SHORT,70279.0,66361.91,73076.92,66361.91,996.81,1394.74,26315.06,TP,ADVISORY,12.0,bear
2026-02-09T08:00:00+00:00,2026-02-23T00:00:00+00:00,SHORT,68899.9,64938.81,71729.25,64938.81,1052.6,1472.8,27787.86,TP,ADVISORY,14.0,bear
2026-02-23T00:00:00+00:00,2026-02-23T08:00:00+00:00,SHORT,64894.0,66436.58,66436.58,63211.18,1111.51,-1112.4,26675.45,SL,ACTIVE,5.0,bear
2026-02-23T04:00:00+00:00,2026-02-23T20:00:00+00:00,SHORT,65915.8,63890.02,67362.79,63890.02,1067.02,1492.97,28168.43,TP,ACTIVE,5.0,bear
2026-02-23T16:00:00+00:00,2026-02-25T00:00:00+00:00,SHORT,64273.9,65803.92,65803.92,62131.88,1126.74,-1127.64,27040.79,SL,ACTIVE,5.0,bear
2026-02-24T20:00:00+00:00,2026-02-25T04:00:00+00:00,SHORT,64031.3,65602.36,65602.36,61831.81,1081.63,-1082.5,25958.29,SL,ACTIVE,8.0,bear
2026-02-25T00:00:00+00:00,2026-02-25T12:00:00+00:00,SHORT,65361.7,67078.45,67078.45,62958.25,1038.33,-1039.16,24919.13,SL,ACTIVE,11.0,bear
2026-02-25T08:00:00+00:00,2026-02-25T16:00:00+00:00,SHORT,65396.7,67046.96,67046.96,63086.33,996.77,-997.56,23921.57,SL,ACTIVE,11.0,bear
2026-02-25T16:00:00+00:00,2026-02-26T12:00:00+00:00,LONG,69005.2,67123.38,67123.38,71639.75,717.65,-718.22,23203.34,SL,ADVISORY,11.0,bull
2026-02-27T08:00:00+00:00,2026-02-28T04:00:00+00:00,SHORT,66094.1,63438.63,67990.87,63438.63,928.13,1298.64,24501.99,TP,ACTIVE,13.0,bear
2026-02-28T00:00:00+00:00,2026-02-28T08:00:00+00:00,SHORT,65763.8,63382.28,67464.89,63382.28,980.08,1371.33,25873.32,TP,ACTIVE,11.0,bear
2026-02-28T04:00:00+00:00,2026-02-28T16:00:00+00:00,SHORT,63788.4,65668.76,65668.76,61155.89,1034.93,-1035.76,24837.56,SL,ACTIVE,11.0,bear
2026-02-28T12:00:00+00:00,2026-02-28T20:00:00+00:00,SHORT,64800.0,66682.7,66682.7,62164.22,993.5,-994.3,23843.26,SL,ACTIVE,11.0,bear
2026-02-28T16:00:00+00:00,2026-03-02T12:00:00+00:00,SHORT,66318.1,68281.45,68281.45,63569.42,953.73,-954.49,22888.77,SL,ACTIVE,11.0,bear
