entry_time,exit_time,side,pnl_usd,equity,exit_type,regime
2023-01-24T00:00:00+00:00,2023-01-25T00:00:00+00:00,LONG,-200.16,9799.84,SL,bull
2023-01-25T20:00:00+00:00,2023-02-02T00:00:00+00:00,LONG,293.84,10093.68,TP,bull
2023-02-01T20:00:00+00:00,2023-02-05T12:00:00+00:00,LONG,-202.04,9891.64,SL,bull
2023-02-05T08:00:00+00:00,2023-02-06T04:00:00+00:00,SHORT,296.59,10188.23,TP,bear
2023-02-06T00:00:00+00:00,2023-02-08T00:00:00+00:00,SHORT,-203.93,9984.31,SL,bear
2023-02-07T20:00:00+00:00,2023-02-08T16:00:00+00:00,LONG,-199.85,9784.46,SL,bull
2023-02-09T00:00:00+00:00,2023-02-10T04:00:00+00:00,SHORT,293.38,10077.84,TP,bear
2023-02-10T00:00:00+00:00,2023-02-15T08:00:00+00:00,SHORT,-201.72,9876.12,SL,bear
2023-02-15T04:00:00+00:00,2023-02-15T12:00:00+00:00,SHORT,-197.68,9678.44,SL,bear
2023-02-15T08:00:00+00:00,2023-02-15T16:00:00+00:00,SHORT,-193.72,9484.72,SL,bear
2023-02-15T12:00:00+00:00,2023-02-15T20:00:00+00:00,SHORT,-189.85,9294.87,SL,bear
2023-02-15T20:00:00+00:00,2023-02-16T20:00:00+00:00,LONG,-186.05,9108.82,SL,bull
2023-02-16T16:00:00+00:00,2023-02-17T00:00:00+00:00,LONG,-182.32,8926.5,SL,bull
2023-02-16T20:00:00+00:00,2023-02-17T16:00:00+00:00,SHORT,-178.67,8747.83,SL,bear
2023-02-17T12:00:00+00:00,2023-02-19T16:00:00+00:00,SHORT,-175.1,8572.73,SL,bear
2023-02-19T12:00:00+00:00,2023-02-20T00:00:00+00:00,LONG,-171.59,8401.14,SL,bull
2023-02-19T20:00:00+00:00,2023-02-20T12:00:00+00:00,SHORT,-168.16,8232.98,SL,bear
2023-02-20T08:00:00+00:00,2023-02-22T00:00:00+00:00,LONG,-164.79,8068.19,SL,bull
2023-02-22T00:00:00+00:00,2023-02-24T16:00:00+00:00,SHORT,241.92,8310.11,TP,bear
2023-02-24T12:00:00+00:00,2023-03-03T00:00:00+00:00,SHORT,249.17,8559.28,TP,bear
2023-03-02T20:00:00+00:00,2023-03-03T04:00:00+00:00,LONG,-171.32,8387.96,SL,bull
2023-03-03T00:00:00+00:00,2023-03-09T16:00:00+00:00,SHORT,251.5,8639.46,TP,bear
2023-03-09T12:00:00+00:00,2023-03-09T20:00:00+00:00,SHORT,259.05,8898.51,TP,bear
2023-03-09T16:00:00+00:00,2023-03-10T00:00:00+00:00,SHORT,266.81,9165.32,TP,bear
2023-03-09T20:00:00+00:00,2023-03-12T16:00:00+00:00,SHORT,-183.45,8981.87,SL,bear
2023-03-12T12:00:00+00:00,2023-03-12T20:00:00+00:00,SHORT,-179.78,8802.09,SL,bear
2023-03-12T16:00:00+00:00,2023-03-13T00:00:00+00:00,SHORT,-176.18,8625.9,SL,bear
2023-03-12T20:00:00+00:00,2023-03-13T12:00:00+00:00,LONG,258.64,8884.54,TP,bull
2023-03-13T08:00:00+00:00,2023-03-13T16:00:00+00:00,LONG,266.39,9150.94,TP,bull
2023-03-13T12:00:00+00:00,2023-03-14T12:00:00+00:00,LONG,274.38,9425.32,TP,bull
2023-03-14T08:00:00+00:00,2023-03-17T08:00:00+00:00,LONG,282.61,9707.93,TP,bull
2023-03-17T04:00:00+00:00,2023-03-19T16:00:00+00:00,LONG,291.08,9999.01,TP,bull
2023-03-19T12:00:00+00:00,2023-04-10T20:00:00+00:00,LONG,299.81,10298.82,TP,bull
2023-04-10T16:00:00+00:00,2023-04-11T00:00:00+00:00,LONG,308.8,10607.62,TP,bull
2023-04-10T20:00:00+00:00,2023-04-13T12:00:00+00:00,LONG,318.06,10925.68,TP,bull
2023-04-13T08:00:00+00:00,2023-04-17T08:00:00+00:00,LONG,-218.69,10706.99,SL,bull
2023-04-17T04:00:00+00:00,2023-04-17T12:00:00+00:00,LONG,-214.31,10492.68,SL,bull
2023-04-17T08:00:00+00:00,2023-04-19T08:00:00+00:00,LONG,-210.02,10282.66,SL,bull
2023-04-19T04:00:00+00:00,2023-04-19T12:00:00+00:00,LONG,-205.82,10076.84,SL,bull
2023-04-19T08:00:00+00:00,2023-04-20T12:00:00+00:00,LONG,-201.7,9875.14,SL,bull
2023-04-20T12:00:00+00:00,2023-04-21T16:00:00+00:00,SHORT,296.1,10171.24,TP,bear
2023-04-21T12:00:00+00:00,2023-04-26T08:00:00+00:00,SHORT,-203.59,9967.65,SL,bear
2023-04-26T04:00:00+00:00,2023-04-26T12:00:00+00:00,SHORT,-199.51,9768.14,SL,bear
2023-04-26T16:00:00+00:00,2023-04-27T00:00:00+00:00,SHORT,-195.52,9572.62,SL,bear
2023-04-26T20:00:00+00:00,2023-04-27T16:00:00+00:00,SHORT,-191.61,9381.01,SL,bear
2023-04-27T12:00:00+00:00,2023-05-10T16:00:00+00:00,SHORT,281.28,9662.29,TP,bear
2023-05-10T12:00:00+00:00,2023-05-11T12:00:00+00:00,SHORT,289.71,9952.01,TP,bear
2023-05-11T08:00:00+00:00,2023-05-12T16:00:00+00:00,SHORT,298.4,10250.41,TP,bear
2023-05-12T12:00:00+00:00,2023-05-14T12:00:00+00:00,SHORT,-205.17,10045.24,SL,bear
2023-05-14T08:00:00+00:00,2023-05-15T04:00:00+00:00,SHORT,-201.07,9844.17,SL,bear
2023-05-15T00:00:00+00:00,2023-05-24T12:00:00+00:00,SHORT,295.17,10139.34,TP,bear
2023-05-24T12:00:00+00:00,2023-05-26T12:00:00+00:00,SHORT,-202.95,9936.39,SL,bear
2023-05-27T08:00:00+00:00,2023-05-28T00:00:00+00:00,SHORT,-198.89,9737.5,SL,bear
2023-05-28T20:00:00+00:00,2023-05-31T04:00:00+00:00,LONG,-194.91,9542.6,SL,bull
2023-05-31T00:00:00+00:00,2023-05-31T08:00:00+00:00,LONG,-191.0,9351.59,SL,bull
2023-05-31T08:00:00+00:00,2023-06-05T12:00:00+00:00,LONG,-187.18,9164.41,SL,bull
2023-06-05T12:00:00+00:00,2023-06-06T16:00:00+00:00,SHORT,-183.43,8980.98,SL,bear
2023-06-06T12:00:00+00:00,2023-06-06T20:00:00+00:00,SHORT,-179.76,8801.21,SL,bear
2023-06-07T12:00:00+00:00,2023-06-14T20:00:00+00:00,SHORT,263.9,9065.11,TP,bear
2023-06-14T16:00:00+00:00,2023-06-15T00:00:00+00:00,SHORT,271.81,9336.92,TP,bear
2023-06-14T20:00:00+00:00,2023-06-16T12:00:00+00:00,SHORT,-186.89,9150.03,SL,bear
2023-06-16T08:00:00+00:00,2023-06-16T16:00:00+00:00,SHORT,-183.15,8966.88,SL,bear
2023-06-16T12:00:00+00:00,2023-06-17T04:00:00+00:00,SHORT,-179.48,8787.4,SL,bear
2023-06-17T00:00:00+00:00,2023-06-19T16:00:00+00:00,SHORT,-175.89,8611.51,SL,bear
2023-06-19T12:00:00+00:00,2023-06-20T16:00:00+00:00,LONG,258.21,8869.72,TP,bull
2023-06-20T12:00:00+00:00,2023-06-20T20:00:00+00:00,LONG,265.95,9135.67,TP,bull
2023-06-20T16:00:00+00:00,2023-06-21T00:00:00+00:00,LONG,273.92,9409.59,TP,bull
2023-06-20T20:00:00+00:00,2023-06-21T12:00:00+00:00,LONG,282.14,9691.73,TP,bull
2023-06-21T08:00:00+00:00,2023-06-21T16:00:00+00:00,LONG,290.6,9982.33,TP,bull
2023-06-21T12:00:00+00:00,2023-06-23T12:00:00+00:00,LONG,299.31,10281.64,TP,bull
2023-06-23T08:00:00+00:00,2023-07-06T08:00:00+00:00,LONG,308.28,10589.92,TP,bull
2023-07-07T04:00:00+00:00,2023-07-10T16:00:00+00:00,SHORT,-211.97,10377.95,SL,bear
2023-07-13T08:00:00+00:00,2023-07-13T16:00:00+00:00,LONG,311.17,10689.13,TP,bull
2023-07-13T12:00:00+00:00,2023-07-14T16:00:00+00:00,LONG,-213.95,10475.17,SL,bull
2023-07-14T12:00:00+00:00,2023-07-14T20:00:00+00:00,LONG,-209.67,10265.5,SL,bull
2023-07-14T16:00:00+00:00,2023-08-01T00:00:00+00:00,SHORT,307.8,10573.3,TP,bear
2023-08-01T00:00:00+00:00,2023-08-01T16:00:00+00:00,SHORT,-211.64,10361.67,SL,bear
2023-08-01T20:00:00+00:00,2023-08-02T12:00:00+00:00,LONG,-207.4,10154.27,SL,bull
2023-08-02T08:00:00+00:00,2023-08-02T16:00:00+00:00,LONG,-203.25,9951.02,SL,bull
2023-08-08T12:00:00+00:00,2023-08-08T20:00:00+00:00,LONG,298.37,10249.39,TP,bull
2023-08-08T16:00:00+00:00,2023-08-09T16:00:00+00:00,LONG,-205.15,10044.24,SL,bull
2023-08-09T12:00:00+00:00,2023-08-11T16:00:00+00:00,LONG,-201.05,9843.19,SL,bull
2023-08-11T20:00:00+00:00,2023-08-16T16:00:00+00:00,LONG,-197.02,9646.17,SL,bull
2023-08-17T08:00:00+00:00,2023-08-17T16:00:00+00:00,SHORT,289.23,9935.4,TP,bear
2023-08-17T12:00:00+00:00,2023-08-17T20:00:00+00:00,SHORT,297.9,10233.31,TP,bear
2023-08-17T16:00:00+00:00,2023-08-18T00:00:00+00:00,SHORT,306.84,10540.14,TP,bear
2023-08-17T20:00:00+00:00,2023-08-29T12:00:00+00:00,SHORT,-210.97,10329.17,SL,bear
2023-08-29T12:00:00+00:00,2023-08-31T12:00:00+00:00,LONG,-206.75,10122.42,SL,bull
2023-08-31T08:00:00+00:00,2023-08-31T16:00:00+00:00,LONG,-202.61,9919.81,SL,bull
2023-08-31T12:00:00+00:00,2023-08-31T20:00:00+00:00,LONG,-198.55,9721.26,SL,bull
2023-08-31T16:00:00+00:00,2023-09-01T16:00:00+00:00,LONG,-194.58,9526.68,SL,bull
2023-09-01T12:00:00+00:00,2023-09-12T16:00:00+00:00,SHORT,-190.69,9335.99,SL,bear
2023-09-12T12:00:00+00:00,2023-09-18T08:00:00+00:00,LONG,279.93,9615.92,TP,bull
2023-09-18T04:00:00+00:00,2023-09-18T12:00:00+00:00,LONG,288.32,9904.24,TP,bull
2023-09-18T08:00:00+00:00,2023-09-18T16:00:00+00:00,LONG,-198.24,9706.0,SL,bull
2023-09-18T12:00:00+00:00,2023-09-18T20:00:00+00:00,LONG,-194.28,9511.73,SL,bull
2023-09-18T16:00:00+00:00,2023-09-24T20:00:00+00:00,LONG,-190.39,9321.34,SL,bull
2023-09-25T00:00:00+00:00,2023-09-27T08:00:00+00:00,SHORT,-186.58,9134.76,SL,bear
2023-09-27T04:00:00+00:00,2023-09-27T12:00:00+00:00,SHORT,-182.84,8951.92,SL,bear
2023-09-27T12:00:00+00:00,2023-09-28T12:00:00+00:00,SHORT,-179.18,8772.74,SL,bear
2023-09-29T00:00:00+00:00,2023-10-01T20:00:00+00:00,SHORT,-175.6,8597.14,SL,bear
2023-10-01T20:00:00+00:00,2023-10-02T20:00:00+00:00,LONG,-172.08,8425.06,SL,bull
2023-10-02T16:00:00+00:00,2023-10-03T12:00:00+00:00,LONG,-168.64,8256.43,SL,bull
2023-10-03T08:00:00+00:00,2023-10-11T12:00:00+00:00,LONG,-165.26,8091.17,SL,bull
2023-10-11T08:00:00+00:00,2023-10-16T04:00:00+00:00,SHORT,-161.95,7929.21,SL,bear
2023-10-16T00:00:00+00:00,2023-10-16T08:00:00+00:00,SHORT,-158.71,7770.5,SL,bear
2023-10-16T12:00:00+00:00,2023-10-20T00:00:00+00:00,LONG,232.99,8003.49,TP,bull
2023-10-19T20:00:00+00:00,2023-10-20T08:00:00+00:00,LONG,239.98,8243.47,TP,bull
2023-10-20T04:00:00+00:00,2023-10-23T00:00:00+00:00,LONG,247.17,8490.64,TP,bull
2023-10-22T20:00:00+00:00,2023-10-23T16:00:00+00:00,LONG,254.58,8745.23,TP,bull
2023-10-23T12:00:00+00:00,2023-10-23T20:00:00+00:00,LONG,262.22,9007.44,TP,bull
2023-10-23T16:00:00+00:00,2023-10-24T00:00:00+00:00,LONG,270.08,9277.52,TP,bull
2023-10-23T20:00:00+00:00,2023-11-01T20:00:00+00:00,LONG,278.18,9555.7,TP,bull
2023-11-01T20:00:00+00:00,2023-11-02T16:00:00+00:00,LONG,-191.27,9364.43,SL,bull
2023-11-03T12:00:00+00:00,2023-11-09T00:00:00+00:00,LONG,280.78,9645.22,TP,bull
2023-11-09T00:00:00+00:00,2023-11-09T12:00:00+00:00,LONG,289.2,9934.42,TP,bull
2023-11-09T08:00:00+00:00,2023-11-09T16:00:00+00:00,LONG,-198.85,9735.57,SL,bull
2023-11-09T12:00:00+00:00,2023-11-14T12:00:00+00:00,LONG,-194.87,9540.7,SL,bull
2023-11-14T08:00:00+00:00,2023-11-14T16:00:00+00:00,LONG,-190.97,9349.74,SL,bull
2023-11-14T12:00:00+00:00,2023-11-15T16:00:00+00:00,LONG,280.34,9630.08,TP,bull
2023-11-15T12:00:00+00:00,2023-11-24T08:00:00+00:00,LONG,288.75,9918.83,TP,bull
2023-11-24T04:00:00+00:00,2023-12-01T16:00:00+00:00,LONG,297.41,10216.23,TP,bull
2023-12-01T12:00:00+00:00,2023-12-02T16:00:00+00:00,LONG,306.32,10522.56,TP,bull
2023-12-02T12:00:00+00:00,2023-12-03T20:00:00+00:00,LONG,315.51,10838.07,TP,bull
2023-12-03T16:00:00+00:00,2023-12-04T00:00:00+00:00,LONG,324.97,11163.03,TP,bull
2023-12-03T20:00:00+00:00,2023-12-04T04:00:00+00:00,LONG,334.71,11497.75,TP,bull
2023-12-04T00:00:00+00:00,2023-12-04T08:00:00+00:00,LONG,344.75,11842.5,TP,bull
2023-12-04T04:00:00+00:00,2023-12-05T16:00:00+00:00,LONG,355.09,12197.58,TP,bull
2023-12-05T12:00:00+00:00,2023-12-05T20:00:00+00:00,LONG,365.73,12563.31,TP,bull
2023-12-05T16:00:00+00:00,2023-12-11T00:00:00+00:00,LONG,-251.47,12311.85,SL,bull
2023-12-10T20:00:00+00:00,2023-12-11T04:00:00+00:00,LONG,-246.43,12065.41,SL,bull
2023-12-11T00:00:00+00:00,2023-12-11T16:00:00+00:00,SHORT,361.77,12427.18,TP,bear
2023-12-11T12:00:00+00:00,2023-12-13T20:00:00+00:00,SHORT,-248.74,12178.44,SL,bear
2023-12-13T16:00:00+00:00,2023-12-20T12:00:00+00:00,SHORT,-243.76,11934.68,SL,bear
2023-12-20T08:00:00+00:00,2023-12-26T16:00:00+00:00,LONG,-238.88,11695.79,SL,bull
2023-12-26T12:00:00+00:00,2023-12-29T20:00:00+00:00,LONG,-234.1,11461.69,SL,bull
2023-12-30T00:00:00+00:00,2024-01-01T16:00:00+00:00,SHORT,-229.42,11232.27,SL,bear
2024-01-02T00:00:00+00:00,2024-01-03T08:00:00+00:00,LONG,-224.83,11007.45,SL,bull
2024-01-03T04:00:00+00:00,2024-01-03T12:00:00+00:00,LONG,-220.33,10787.12,SL,bull
2024-01-03T16:00:00+00:00,2024-01-04T20:00:00+00:00,SHORT,-215.92,10571.21,SL,bear
2024-01-04T16:00:00+00:00,2024-01-08T16:00:00+00:00,LONG,316.97,10888.17,TP,bull
2024-01-08T12:00:00+00:00,2024-01-08T20:00:00+00:00,LONG,326.47,11214.64,TP,bull
2024-01-08T16:00:00+00:00,2024-01-09T20:00:00+00:00,LONG,-224.47,10990.17,SL,bull
2024-01-09T16:00:00+00:00,2024-01-10T08:00:00+00:00,LONG,-219.98,10770.19,SL,bull
2024-01-10T04:00:00+00:00,2024-01-11T12:00:00+00:00,LONG,322.93,11093.13,TP,bull
2024-01-11T08:00:00+00:00,2024-01-12T12:00:00+00:00,LONG,-222.04,10871.09,SL,bull
2024-01-12T08:00:00+00:00,2024-01-12T20:00:00+00:00,SHORT,325.96,11197.04,TP,bear
2024-01-12T16:00:00+00:00,2024-01-22T16:00:00+00:00,SHORT,335.73,11532.78,TP,bear
2024-01-22T12:00:00+00:00,2024-01-23T08:00:00+00:00,SHORT,345.8,11878.58,TP,bear
2024-01-23T04:00:00+00:00,2024-01-26T08:00:00+00:00,SHORT,-237.76,11640.81,SL,bear
2024-01-26T04:00:00+00:00,2024-01-26T12:00:00+00:00,SHORT,-233.0,11407.81,SL,bear
2024-01-26T08:00:00+00:00,2024-01-29T16:00:00+00:00,LONG,342.05,11749.86,TP,bull
2024-01-29T12:00:00+00:00,2024-02-07T20:00:00+00:00,LONG,352.31,12102.17,TP,bull
2024-02-07T16:00:00+00:00,2024-02-08T12:00:00+00:00,LONG,362.87,12465.04,TP,bull
2024-02-08T08:00:00+00:00,2024-02-09T00:00:00+00:00,LONG,373.75,12838.79,TP,bull
2024-02-08T20:00:00+00:00,2024-02-09T08:00:00+00:00,LONG,384.96,13223.75,TP,bull
2024-02-09T04:00:00+00:00,2024-02-09T16:00:00+00:00,LONG,396.5,13620.25,TP,bull
2024-02-09T12:00:00+00:00,2024-02-12T12:00:00+00:00,LONG,408.39,14028.64,TP,bull
2024-02-12T08:00:00+00:00,2024-02-12T16:00:00+00:00,LONG,420.63,14449.28,TP,bull
2024-02-12T12:00:00+00:00,2024-02-13T12:00:00+00:00,LONG,-289.22,14160.06,SL,bull
2024-02-13T08:00:00+00:00,2024-02-13T16:00:00+00:00,LONG,-283.43,13876.63,SL,bull
2024-02-13T12:00:00+00:00,2024-02-14T08:00:00+00:00,LONG,416.08,14292.71,TP,bull
2024-02-14T04:00:00+00:00,2024-02-14T12:00:00+00:00,LONG,428.55,14721.26,TP,bull
2024-02-14T08:00:00+00:00,2024-02-26T16:00:00+00:00,LONG,441.4,15162.67,TP,bull
2024-02-26T12:00:00+00:00,2024-02-26T20:00:00+00:00,LONG,454.64,15617.3,TP,bull
2024-02-26T16:00:00+00:00,2024-02-27T00:00:00+00:00,LONG,468.27,16085.57,TP,bull
2024-02-26T20:00:00+00:00,2024-02-27T04:00:00+00:00,LONG,482.31,16567.88,TP,bull
2024-02-27T00:00:00+00:00,2024-02-28T04:00:00+00:00,LONG,496.77,17064.65,TP,bull
2024-02-28T00:00:00+00:00,2024-02-28T08:00:00+00:00,LONG,511.67,17576.32,TP,bull
2024-02-28T04:00:00+00:00,2024-02-28T12:00:00+00:00,LONG,527.01,18103.33,TP,bull
2024-02-28T08:00:00+00:00,2024-02-28T16:00:00+00:00,LONG,542.81,18646.14,TP,bull
2024-02-28T12:00:00+00:00,2024-03-04T00:00:00+00:00,LONG,559.09,19205.22,TP,bull
2024-03-03T20:00:00+00:00,2024-03-04T12:00:00+00:00,LONG,575.85,19781.07,TP,bull
2024-03-04T08:00:00+00:00,2024-03-04T20:00:00+00:00,LONG,593.12,20374.19,TP,bull
2024-03-04T16:00:00+00:00,2024-03-05T04:00:00+00:00,LONG,-407.81,19966.38,SL,bull
2024-03-05T00:00:00+00:00,2024-03-05T08:00:00+00:00,LONG,-399.65,19566.73,SL,bull
2024-03-05T04:00:00+00:00,2024-03-05T16:00:00+00:00,LONG,-391.65,19175.08,SL,bull
2024-03-05T12:00:00+00:00,2024-03-05T20:00:00+00:00,LONG,-383.81,18791.28,SL,bull
2024-03-05T16:00:00+00:00,2024-03-06T04:00:00+00:00,SHORT,-376.13,18415.15,SL,bear
2024-03-06T00:00:00+00:00,2024-03-06T08:00:00+00:00,SHORT,-368.6,18046.55,SL,bear
2024-03-06T08:00:00+00:00,2024-03-13T08:00:00+00:00,LONG,541.11,18587.66,TP,bull
2024-03-13T04:00:00+00:00,2024-03-14T16:00:00+00:00,LONG,-372.05,18215.61,SL,bull
2024-03-14T12:00:00+00:00,2024-03-15T00:00:00+00:00,LONG,-364.6,17851.01,SL,bull
2024-03-14T20:00:00+00:00,2024-03-15T04:00:00+00:00,LONG,-357.31,17493.7,SL,bull
2024-03-15T00:00:00+00:00,2024-03-19T08:00:00+00:00,SHORT,524.53,18018.23,TP,bear
2024-03-19T04:00:00+00:00,2024-03-25T12:00:00+00:00,SHORT,-360.65,17657.58,SL,bear
2024-03-25T12:00:00+00:00,2024-04-02T00:00:00+00:00,LONG,-353.43,17304.14,SL,bull
2024-04-01T20:00:00+00:00,2024-04-02T04:00:00+00:00,LONG,-346.36,16957.78,SL,bull
2024-04-02T00:00:00+00:00,2024-04-07T16:00:00+00:00,LONG,508.46,17466.25,TP,bull
2024-04-08T08:00:00+00:00,2024-04-09T04:00:00+00:00,LONG,-349.6,17116.64,SL,bull
2024-04-09T12:00:00+00:00,2024-04-12T16:00:00+00:00,SHORT,513.23,17629.87,TP,bear
2024-04-12T12:00:00+00:00,2024-04-12T20:00:00+00:00,LONG,-352.88,17276.99,SL,bull
2024-04-12T16:00:00+00:00,2024-04-13T20:00:00+00:00,SHORT,518.03,17795.02,TP,bear
2024-04-13T20:00:00+00:00,2024-05-01T04:00:00+00:00,SHORT,533.57,18328.59,TP,bear
2024-05-01T00:00:00+00:00,2024-05-01T08:00:00+00:00,SHORT,549.56,18878.15,TP,bear
2024-05-01T04:00:00+00:00,2024-05-03T12:00:00+00:00,SHORT,-377.87,18500.29,SL,bear
2024-05-03T08:00:00+00:00,2024-05-03T16:00:00+00:00,SHORT,-370.3,18129.98,SL,bear
2024-05-03T12:00:00+00:00,2024-05-04T08:00:00+00:00,SHORT,-362.89,17767.1,SL,bear
2024-05-04T04:00:00+00:00,2024-05-06T08:00:00+00:00,SHORT,-355.63,17411.47,SL,bear
2024-05-06T04:00:00+00:00,2024-05-07T20:00:00+00:00,LONG,-348.51,17062.96,SL,bull
2024-05-08T20:00:00+00:00,2024-05-09T20:00:00+00:00,SHORT,-341.53,16721.43,SL,bear
2024-05-09T20:00:00+00:00,2024-05-10T12:00:00+00:00,LONG,-334.7,16386.73,SL,bull
2024-05-10T08:00:00+00:00,2024-05-10T16:00:00+00:00,LONG,-328.0,16058.74,SL,bull
2024-05-10T12:00:00+00:00,2024-05-15T12:00:00+00:00,LONG,481.51,16540.24,TP,bull
2024-05-15T16:00:00+00:00,2024-05-20T16:00:00+00:00,LONG,495.94,17036.18,TP,bull
2024-05-20T12:00:00+00:00,2024-05-20T20:00:00+00:00,LONG,510.81,17547.0,TP,bull
2024-05-20T16:00:00+00:00,2024-05-23T12:00:00+00:00,LONG,-351.22,17195.78,SL,bull
2024-05-23T08:00:00+00:00,2024-05-23T16:00:00+00:00,LONG,-344.19,16851.59,SL,bull
2024-05-23T12:00:00+00:00,2024-06-05T00:00:00+00:00,LONG,505.28,17356.86,TP,bull
2024-06-04T20:00:00+00:00,2024-06-07T16:00:00+00:00,LONG,-347.41,17009.45,SL,bull
2024-06-07T12:00:00+00:00,2024-06-07T20:00:00+00:00,LONG,-340.46,16668.99,SL,bull
2024-06-07T16:00:00+00:00,2024-06-11T04:00:00+00:00,LONG,-333.65,16335.34,SL,bull
2024-06-11T00:00:00+00:00,2024-06-11T12:00:00+00:00,SHORT,489.8,16825.14,TP,bear
2024-06-11T20:00:00+00:00,2024-06-12T12:00:00+00:00,SHORT,-336.77,16488.37,SL,bear
2024-06-13T00:00:00+00:00,2024-06-18T12:00:00+00:00,SHORT,494.39,16982.75,TP,bear
2024-06-18T08:00:00+00:00,2024-06-24T00:00:00+00:00,SHORT,509.21,17491.97,TP,bear
2024-06-23T20:00:00+00:00,2024-06-24T08:00:00+00:00,SHORT,524.48,18016.44,TP,bear
2024-06-24T04:00:00+00:00,2024-06-24T12:00:00+00:00,SHORT,540.21,18556.65,TP,bear
2024-06-24T08:00:00+00:00,2024-06-24T16:00:00+00:00,SHORT,556.4,19113.05,TP,bear
2024-06-24T12:00:00+00:00,2024-06-24T20:00:00+00:00,SHORT,573.09,19686.14,TP,bear
2024-06-24T16:00:00+00:00,2024-06-25T00:00:00+00:00,SHORT,-394.04,19292.1,SL,bear
2024-06-24T20:00:00+00:00,2024-06-25T12:00:00+00:00,SHORT,-386.15,18905.95,SL,bear
2024-06-25T08:00:00+00:00,2024-06-30T20:00:00+00:00,SHORT,-378.42,18527.53,SL,bear
2024-06-30T16:00:00+00:00,2024-07-01T00:00:00+00:00,SHORT,-370.85,18156.68,SL,bear
2024-07-02T04:00:00+00:00,2024-07-03T00:00:00+00:00,SHORT,544.41,18701.09,TP,bear
2024-07-03T00:00:00+00:00,2024-07-04T00:00:00+00:00,SHORT,560.73,19261.82,TP,bear
2024-07-04T00:00:00+00:00,2024-07-05T00:00:00+00:00,SHORT,577.55,19839.37,TP,bear
2024-07-04T20:00:00+00:00,2024-07-05T04:00:00+00:00,SHORT,594.86,20434.23,TP,bear
2024-07-05T00:00:00+00:00,2024-07-06T16:00:00+00:00,SHORT,-409.01,20025.22,SL,bear
2024-07-06T12:00:00+00:00,2024-07-11T12:00:00+00:00,SHORT,-400.82,19624.4,SL,bear
2024-07-11T08:00:00+00:00,2024-07-14T20:00:00+00:00,SHORT,-392.8,19231.6,SL,bear
2024-07-14T16:00:00+00:00,2024-07-15T00:00:00+00:00,LONG,576.64,19808.24,TP,bull
2024-07-14T20:00:00+00:00,2024-07-15T16:00:00+00:00,LONG,593.93,20402.17,TP,bull
2024-07-15T12:00:00+00:00,2024-07-17T00:00:00+00:00,LONG,611.74,21013.91,TP,bull
2024-07-16T20:00:00+00:00,2024-07-27T12:00:00+00:00,LONG,630.08,21643.99,TP,bull
2024-07-27T08:00:00+00:00,2024-07-29T16:00:00+00:00,LONG,-433.23,21210.76,SL,bull
2024-07-29T12:00:00+00:00,2024-07-30T00:00:00+00:00,LONG,-424.55,20786.21,SL,bull
2024-07-31T00:00:00+00:00,2024-08-01T12:00:00+00:00,SHORT,623.25,21409.46,TP,bear
2024-08-01T08:00:00+00:00,2024-08-02T20:00:00+00:00,SHORT,641.94,22051.4,TP,bear
2024-08-02T16:00:00+00:00,2024-08-04T16:00:00+00:00,SHORT,661.19,22712.59,TP,bear
2024-08-04T12:00:00+00:00,2024-08-05T00:00:00+00:00,SHORT,681.01,23393.6,TP,bear
2024-08-04T20:00:00+00:00,2024-08-05T04:00:00+00:00,SHORT,701.43,24095.04,TP,bear
2024-08-05T00:00:00+00:00,2024-08-07T00:00:00+00:00,SHORT,-482.29,23612.75,SL,bear
2024-08-06T20:00:00+00:00,2024-08-08T20:00:00+00:00,LONG,708.0,24320.76,TP,bull
2024-08-08T16:00:00+00:00,2024-08-15T20:00:00+00:00,LONG,-486.8,23833.95,SL,bull
2024-08-15T16:00:00+00:00,2024-08-16T16:00:00+00:00,SHORT,-477.06,23356.89,SL,bear
2024-08-16T12:00:00+00:00,2024-08-20T00:00:00+00:00,SHORT,-467.51,22889.38,SL,bear
2024-08-19T20:00:00+00:00,2024-08-20T04:00:00+00:00,SHORT,-458.15,22431.23,SL,bear
2024-08-20T04:00:00+00:00,2024-08-20T12:00:00+00:00,LONG,-448.98,21982.24,SL,bull
2024-08-20T08:00:00+00:00,2024-08-20T16:00:00+00:00,LONG,-440.0,21542.25,SL,bull
2024-08-21T04:00:00+00:00,2024-08-23T16:00:00+00:00,LONG,645.92,22188.17,TP,bull
2024-08-23T12:00:00+00:00,2024-08-23T20:00:00+00:00,LONG,665.29,22853.46,TP,bull
2024-08-23T16:00:00+00:00,2024-08-27T12:00:00+00:00,LONG,-457.43,22396.02,SL,bull
2024-08-27T08:00:00+00:00,2024-08-27T20:00:00+00:00,LONG,-448.28,21947.75,SL,bull
2024-08-27T16:00:00+00:00,2024-08-28T00:00:00+00:00,LONG,-439.31,21508.44,SL,bull
2024-08-27T20:00:00+00:00,2024-09-04T00:00:00+00:00,SHORT,644.91,22153.35,TP,bear
2024-09-03T20:00:00+00:00,2024-09-06T12:00:00+00:00,SHORT,664.25,22817.59,TP,bear
2024-09-06T08:00:00+00:00,2024-09-06T20:00:00+00:00,SHORT,684.16,23501.76,TP,bear
2024-09-06T16:00:00+00:00,2024-09-09T16:00:00+00:00,SHORT,-470.41,23031.35,SL,bear
2024-09-09T12:00:00+00:00,2024-09-09T20:00:00+00:00,SHORT,-461.0,22570.35,SL,bear
2024-09-09T16:00:00+00:00,2024-09-13T12:00:00+00:00,SHORT,-451.77,22118.58,SL,bear
2024-09-13T12:00:00+00:00,2024-09-16T12:00:00+00:00,LONG,-442.73,21675.86,SL,bull
2024-09-16T08:00:00+00:00,2024-09-17T12:00:00+00:00,LONG,649.93,22325.79,TP,bull
2024-09-17T08:00:00+00:00,2024-09-18T16:00:00+00:00,LONG,669.42,22995.2,TP,bull
2024-09-18T12:00:00+00:00,2024-09-19T00:00:00+00:00,LONG,689.49,23684.69,TP,bull
2024-09-18T20:00:00+00:00,2024-09-26T12:00:00+00:00,LONG,710.16,24394.85,TP,bull
2024-09-26T08:00:00+00:00,2024-09-30T20:00:00+00:00,LONG,-488.29,23906.56,SL,bull
2024-10-01T20:00:00+00:00,2024-10-06T12:00:00+00:00,SHORT,-478.51,23428.05,SL,bear
2024-10-06T08:00:00+00:00,2024-10-07T00:00:00+00:00,SHORT,-468.94,22959.11,SL,bear
2024-10-06T20:00:00+00:00,2024-10-07T12:00:00+00:00,SHORT,-459.55,22499.57,SL,bear
2024-10-07T08:00:00+00:00,2024-10-09T16:00:00+00:00,SHORT,674.63,23174.19,TP,bear
2024-10-09T12:00:00+00:00,2024-10-10T16:00:00+00:00,SHORT,694.85,23869.05,TP,bear
2024-10-10T12:00:00+00:00,2024-10-11T12:00:00+00:00,SHORT,-477.76,23391.28,SL,bear
2024-10-11T16:00:00+00:00,2024-10-14T12:00:00+00:00,LONG,701.36,24092.65,TP,bull
2024-10-14T08:00:00+00:00,2024-10-15T12:00:00+00:00,LONG,722.39,24815.04,TP,bull
2024-10-15T08:00:00+00:00,2024-10-16T08:00:00+00:00,LONG,744.05,25559.1,TP,bull
2024-10-16T04:00:00+00:00,2024-10-28T16:00:00+00:00,LONG,766.36,26325.46,TP,bull
2024-10-28T16:00:00+00:00,2024-10-29T12:00:00+00:00,LONG,789.34,27114.8,TP,bull
2024-10-29T08:00:00+00:00,2024-10-31T20:00:00+00:00,LONG,-542.73,26572.07,SL,bull
2024-10-31T16:00:00+00:00,2024-11-03T00:00:00+00:00,LONG,-531.87,26040.21,SL,bull
2024-11-02T20:00:00+00:00,2024-11-03T12:00:00+00:00,LONG,-521.22,25518.99,SL,bull
2024-11-03T16:00:00+00:00,2024-11-04T20:00:00+00:00,LONG,-510.79,25008.2,SL,bull
2024-11-05T00:00:00+00:00,2024-11-06T00:00:00+00:00,LONG,749.85,25758.04,TP,bull
2024-11-05T20:00:00+00:00,2024-11-06T04:00:00+00:00,LONG,772.33,26530.37,TP,bull
2024-11-06T00:00:00+00:00,2024-11-10T04:00:00+00:00,LONG,795.49,27325.86,TP,bull
2024-11-10T00:00:00+00:00,2024-11-10T08:00:00+00:00,LONG,819.34,28145.2,TP,bull
2024-11-10T04:00:00+00:00,2024-11-11T08:00:00+00:00,LONG,843.91,28989.1,TP,bull
2024-11-11T04:00:00+00:00,2024-11-11T16:00:00+00:00,LONG,869.21,29858.31,TP,bull
2024-11-11T12:00:00+00:00,2024-11-11T20:00:00+00:00,LONG,895.27,30753.58,TP,bull
2024-11-11T16:00:00+00:00,2024-11-13T12:00:00+00:00,LONG,922.12,31675.7,TP,bull
2024-11-13T08:00:00+00:00,2024-11-19T16:00:00+00:00,LONG,949.76,32625.46,TP,bull
2024-11-19T12:00:00+00:00,2024-11-21T04:00:00+00:00,LONG,978.24,33603.71,TP,bull
2024-11-21T00:00:00+00:00,2024-11-26T08:00:00+00:00,LONG,-672.61,32931.09,SL,bull
2024-11-26T08:00:00+00:00,2024-11-27T12:00:00+00:00,SHORT,-659.15,32271.95,SL,bear
2024-11-27T08:00:00+00:00,2024-11-27T16:00:00+00:00,SHORT,-645.96,31625.99,SL,bear
2024-11-27T12:00:00+00:00,2024-12-04T20:00:00+00:00,SHORT,-633.03,30992.96,SL,bear
2024-12-04T20:00:00+00:00,2024-12-05T04:00:00+00:00,LONG,929.29,31922.26,TP,bull
2024-12-05T00:00:00+00:00,2024-12-05T16:00:00+00:00,LONG,-638.96,31283.3,SL,bull
2024-12-05T12:00:00+00:00,2024-12-05T20:00:00+00:00,LONG,-626.17,30657.14,SL,bull
2024-12-05T16:00:00+00:00,2024-12-09T20:00:00+00:00,LONG,-613.63,30043.5,SL,bull
2024-12-09T16:00:00+00:00,2024-12-11T12:00:00+00:00,SHORT,-601.35,29442.15,SL,bear
2024-12-11T12:00:00+00:00,2024-12-16T00:00:00+00:00,LONG,882.79,30324.94,TP,bull
2024-12-15T20:00:00+00:00,2024-12-18T20:00:00+00:00,LONG,-606.98,29717.96,SL,bull
2024-12-18T16:00:00+00:00,2024-12-19T00:00:00+00:00,LONG,-594.83,29123.13,SL,bull
2024-12-19T16:00:00+00:00,2025-01-06T12:00:00+00:00,SHORT,-582.93,28540.2,SL,bear
2025-01-06T08:00:00+00:00,2025-01-06T16:00:00+00:00,LONG,855.75,29395.95,TP,bull
2025-01-06T12:00:00+00:00,2025-01-07T12:00:00+00:00,LONG,-588.39,28807.56,SL,bull
2025-01-07T08:00:00+00:00,2025-01-07T16:00:00+00:00,LONG,-576.61,28230.95,SL,bull
2025-01-07T12:00:00+00:00,2025-01-08T04:00:00+00:00,LONG,-565.07,27665.87,SL,bull
2025-01-08T00:00:00+00:00,2025-01-08T16:00:00+00:00,LONG,-553.76,27112.11,SL,bull
2025-01-08T12:00:00+00:00,2025-01-09T20:00:00+00:00,SHORT,812.93,27925.04,TP,bear
2025-01-10T08:00:00+00:00,2025-01-13T08:00:00+00:00,LONG,-558.95,27366.1,SL,bull
2025-01-13T08:00:00+00:00,2025-01-13T20:00:00+00:00,SHORT,-547.76,26818.34,SL,bear
2025-01-13T16:00:00+00:00,2025-01-14T04:00:00+00:00,SHORT,-536.8,26281.54,SL,bear
2025-01-14T00:00:00+00:00,2025-01-15T12:00:00+00:00,SHORT,-526.05,25755.49,SL,bear
2025-01-15T08:00:00+00:00,2025-01-15T16:00:00+00:00,SHORT,-515.52,25239.97,SL,bear
2025-01-15T12:00:00+00:00,2025-01-17T00:00:00+00:00,SHORT,-505.2,24734.76,SL,bear
2025-01-16T20:00:00+00:00,2025-01-17T16:00:00+00:00,LONG,741.65,25476.41,TP,bull
2025-01-17T12:00:00+00:00,2025-01-19T20:00:00+00:00,LONG,-509.94,24966.48,SL,bull
2025-01-19T16:00:00+00:00,2025-01-20T00:00:00+00:00,LONG,-499.73,24466.75,SL,bull
2025-01-19T20:00:00+00:00,2025-01-20T04:00:00+00:00,SHORT,-489.73,23977.02,SL,bear
2025-01-20T00:00:00+00:00,2025-01-20T08:00:00+00:00,SHORT,-479.92,23497.1,SL,bear
2025-01-20T04:00:00+00:00,2025-01-20T16:00:00+00:00,LONG,-470.32,23026.78,SL,bull
2025-01-20T12:00:00+00:00,2025-01-27T04:00:00+00:00,LONG,-460.9,22565.87,SL,bull
2025-01-27T04:00:00+00:00,2025-01-27T20:00:00+00:00,SHORT,-451.68,22114.2,SL,bear
2025-01-28T16:00:00+00:00,2025-01-30T12:00:00+00:00,SHORT,-442.64,21671.56,SL,bear
2025-01-31T16:00:00+00:00,2025-02-02T16:00:00+00:00,SHORT,649.8,22321.36,TP,bear
2025-02-02T12:00:00+00:00,2025-02-03T00:00:00+00:00,SHORT,669.28,22990.64,TP,bear
2025-02-02T20:00:00+00:00,2025-02-03T04:00:00+00:00,SHORT,689.35,23679.99,TP,bear
2025-02-03T00:00:00+00:00,2025-02-03T12:00:00+00:00,SHORT,-473.98,23206.01,SL,bear
2025-02-03T08:00:00+00:00,2025-02-03T16:00:00+00:00,SHORT,-464.49,22741.52,SL,bear
2025-02-03T16:00:00+00:00,2025-02-04T20:00:00+00:00,LONG,-455.19,22286.33,SL,bull
2025-02-04T16:00:00+00:00,2025-02-24T20:00:00+00:00,SHORT,668.23,22954.56,TP,bear
2025-02-24T16:00:00+00:00,2025-02-25T00:00:00+00:00,SHORT,688.27,23642.83,TP,bear
2025-02-24T20:00:00+00:00,2025-02-25T08:00:00+00:00,SHORT,708.91,24351.74,TP,bear
2025-02-25T04:00:00+00:00,2025-02-26T16:00:00+00:00,SHORT,730.16,25081.9,TP,bear
2025-02-26T12:00:00+00:00,2025-02-26T20:00:00+00:00,SHORT,752.06,25833.96,TP,bear
2025-02-26T16:00:00+00:00,2025-03-02T12:00:00+00:00,SHORT,-517.09,25316.86,SL,bear
2025-03-02T08:00:00+00:00,2025-03-02T16:00:00+00:00,LONG,759.1,26075.96,TP,bull
2025-03-02T12:00:00+00:00,2025-03-02T20:00:00+00:00,LONG,781.86,26857.83,TP,bull
2025-03-02T16:00:00+00:00,2025-03-03T16:00:00+00:00,LONG,-537.59,26320.24,SL,bull
2025-03-03T12:00:00+00:00,2025-03-03T20:00:00+00:00,LONG,-526.83,25793.41,SL,bull
2025-03-03T16:00:00+00:00,2025-03-05T08:00:00+00:00,SHORT,-516.28,25277.13,SL,bear
2025-03-05T04:00:00+00:00,2025-03-09T16:00:00+00:00,LONG,-505.95,24771.19,SL,bull
2025-03-09T20:00:00+00:00,2025-03-14T12:00:00+00:00,SHORT,-495.82,24275.37,SL,bear
2025-03-14T08:00:00+00:00,2025-03-19T20:00:00+00:00,SHORT,-485.9,23789.47,SL,bear
2025-03-19T16:00:00+00:00,2025-03-29T08:00:00+00:00,LONG,-476.17,23313.3,SL,bull
2025-03-31T00:00:00+00:00,2025-03-31T12:00:00+00:00,SHORT,-466.64,22846.66,SL,bear
2025-04-02T20:00:00+00:00,2025-04-06T20:00:00+00:00,SHORT,685.03,23531.7,TP,bear
2025-04-06T16:00:00+00:00,2025-04-07T04:00:00+00:00,SHORT,705.57,24237.27,TP,bear
2025-04-07T00:00:00+00:00,2025-04-07T12:00:00+00:00,SHORT,-485.13,23752.14,SL,bear
2025-04-07T08:00:00+00:00,2025-04-07T20:00:00+00:00,SHORT,-475.42,23276.71,SL,bear
2025-04-07T16:00:00+00:00,2025-04-09T16:00:00+00:00,SHORT,-465.91,22810.81,SL,bear
2025-04-09T12:00:00+00:00,2025-04-09T20:00:00+00:00,SHORT,-456.58,22354.23,SL,bear
2025-04-09T16:00:00+00:00,2025-04-22T12:00:00+00:00,LONG,670.27,23024.5,TP,bull
2025-04-22T08:00:00+00:00,2025-04-22T16:00:00+00:00,LONG,690.37,23714.86,TP,bull
2025-04-22T12:00:00+00:00,2025-04-22T20:00:00+00:00,LONG,711.07,24425.93,TP,bull
2025-04-22T16:00:00+00:00,2025-04-23T12:00:00+00:00,LONG,732.39,25158.32,TP,bull
2025-04-23T08:00:00+00:00,2025-05-01T12:00:00+00:00,LONG,754.35,25912.66,TP,bull
2025-05-01T08:00:00+00:00,2025-05-05T00:00:00+00:00,LONG,-518.67,25393.99,SL,bull
2025-05-06T20:00:00+00:00,2025-05-08T08:00:00+00:00,LONG,761.41,26155.41,TP,bull
2025-05-08T04:00:00+00:00,2025-05-08T20:00:00+00:00,LONG,784.24,26939.65,TP,bull
2025-05-08T16:00:00+00:00,2025-05-10T20:00:00+00:00,LONG,807.76,27747.41,TP,bull
2025-05-10T16:00:00+00:00,2025-05-12T16:00:00+00:00,LONG,-555.39,27192.02,SL,bull
2025-05-12T12:00:00+00:00,2025-05-18T20:00:00+00:00,LONG,815.33,28007.34,TP,bull
2025-05-18T20:00:00+00:00,2025-05-19T04:00:00+00:00,LONG,-560.59,27446.75,SL,bull
2025-05-19T16:00:00+00:00,2025-05-21T16:00:00+00:00,LONG,822.96,28269.71,TP,bull
2025-05-21T12:00:00+00:00,2025-05-29T16:00:00+00:00,LONG,-565.85,27703.87,SL,bull
2025-05-30T12:00:00+00:00,2025-06-05T20:00:00+00:00,SHORT,830.67,28534.54,TP,bear
2025-06-05T16:00:00+00:00,2025-06-06T12:00:00+00:00,SHORT,-571.15,27963.39,SL,bear
2025-06-06T08:00:00+00:00,2025-06-08T16:00:00+00:00,SHORT,-559.72,27403.68,SL,bear
2025-06-09T08:00:00+00:00,2025-06-09T20:00:00+00:00,LONG,821.67,28225.35,TP,bull
2025-06-09T16:00:00+00:00,2025-06-12T12:00:00+00:00,LONG,-564.96,27660.39,SL,bull
2025-06-12T16:00:00+00:00,2025-06-13T00:00:00+00:00,LONG,-553.65,27106.74,SL,bull
2025-06-13T20:00:00+00:00,2025-06-17T16:00:00+00:00,LONG,-542.57,26564.17,SL,bull
2025-06-17T12:00:00+00:00,2025-06-22T12:00:00+00:00,SHORT,796.5,27360.67,TP,bear
2025-06-22T08:00:00+00:00,2025-06-22T16:00:00+00:00,SHORT,820.38,28181.05,TP,bear
2025-06-22T12:00:00+00:00,2025-06-23T00:00:00+00:00,SHORT,-564.07,27616.98,SL,bear
2025-06-22T20:00:00+00:00,2025-06-23T20:00:00+00:00,SHORT,-552.78,27064.2,SL,bear
2025-06-23T20:00:00+00:00,2025-07-03T12:00:00+00:00,LONG,811.49,27875.69,TP,bull
2025-07-03T08:00:00+00:00,2025-07-04T12:00:00+00:00,LONG,-557.96,27317.73,SL,bull
2025-07-04T08:00:00+00:00,2025-07-09T16:00:00+00:00,LONG,819.09,28136.83,TP,bull
2025-07-09T12:00:00+00:00,2025-07-09T20:00:00+00:00,LONG,843.65,28980.48,TP,bull
2025-07-09T16:00:00+00:00,2025-07-10T20:00:00+00:00,LONG,868.95,29849.43,TP,bull
2025-07-10T16:00:00+00:00,2025-07-11T00:00:00+00:00,LONG,895.01,30744.44,TP,bull
2025-07-10T20:00:00+00:00,2025-07-14T00:00:00+00:00,LONG,921.84,31666.28,TP,bull
2025-07-13T20:00:00+00:00,2025-07-14T04:00:00+00:00,LONG,949.48,32615.76,TP,bull
2025-07-14T00:00:00+00:00,2025-07-15T00:00:00+00:00,LONG,-652.84,31962.92,SL,bull
2025-07-14T20:00:00+00:00,2025-07-15T04:00:00+00:00,LONG,-639.77,31323.15,SL,bull
2025-07-15T00:00:00+00:00,2025-08-01T00:00:00+00:00,LONG,-626.96,30696.19,SL,bull
2025-07-31T20:00:00+00:00,2025-08-02T16:00:00+00:00,SHORT,920.39,31616.58,TP,bear
2025-08-02T12:00:00+00:00,2025-08-04T12:00:00+00:00,SHORT,-632.84,30983.75,SL,bear
2025-08-04T08:00:00+00:00,2025-08-07T08:00:00+00:00,SHORT,-620.17,30363.58,SL,bear
2025-08-07T04:00:00+00:00,2025-08-07T12:00:00+00:00,SHORT,-607.76,29755.82,SL,bear
2025-08-07T08:00:00+00:00,2025-08-11T00:00:00+00:00,LONG,892.2,30648.02,TP,bull
2025-08-10T20:00:00+00:00,2025-08-11T04:00:00+00:00,LONG,918.95,31566.97,TP,bull
2025-08-11T00:00:00+00:00,2025-08-11T12:00:00+00:00,LONG,-631.84,30935.12,SL,bull
2025-08-11T08:00:00+00:00,2025-08-11T20:00:00+00:00,LONG,-619.2,30315.93,SL,bull
2025-08-11T16:00:00+00:00,2025-08-13T16:00:00+00:00,LONG,908.99,31224.92,TP,bull
2025-08-13T12:00:00+00:00,2025-08-14T12:00:00+00:00,LONG,-625.0,30599.92,SL,bull
2025-08-14T08:00:00+00:00,2025-08-14T16:00:00+00:00,LONG,-612.49,29987.43,SL,bull
2025-08-14T12:00:00+00:00,2025-08-18T00:00:00+00:00,LONG,-600.23,29387.2,SL,bull
2025-08-18T12:00:00+00:00,2025-08-19T16:00:00+00:00,SHORT,881.15,30268.35,TP,bear
2025-08-19T12:00:00+00:00,2025-08-22T12:00:00+00:00,SHORT,-605.85,29662.5,SL,bear
2025-08-22T08:00:00+00:00,2025-08-22T16:00:00+00:00,SHORT,-593.72,29068.77,SL,bear
2025-08-22T12:00:00+00:00,2025-08-24T16:00:00+00:00,LONG,-581.84,28486.93,SL,bull
2025-08-24T12:00:00+00:00,2025-08-24T20:00:00+00:00,LONG,-570.19,27916.74,SL,bull
2025-08-24T20:00:00+00:00,2025-08-25T08:00:00+00:00,LONG,-558.78,27357.96,SL,bull
2025-08-25T08:00:00+00:00,2025-08-30T00:00:00+00:00,SHORT,820.3,28178.26,TP,bear
2025-08-29T20:00:00+00:00,2025-09-02T12:00:00+00:00,SHORT,-564.02,27614.24,SL,bear
2025-09-02T08:00:00+00:00,2025-09-03T12:00:00+00:00,SHORT,-552.73,27061.52,SL,bear
2025-09-03T08:00:00+00:00,2025-09-11T20:00:00+00:00,LONG,811.41,27872.93,TP,bull
2025-09-11T16:00:00+00:00,2025-09-17T00:00:00+00:00,LONG,835.74,28708.67,TP,bull
2025-09-16T20:00:00+00:00,2025-09-17T16:00:00+00:00,LONG,-574.63,28134.04,SL,bull
2025-09-17T12:00:00+00:00,2025-09-22T00:00:00+00:00,LONG,-563.13,27570.91,SL,bull
2025-09-22T00:00:00+00:00,2025-09-22T08:00:00+00:00,SHORT,826.69,28397.59,TP,bear
2025-09-22T04:00:00+00:00,2025-09-25T16:00:00+00:00,SHORT,851.47,29249.07,TP,bear
2025-09-25T12:00:00+00:00,2025-09-26T08:00:00+00:00,SHORT,877.0,30126.07,TP,bear
2025-09-26T04:00:00+00:00,2025-09-28T20:00:00+00:00,SHORT,-603.0,29523.07,SL,bear
2025-09-28T16:00:00+00:00,2025-09-29T00:00:00+00:00,SHORT,-590.93,28932.13,SL,bear
2025-09-28T20:00:00+00:00,2025-09-29T12:00:00+00:00,SHORT,-579.11,28353.03,SL,bear
2025-09-29T08:00:00+00:00,2025-09-29T16:00:00+00:00,LONG,850.14,29203.16,TP,bull
2025-09-29T12:00:00+00:00,2025-10-01T08:00:00+00:00,LONG,875.63,30078.79,TP,bull
2025-10-01T08:00:00+00:00,2025-10-02T12:00:00+00:00,LONG,901.88,30980.67,TP,bull
2025-10-02T08:00:00+00:00,2025-10-03T12:00:00+00:00,LONG,928.92,31909.6,TP,bull
2025-10-03T08:00:00+00:00,2025-10-03T16:00:00+00:00,LONG,956.78,32866.38,TP,bull
2025-10-03T12:00:00+00:00,2025-10-05T04:00:00+00:00,LONG,985.47,33851.84,TP,bull
2025-10-05T00:00:00+00:00,2025-10-07T12:00:00+00:00,LONG,-677.58,33174.26,SL,bull
2025-10-07T08:00:00+00:00,2025-10-07T16:00:00+00:00,LONG,-664.02,32510.25,SL,bull
2025-10-07T12:00:00+00:00,2025-10-10T12:00:00+00:00,LONG,-650.73,31859.52,SL,bull
2025-10-10T08:00:00+00:00,2025-10-10T16:00:00+00:00,LONG,-637.7,31221.82,SL,bull
2025-10-10T12:00:00+00:00,2025-10-10T20:00:00+00:00,LONG,-624.94,30596.89,SL,bull
2025-10-10T16:00:00+00:00,2025-10-11T00:00:00+00:00,SHORT,917.42,31514.3,TP,bear
2025-10-10T20:00:00+00:00,2025-10-17T08:00:00+00:00,SHORT,944.92,32459.23,TP,bear
2025-10-17T04:00:00+00:00,2025-10-20T00:00:00+00:00,SHORT,-649.7,31809.52,SL,bear
2025-10-19T20:00:00+00:00,2025-10-21T12:00:00+00:00,LONG,953.78,32763.3,TP,bull
2025-10-21T08:00:00+00:00,2025-10-21T16:00:00+00:00,LONG,982.37,33745.68,TP,bull
2025-10-21T12:00:00+00:00,2025-10-21T20:00:00+00:00,LONG,-675.45,33070.22,SL,bull
2025-10-21T16:00:00+00:00,2025-10-22T00:00:00+00:00,LONG,-661.93,32408.29,SL,bull
2025-10-22T08:00:00+00:00,2025-10-23T16:00:00+00:00,SHORT,-648.68,31759.6,SL,bear
2025-10-23T12:00:00+00:00,2025-10-26T20:00:00+00:00,LONG,952.28,32711.88,TP,bull
2025-10-26T16:00:00+00:00,2025-10-29T12:00:00+00:00,LONG,-654.76,32057.12,SL,bull
2025-10-29T08:00:00+00:00,2025-10-29T16:00:00+00:00,LONG,-641.66,31415.47,SL,bull
2025-10-29T12:00:00+00:00,2025-10-30T04:00:00+00:00,LONG,-628.81,30786.66,SL,bull
2025-10-30T04:00:00+00:00,2025-10-30T12:00:00+00:00,LONG,-616.23,30170.43,SL,bull
2025-10-30T12:00:00+00:00,2025-10-31T12:00:00+00:00,SHORT,-603.89,29566.54,SL,bear
2025-10-31T20:00:00+00:00,2025-11-04T04:00:00+00:00,SHORT,886.52,30453.06,TP,bear
2025-11-04T00:00:00+00:00,2025-11-04T16:00:00+00:00,SHORT,913.1,31366.17,TP,bear
2025-11-04T12:00:00+00:00,2025-11-10T00:00:00+00:00,SHORT,-627.83,30738.34,SL,bear
2025-11-09T20:00:00+00:00,2025-11-11T00:00:00+00:00,SHORT,-615.26,30123.08,SL,bear
2025-11-10T20:00:00+00:00,2025-11-12T12:00:00+00:00,SHORT,903.21,31026.29,TP,bear
2025-11-12T08:00:00+00:00,2025-11-12T16:00:00+00:00,SHORT,930.29,31956.59,TP,bear
2025-11-12T12:00:00+00:00,2025-11-14T04:00:00+00:00,SHORT,958.19,32914.77,TP,bear
2025-11-14T00:00:00+00:00,2025-11-16T16:00:00+00:00,SHORT,986.92,33901.69,TP,bear
2025-11-16T12:00:00+00:00,2025-11-18T00:00:00+00:00,SHORT,1016.51,34918.2,TP,bear
2025-11-17T20:00:00+00:00,2025-11-20T16:00:00+00:00,SHORT,1046.99,35965.18,TP,bear
2025-11-20T12:00:00+00:00,2025-11-21T04:00:00+00:00,SHORT,1078.38,37043.56,TP,bear
2025-11-21T00:00:00+00:00,2025-11-26T16:00:00+00:00,SHORT,-741.46,36302.1,SL,bear
2025-11-26T12:00:00+00:00,2025-11-26T20:00:00+00:00,SHORT,-726.62,35575.48,SL,bear
2025-11-27T00:00:00+00:00,2025-12-01T00:00:00+00:00,SHORT,1066.7,36642.17,TP,bear
2025-11-30T20:00:00+00:00,2025-12-01T04:00:00+00:00,LONG,-733.43,35908.74,SL,bull
2025-12-01T00:00:00+00:00,2025-12-02T12:00:00+00:00,SHORT,-718.75,35189.99,SL,bear
2025-12-02T08:00:00+00:00,2025-12-02T16:00:00+00:00,SHORT,-704.36,34485.63,SL,bear
2025-12-02T16:00:00+00:00,2025-12-05T16:00:00+00:00,LONG,-690.26,33795.37,SL,bull
2025-12-08T04:00:00+00:00,2025-12-14T08:00:00+00:00,LONG,-676.45,33118.92,SL,bull
2025-12-14T12:00:00+00:00,2025-12-15T16:00:00+00:00,SHORT,993.04,34111.96,TP,bear
2025-12-15T12:00:00+00:00,2025-12-17T12:00:00+00:00,SHORT,-682.78,33429.17,SL,bear
2025-12-17T08:00:00+00:00,2025-12-18T12:00:00+00:00,SHORT,-669.12,32760.05,SL,bear
2025-12-18T08:00:00+00:00,2025-12-22T08:00:00+00:00,SHORT,-655.73,32104.33,SL,bear
2025-12-22T04:00:00+00:00,2025-12-23T04:00:00+00:00,LONG,-642.6,31461.73,SL,bull
2025-12-24T04:00:00+00:00,2025-12-26T00:00:00+00:00,SHORT,-629.74,30831.99,SL,bear
2025-12-29T00:00:00+00:00,2025-12-29T08:00:00+00:00,LONG,-617.13,30214.86,SL,bull
2025-12-29T04:00:00+00:00,2025-12-29T12:00:00+00:00,LONG,-604.78,29610.07,SL,bull
2025-12-30T20:00:00+00:00,2026-01-04T00:00:00+00:00,LONG,887.83,30497.9,TP,bull
2026-01-03T20:00:00+00:00,2026-01-05T00:00:00+00:00,LONG,914.45,31412.35,TP,bull
2026-01-04T20:00:00+00:00,2026-01-05T12:00:00+00:00,LONG,941.87,32354.22,TP,bull
2026-01-05T08:00:00+00:00,2026-01-06T16:00:00+00:00,LONG,-647.6,31706.62,SL,bull
2026-01-06T12:00:00+00:00,2026-01-07T08:00:00+00:00,LONG,-634.64,31071.98,SL,bull
2026-01-07T04:00:00+00:00,2026-01-07T16:00:00+00:00,LONG,-621.94,30450.04,SL,bull
2026-01-07T12:00:00+00:00,2026-01-13T20:00:00+00:00,LONG,913.01,31363.06,TP,bull
2026-01-13T16:00:00+00:00,2026-01-14T12:00:00+00:00,LONG,940.39,32303.45,TP,bull
2026-01-14T08:00:00+00:00,2026-01-14T20:00:00+00:00,LONG,968.59,33272.03,TP,bull
2026-01-14T16:00:00+00:00,2026-01-16T12:00:00+00:00,LONG,-665.97,32606.06,SL,bull
2026-01-16T08:00:00+00:00,2026-01-19T00:00:00+00:00,LONG,-652.64,31953.42,SL,bull
2026-01-18T20:00:00+00:00,2026-01-20T04:00:00+00:00,LONG,-639.58,31313.84,SL,bull
2026-01-20T00:00:00+00:00,2026-01-20T08:00:00+00:00,LONG,-626.78,30687.06,SL,bull
2026-01-20T16:00:00+00:00,2026-01-25T16:00:00+00:00,SHORT,920.12,31607.18,TP,bear
2026-01-25T12:00:00+00:00,2026-01-25T20:00:00+00:00,SHORT,947.71,32554.89,TP,bear
2026-01-25T16:00:00+00:00,2026-01-26T08:00:00+00:00,SHORT,-651.62,31903.27,SL,bear
2026-01-26T04:00:00+00:00,2026-01-28T08:00:00+00:00,SHORT,-638.58,31264.7,SL,bear
2026-01-28T04:00:00+00:00,2026-01-29T12:00:00+00:00,SHORT,937.44,32202.14,TP,bear
2026-01-29T08:00:00+00:00,2026-01-29T16:00:00+00:00,SHORT,965.55,33167.68,TP,bear
2026-01-29T12:00:00+00:00,2026-01-30T00:00:00+00:00,SHORT,994.5,34162.18,TP,bear
2026-01-29T20:00:00+00:00,2026-01-31T12:00:00+00:00,SHORT,1024.32,35186.5,TP,bear
2026-01-31T08:00:00+00:00,2026-01-31T16:00:00+00:00,SHORT,1055.03,36241.54,TP,bear
2026-01-31T12:00:00+00:00,2026-02-01T12:00:00+00:00,SHORT,1086.67,37328.2,TP,bear
2026-02-01T08:00:00+00:00,2026-02-03T16:00:00+00:00,SHORT,1119.25,38447.45,TP,bear
2026-02-03T12:00:00+00:00,2026-02-04T16:00:00+00:00,SHORT,1152.81,39600.26,TP,bear
2026-02-04T12:00:00+00:00,2026-02-05T12:00:00+00:00,SHORT,1187.37,40787.63,TP,bear
2026-02-05T08:00:00+00:00,2026-02-05T20:00:00+00:00,SHORT,1222.98,42010.61,TP,bear
2026-02-05T16:00:00+00:00,2026-02-06T16:00:00+00:00,SHORT,-840.88,41169.73,SL,bear
2026-02-06T12:00:00+00:00,2026-02-24T00:00:00+00:00,LONG,-824.05,40345.67,SL,bull
2026-02-23T20:00:00+00:00,2026-02-25T12:00:00+00:00,SHORT,-807.56,39538.11,SL,bear
2026-02-25T08:00:00+00:00,2026-02-25T16:00:00+00:00,SHORT,-791.39,38746.72,SL,bear
2026-02-25T16:00:00+00:00,2026-02-26T16:00:00+00:00,LONG,-775.55,37971.16,SL,bull
2026-02-27T08:00:00+00:00,2026-03-02T12:00:00+00:00,SHORT,-760.03,37211.13,SL,bear
